unidade;setor_centro_custo;ano;mes;giro_de_leitos;iisl
CHPB;CAC - CENTRO DE ACOLHIMENTO DE CRISE;2019;1;1,0;7,433333333333332
CHPB;CAC - CENTRO DE ACOLHIMENTO DE CRISE;2019;2;1,0;5,599999999999998
CHPB;CAC - CENTRO DE ACOLHIMENTO DE CRISE;2019;3;0,8;17,95833333333334
CHPB;CAC - CENTRO DE ACOLHIMENTO DE CRISE;2019;4;0,6666666666666666;20,949999999999996
CHPB;CAC - CENTRO DE ACOLHIMENTO DE CRISE;2019;5;1,0632368703108253;11,468750000000002
CHPB;CAC - CENTRO DE ACOLHIMENTO DE CRISE;2019;6;0,7624309392265194;10,130434782608694
CHPB;CAC - CENTRO DE ACOLHIMENTO DE CRISE;2019;7;0,7666666666666667;10,739130434782611
CHPB;CAC - CENTRO DE ACOLHIMENTO DE CRISE;2019;8;0,8866525423728814;6,555555555555556
CHPB;CAC - CENTRO DE ACOLHIMENTO DE CRISE;2019;9;0,9322974472807991;8,892857142857142
CHPB;CAC - CENTRO DE ACOLHIMENTO DE CRISE;2019;10;1,1333333333333333;4,647058823529413
CHPB;CAC - CENTRO DE ACOLHIMENTO DE CRISE;2019;11;0,8250825082508251;5,720000000000002
CHPB;CAC - CENTRO DE ACOLHIMENTO DE CRISE;2019;12;0,9904153354632588;8,033333333333335
CHPB;CAC - CENTRO DE ACOLHIMENTO DE CRISE;2020;1;1,1935828877005348;4,444444444444445
CHPB;CAC - CENTRO DE ACOLHIMENTO DE CRISE;2020;2;0,967741935483871;3,9000000000000012
CHPB;CAC - CENTRO DE ACOLHIMENTO DE CRISE;2020;3;1,1554845580404687;6,457142857142859
CHPB;CAC - CENTRO DE ACOLHIMENTO DE CRISE;2020;4;0,7135135135135136;16,045454545454543
CHPB;CAC - CENTRO DE ACOLHIMENTO DE CRISE;2020;5;0,5666666666666667;19,941176470588236
CHPB;CAC - CENTRO DE ACOLHIMENTO DE CRISE;2020;6;0,5666666666666667;13,882352941176473
CHPB;CAC - CENTRO DE ACOLHIMENTO DE CRISE;2020;7;0,8;7,500000000000002
CHPB;CAC - CENTRO DE ACOLHIMENTO DE CRISE;2020;8;0,8333333333333334;5,799999999999999
CHPB;CAC - CENTRO DE ACOLHIMENTO DE CRISE;2020;9;0,7333333333333333;7,818181818181819
CHPB;CAC - CENTRO DE ACOLHIMENTO DE CRISE;2020;10;0,7666666666666667;3,652173913043478
CHPB;CAC - CENTRO DE ACOLHIMENTO DE CRISE;2020;11;0,6333333333333333;4,8947368421052655
CHPB;CAC - CENTRO DE ACOLHIMENTO DE CRISE;2020;12;1,0333333333333334;4,161290322580644
CHPB;CAC - CENTRO DE ACOLHIMENTO DE CRISE;2021;1;1,0;5,166666666666665
CHPB;CAC - CENTRO DE ACOLHIMENTO DE CRISE;2021;2;0,9333333333333333;3,1785714285714275
CHPB;CAC - CENTRO DE ACOLHIMENTO DE CRISE;2021;3;0,6642857142857143;6,333333333333332
CHPB;CAC - CENTRO DE ACOLHIMENTO DE CRISE;2022;8;0,775;2,291666666666665
CHPB;CAC - CENTRO DE ACOLHIMENTO DE CRISE;2022;9;0,55;7,136363636363637
CHPB;CAC - CENTRO DE ACOLHIMENTO DE CRISE;2022;10;0,6;2,1666666666666696
CHPB;CAC - CENTRO DE ACOLHIMENTO DE CRISE;2022;11;0,775;4,419354838709676
CHPB;CAC - CENTRO DE ACOLHIMENTO DE CRISE;2022;12;0,6;9,04166666666667
CHPB;CAC - CENTRO DE ACOLHIMENTO DE CRISE;2023;1;0,675;3,7777777777777786
CHPB;CAC - CENTRO DE ACOLHIMENTO DE CRISE;2023;2;0,55;3,7727272727272703
CHPB;CAC - CENTRO DE ACOLHIMENTO DE CRISE;2023;3;0,8284482758620689;0,22580645161290472
CHPB;CAC - CENTRO DE ACOLHIMENTO DE CRISE;2023;4;0,65;7,769230769230769
CHPB;CAC - CENTRO DE ACOLHIMENTO DE CRISE;2023;5;1,075;5,651162790697673
CHPB;CAC - CENTRO DE ACOLHIMENTO DE CRISE;2023;6;0,725;5,793103448275862
CHPB;CAC - CENTRO DE ACOLHIMENTO DE CRISE;2023;7;0,925;3,594594594594596
CHPB;CAC - CENTRO DE ACOLHIMENTO DE CRISE;2023;8;0,625;12,840000000000002
CHPB;CAC - CENTRO DE ACOLHIMENTO DE CRISE;2023;9;0,55;9,318181818181815
CHPB;CAC - CENTRO DE ACOLHIMENTO DE CRISE;2023;10;0,9;5,888888888888891
CHPB;CAC - CENTRO DE ACOLHIMENTO DE CRISE;2023;11;0,625;10,12
CHPB;CAC - CENTRO DE ACOLHIMENTO DE CRISE;2023;12;0,7;16,39285714285714
CHPB;CAC - CENTRO DE ACOLHIMENTO DE CRISE;2024;1;0,6;17,791666666666668
CHPB;CAC - CENTRO DE ACOLHIMENTO DE CRISE;2024;2;0,85;11,911764705882353
CHPB;CAC - CENTRO DE ACOLHIMENTO DE CRISE;2024;3;0,45;26,72222222222222
CHPB;CAC - CENTRO DE ACOLHIMENTO DE CRISE;2024;4;0,725;8,862068965517238
CHPB;CAC - CENTRO DE ACOLHIMENTO DE CRISE;2024;5;0,65;12,807692307692308
CHPB;CAC - CENTRO DE ACOLHIMENTO DE CRISE;2024;6;0,63;13,333333333333336
CHPB;CAC/CHPB/CHB;2024;9;0,5;59,0
CHPB;CAC/CHPB/CHB;2024;11;0,5;34,0
CHPB;CAC/CHPB/CHB;2025;1;0,5;48,99999999999999
CHPB;CAC/CHPB/CHB;2025;10;0,5;55,00000000000001
CHPB;CAC/CHPB/CHB;2026;2;1,0;25,5
CHPB;LAR INCLUSIVO;2021;11;0,22304832713754646;6,833333333333336
CHPB;LAR INCLUSIVO;2021;12;0,037037037037037035;198,0
CHPB;LAR INCLUSIVO;2022;1;0,1111111111111111;101,33333333333334
CHPB;LAR INCLUSIVO;2022;4;0,058823529411764705;30,000000000000007
CHPB;LAR INCLUSIVO;2022;6;0,2857142857142857;20,83333333333333
CHPB;LAR INCLUSIVO;2022;7;0,047619047619047616;228,99999999999994
CHPB;LAR INCLUSIVO;2022;8;0,08266666666666667;40,99999999999998
CHPB;LAR INCLUSIVO;2022;11;0,1;28,000000000000014
CHPB;LAR INCLUSIVO;2023;2;0,1111111111111111;6,000000000000007
CHPB;LAR INCLUSIVO;2023;4;0,1;19,000000000000004
CHPB;LAR INCLUSIVO A/CHPB/CHB;2024;8;0,05555555555555555;9,99999999999997
CHPB;LAR INCLUSIVO A/CHPB/CHB;2024;12;0,24171539961013644;22,750000000000007
CHPB;LAR INCLUSIVO A/CHPB/CHB;2025;1;0,08446866485013624;25,000000000000004
CHPB;LAR INCLUSIVO A/CHPB/CHB;2025;5;0,09365558912386707;16,000000000000014
CHPB;LAR INCLUSIVO A/CHPB/CHB;2025;6;0,1;0,0
CHPB;LAR INCLUSIVO A/CHPB/CHB;2025;9;0,1111111111111111;0,0
CHPB;LAR INCLUSIVO A/CHPB/CHB;2026;2;0,12844036697247707;7,000000000000006
CHPB;LAR INCLUSIVO A/CHPB/CHB;2026;5;1,1005917159763314;3,9999999999999987
CHPB;LAR INCLUSIVO B;2021;3;0,09597523219814241;25,000000000000004
CHPB;LAR INCLUSIVO B;2021;4;0,1054481546572935;23,49999999999999
CHPB;LAR INCLUSIVO B;2021;7;0,05656934306569343;50,000000000000036
CHPB;LAR INCLUSIVO B;2021;11;0,058823529411764705;62,00000000000001
CHPB;LAR INCLUSIVO B;2022;10;0,06666666666666667;14,999999999999986
CHPB;LAR INCLUSIVO B;2023;2;0,21428571428571427;1,666666666666665
CHPB;LAR INCLUSIVO B;2023;3;0,15270935960591134;23,99999999999999
CHPB;LAR INCLUSIVO B/CHPB/CHB;2024;9;0,07142857142857142;1,999999999999993
CHPB;LAR INCLUSIVO B/CHPB/CHB;2024;10;0,07142857142857142;16,999999999999996
CHPB;LAR INCLUSIVO B/CHPB/CHB;2024;11;0,07142857142857142;29,999999999999986
CHPB;LAR INCLUSIVO B/CHPB/CHB;2024;12;0,07294117647058823;18,0
CHPB;LAR INCLUSIVO B/CHPB/CHB;2025;1;0,3163265306122449;1,7500000000000049
CHPB;LAR INCLUSIVO B/CHPB/CHB;2025;3;0,08355795148247978;5,000000000000005
CHPB;LAR INCLUSIVO B/CHPB/CHB;2025;4;0,09584664536741214;3,0000000000000044
CHPB;LAR INCLUSIVO B/CHPB/CHB;2025;5;0,1;6,000000000000016
CHPB;LAR INCLUSIVO B/CHPB/CHB;2026;3;0,12653061224489795;1,000000000000012
CHPB;LAR INCLUSIVO B/CHPB/CHB;2026;5;1,24;1,5000000000000013
CHPB;LAR INCLUSIVO C;2021;6;0,05263157894736842;68,00000000000003
CHPB;LAR INCLUSIVO C;2021;11;0,10526315789473684;36,499999999999986
CHPB;LAR INCLUSIVO C;2022;5;0,26666666666666666;26,499999999999993
CHPB;LAR INCLUSIVO C;2022;6;0,13333333333333333;93,0
CHPB;LAR INCLUSIVO C;2023;3;0,08908045977011494;-12,999999999999995
CHPB;LAR INCLUSIVO D;2021;5;0,045454545454545456;47,000000000000036
CHPB;LAR INCLUSIVO D;2021;10;0,047619047619047616;89,99999999999996
CHPB;LAR INCLUSIVO D;2021;12;0,047619047619047616;96,00000000000003
CHPB;LAR INCLUSIVO D;2022;6;0,42857142857142855;24,83333333333333
CHPB;LAR INCLUSIVO D;2022;12;0,14285714285714285;35,999999999999986
CHPB;LAR INCLUSIVO D;2023;3;0,1781609195402299;-11,000000000000016
CHPB;LAR INCLUSIVO E;2022;2;0,1346153846153846;90,0
CHPB;LAR INCLUSIVO E;2022;5;0,25;12,000000000000004
CHPB;LAR INCLUSIVO E;2022;6;0,25;56,99999999999999
CHPB;UIC - UNIDADE INTERCORRENCIAS CLINICAS;2019;1;0,16666666666666666;103,0
CHPB;UIC - UNIDADE INTERCORRENCIAS CLINICAS;2019;2;0,16666666666666666;85,0
CHPB;UIC - UNIDADE INTERCORRENCIAS CLINICAS;2019;3;0,3333333333333333;54,49999999999999
CHPB;UIC - UNIDADE INTERCORRENCIAS CLINICAS;2019;4;0,16666666666666666;107,0
CHPB;UIC - UNIDADE INTERCORRENCIAS CLINICAS;2019;11;0,3333333333333333;34,49999999999999
CHPB;UIC - UNIDADE INTERCORRENCIAS CLINICAS;2019;12;0,8333333333333334;18,8
CHPB;UIC - UNIDADE INTERCORRENCIAS CLINICAS;2020;1;0,16666666666666666;82,00000000000003
CHPB;UIC - UNIDADE INTERCORRENCIAS CLINICAS;2020;2;0,38666666666666666;13,999999999999996
CHPB;UIC - UNIDADE INTERCORRENCIAS CLINICAS;2020;3;0,7560975609756098;
CHPB;UIC - UNIDADE INTERCORRENCIAS CLINICAS;2020;5;0,8493150684931506;
CHPB;UIC - UNIDADE INTERCORRENCIAS CLINICAS;2020;6;0,2631578947368421;
CHPB;UIC - UNIDADE INTERCORRENCIAS CLINICAS;2020;7;0,9538461538461539;
CHPB;UIC - UNIDADE INTERCORRENCIAS CLINICAS;2020;8;0,5849056603773585;
CHPB;UIC - UNIDADE INTERCORRENCIAS CLINICAS;2020;9;0,22388059701492538;
CHPB;UIC - UNIDADE INTERCORRENCIAS CLINICAS;2020;10;0,36046511627906974;
CHPB;UIC - UNIDADE INTERCORRENCIAS CLINICAS;2020;11;0,967741935483871;
CHPB;UIC - UNIDADE INTERCORRENCIAS CLINICAS;2020;12;0,44285714285714284;
CHPB;UIC - UNIDADE INTERCORRENCIAS CLINICAS;2021;1;1,7076271186440677;
CHPB;UIC - UNIDADE INTERCORRENCIAS CLINICAS;2021;3;0,6458333333333334;
CHPB;UIP-FEMININA/CHPB/CHB;2024;7;0,6326530612244898;12,499999999999996
CHPB;UIP-FEMININA/CHPB/CHB;2024;8;0,8571428571428571;6,833333333333331
CHPB;UIP-FEMININA/CHPB/CHB;2024;9;0,7142857142857143;17,2
CHPB;UIP-FEMININA/CHPB/CHB;2024;10;0,5714285714285714;13,125
CHPB;UIP-FEMININA/CHPB/CHB;2024;11;0,7857142857142857;8,818181818181817
CHPB;UIP-FEMININA/CHPB/CHB;2024;12;0,8571428571428571;10,833333333333336
CHPB;UIP-FEMININA/CHPB/CHB;2025;1;0,5;29,57142857142857
CHPB;UIP-FEMININA/CHPB/CHB;2025;2;0,7857142857142857;5,454545454545453
CHPB;UIP-FEMININA/CHPB/CHB;2025;3;0,7857142857142857;2,9090909090909096
CHPB;UIP-FEMININA/CHPB/CHB;2025;4;0,9285714285714286;13,384615384615383
CHPB;UIP-FEMININA/CHPB/CHB;2025;5;0,5714285714285714;17,750000000000004
CHPB;UIP-FEMININA/CHPB/CHB;2025;6;0,7857142857142857;7,818181818181821
CHPB;UIP-FEMININA/CHPB/CHB;2025;7;0,5;14,000000000000002
CHPB;UIP-FEMININA/CHPB/CHB;2025;8;0,8571428571428571;8,5
CHPB;UIP-FEMININA/CHPB/CHB;2025;9;0,3787878787878788;40,4
CHPB;UIP-FEMININA/CHPB/CHB;2025;10;0,7;6,428571428571428
CHPB;UIP-FEMININA/CHPB/CHB;2025;11;0,3;13,666666666666671
CHPB;UIP-FEMININA/CHPB/CHB;2025;12;1,1;4,454545454545455
CHPB;UIP-FEMININA/CHPB/CHB;2026;1;0,7;13,57142857142857
CHPB;UIP-FEMININA/CHPB/CHB;2026;2;1,0;9,200000000000003
CHPB;UIP-FEMININA/CHPB/CHB;2026;3;0,8;11,625000000000002
CHPB;UIP-FEMININA/CHPB/CHB;2026;4;0,7;20,714285714285708
CHPB;UIP-FEMININA/CHPB/CHB;2026;5;0,6;16,999999999999996
CHPB;UIP-MASCULINA/CHPB/CHB;2024;6;1,0;7,874999999999998
CHPB;UIP-MASCULINA/CHPB/CHB;2024;7;0,7329246935201401;16,037037037037038
CHPB;UIP-MASCULINA/CHPB/CHB;2024;8;0,5384615384615384;28,428571428571427
CHPB;UIP-MASCULINA/CHPB/CHB;2024;9;0,7692307692307693;10,299999999999997
CHPB;UIP-MASCULINA/CHPB/CHB;2024;10;0,7692307692307693;16,200000000000003
CHPB;UIP-MASCULINA/CHPB/CHB;2024;11;0,6538461538461539;20,0
CHPB;UIP-MASCULINA/CHPB/CHB;2024;12;0,9230769230769231;14,999999999999998
CHPB;UIP-MASCULINA/CHPB/CHB;2025;1;0,5384615384615384;26,92857142857143
CHPB;UIP-MASCULINA/CHPB/CHB;2025;2;0,6153846153846154;13,374999999999996
CHPB;UIP-MASCULINA/CHPB/CHB;2025;3;0,8076923076923077;11,190476190476192
CHPB;UIP-MASCULINA/CHPB/CHB;2025;4;0,6538461538461539;18,294117647058826
CHPB;UIP-MASCULINA/CHPB/CHB;2025;5;0,5769230769230769;23,866666666666664
CHPB;UIP-MASCULINA/CHPB/CHB;2025;6;0,8461538461538461;9,500000000000002
CHPB;UIP-MASCULINA/CHPB/CHB;2025;7;0,4230769230769231;34,45454545454547
CHPB;UIP-MASCULINA/CHPB/CHB;2025;8;0,5769230769230769;19,066666666666666
CHPB;UIP-MASCULINA/CHPB/CHB;2025;9;0,4032258064516129;25,200000000000006
CHPB;UIP-MASCULINA/CHPB/CHB;2025;10;0,85;4,588235294117649
CHPB;UIP-MASCULINA/CHPB/CHB;2025;11;0,75;5,6
CHPB;UIP-MASCULINA/CHPB/CHB;2025;12;0,4;24,000000000000004
CHPB;UIP-MASCULINA/CHPB/CHB;2026;1;0,95;7,736842105263157
CHPB;UIP-MASCULINA/CHPB/CHB;2026;2;0,5;15,6
CHPB;UIP-MASCULINA/CHPB/CHB;2026;3;0,85;9,176470588235292
CHPB;UIP-MASCULINA/CHPB/CHB;2026;4;0,45;31,666666666666664
CHPB;UIP-MASCULINA/CHPB/CHB;2026;5;0,6;18,583333333333332
CHPB;UNIDADE DE CUIDADOS CONTINUADOS INTEGRADOS;2020;4;0,3333333333333333;66,75
CHPB;UNIDADE DE CUIDADOS CONTINUADOS INTEGRADOS;2020;5;0,5333333333333333;41,125
CHPB;UNIDADE DE CUIDADOS CONTINUADOS INTEGRADOS;2020;6;0,4;29,000000000000007
CHPB;UNIDADE DE CUIDADOS CONTINUADOS INTEGRADOS;2020;7;0,4;32,666666666666664
CHPB;UNIDADE DE CUIDADOS CONTINUADOS INTEGRADOS;2020;8;0,7333333333333333;18,0
CHPB;UNIDADE DE CUIDADOS CONTINUADOS INTEGRADOS;2020;9;0,4666666666666667;27,57142857142857
CHPB;UNIDADE DE CUIDADOS CONTINUADOS INTEGRADOS;2020;10;0,3333333333333333;49,599999999999994
CHPB;UNIDADE DE CUIDADOS CONTINUADOS INTEGRADOS;2020;11;0,2;90,0
CHPB;UNIDADE DE CUIDADOS CONTINUADOS INTEGRADOS;2020;12;0,3333333333333333;42,400000000000006
CHPB;UNIDADE DE CUIDADOS CONTINUADOS INTEGRADOS;2021;1;0,6;35,88888888888889
CHPB;UNIDADE DE CUIDADOS CONTINUADOS INTEGRADOS;2021;2;0,06666666666666667;388,0
CHPB;UNIDADE DE CUIDADOS CONTINUADOS INTEGRADOS;2021;3;0,13333333333333333;218,5
CHPB;UNIDADE DE CUIDADOS CONTINUADOS INTEGRADOS;2021;4;0,13333333333333333;165,5
CHPB;UNIDADE DE CUIDADOS CONTINUADOS INTEGRADOS;2021;5;0,13333333333333333;155,99999999999997
CHPB;UNIDADE DE CUIDADOS CONTINUADOS INTEGRADOS;2021;6;0,13333333333333333;137,5
CHPB;UNIDADE DE CUIDADOS CONTINUADOS INTEGRADOS;2021;7;0,4666666666666667;35,857142857142854
CHPB;UNIDADE DE CUIDADOS CONTINUADOS INTEGRADOS;2021;8;0,26666666666666666;92,5
CHPB;UNIDADE DE CUIDADOS CONTINUADOS INTEGRADOS;2021;9;0,26666666666666666;79,75
CHPB;UNIDADE DE CUIDADOS CONTINUADOS INTEGRADOS;2021;10;0,5333333333333333;23,749999999999996
CHPB;UNIDADE DE CUIDADOS CONTINUADOS INTEGRADOS;2021;11;0,6666666666666666;21,5
CHPB;UNIDADE DE CUIDADOS CONTINUADOS INTEGRADOS;2021;12;0,5333333333333333;31,5
CHPB;UNIDADE DE CUIDADOS CONTINUADOS INTEGRADOS;2022;1;0,4;44,50000000000001
CHPB;UNIDADE DE CUIDADOS CONTINUADOS INTEGRADOS;2022;2;0,5333333333333333;18,875000000000004
CHPB;UNIDADE DE CUIDADOS CONTINUADOS INTEGRADOS;2022;3;0,3333333333333333;25,2
CHPB;UNIDADE DE CUIDADOS CONTINUADOS INTEGRADOS;2022;4;0,6;12,444444444444448
CHPB;UNIDADE DE CUIDADOS CONTINUADOS INTEGRADOS;2022;5;0,5544715447154471;22,999999999999996
CHPB;UNIDADE DE CUIDADOS CONTINUADOS INTEGRADOS;2022;6;0,30434782608695654;49,285714285714285
CHPB;UNIDADE DE CUIDADOS CONTINUADOS INTEGRADOS;2022;7;0,36;44,55555555555554
CHPB;UNIDADE DE CUIDADOS CONTINUADOS INTEGRADOS;2022;8;0,2;46,39999999999999
CHPB;UNIDADE DE CUIDADOS CONTINUADOS INTEGRADOS;2022;9;0,6;10,199999999999996
CHPB;UNIDADE DE CUIDADOS CONTINUADOS INTEGRADOS;2022;10;0,52;7,538461538461539
CHPB;UNIDADE DE CUIDADOS CONTINUADOS INTEGRADOS;2022;11;0,6;14,133333333333331
CHPB;UNIDADE DE CUIDADOS CONTINUADOS INTEGRADOS;2022;12;0,6;15,333333333333334
CHPB;UNIDADE DE CUIDADOS CONTINUADOS INTEGRADOS;2023;1;0,52;22,923076923076923
CHPB;UNIDADE DE CUIDADOS CONTINUADOS INTEGRADOS;2023;2;0,52;9,153846153846157
CHPB;UNIDADE DE CUIDADOS CONTINUADOS INTEGRADOS;2023;3;0,6413793103448275;12,733333333333334
CHPB;UNIDADE DE CUIDADOS CONTINUADOS INTEGRADOS;2023;4;0,72;12,11111111111111
CHPB;UNIDADE DE CUIDADOS CONTINUADOS INTEGRADOS;2023;5;0,6;7,200000000000004
CHPB;UNIDADE DE CUIDADOS CONTINUADOS INTEGRADOS;2023;6;0,64;2,3125000000000004
CHPB;UNIDADE DE CUIDADOS CONTINUADOS INTEGRADOS;2023;7;0,48;5,250000000000001
CHPB;UNIDADE DE CUIDADOS CONTINUADOS INTEGRADOS;2023;8;0,76;8,157894736842103
CHPB;UNIDADE DE CUIDADOS CONTINUADOS INTEGRADOS;2023;9;0,44;4,727272727272729
CHPB;UNIDADE DE CUIDADOS CONTINUADOS INTEGRADOS;2023;10;0,52;14,692307692307693
CHPB;UNIDADE DE CUIDADOS CONTINUADOS INTEGRADOS;2023;11;0,44;7,727272727272724
CHPB;UNIDADE DE CUIDADOS CONTINUADOS INTEGRADOS;2023;12;0,76;7,894736842105265
CHPB;UNIDADE DE CUIDADOS CONTINUADOS INTEGRADOS;2024;1;0,72;17,72222222222222
CHPB;UNIDADE DE CUIDADOS CONTINUADOS INTEGRADOS;2024;2;0,8;10,799999999999997
CHPB;UNIDADE DE CUIDADOS CONTINUADOS INTEGRADOS;2024;3;0,64;6,937499999999998
CHPB;UNIDADE DE CUIDADOS CONTINUADOS INTEGRADOS;2024;4;0,8;6,300000000000002
CHPB;UNIDADE DE CUIDADOS CONTINUADOS INTEGRADOS;2024;5;0,56;4,8571428571428585
CHPB;UNIDADE DE CUIDADOS CONTINUADOS INTEGRADOS;2024;6;0,624;8,538461538461538
CHPB;UNIDADE DE CUIDADOS PROLONGADOS/CHPB/CHB;2024;6;0,18518518518518517;14,999999999999995
CHPB;UNIDADE DE CUIDADOS PROLONGADOS/CHPB/CHB;2024;7;0,7163029525032092;2,8333333333333353
CHPB;UNIDADE DE CUIDADOS PROLONGADOS/CHPB/CHB;2024;8;0,64;5,624999999999997
CHPB;UNIDADE DE CUIDADOS PROLONGADOS/CHPB/CHB;2024;9;0,52;2,923076923076921
CHPB;UNIDADE DE CUIDADOS PROLONGADOS/CHPB/CHB;2024;10;1,08;5,592592592592592
CHPB;UNIDADE DE CUIDADOS PROLONGADOS/CHPB/CHB;2024;11;0,68;4,4117647058823515
CHPB;UNIDADE DE CUIDADOS PROLONGADOS/CHPB/CHB;2024;12;0,64;3,7499999999999987
CHPB;UNIDADE DE CUIDADOS PROLONGADOS/CHPB/CHB;2025;1;0,6;2,133333333333332
CHPB;UNIDADE DE CUIDADOS PROLONGADOS/CHPB/CHB;2025;2;0,64;1,4374999999999978
CHPB;UNIDADE DE CUIDADOS PROLONGADOS/CHPB/CHB;2025;3;0,64;1,8125000000000027
CHPB;UNIDADE DE CUIDADOS PROLONGADOS/CHPB/CHB;2025;4;0,88;6,181818181818183
CHPB;UNIDADE DE CUIDADOS PROLONGADOS/CHPB/CHB;2025;5;0,88;7,3636363636363615
CHPB;UNIDADE DE CUIDADOS PROLONGADOS/CHPB/CHB;2025;6;0,84;3,428571428571427
CHPB;UNIDADE DE CUIDADOS PROLONGADOS/CHPB/CHB;2025;7;0,96;5,041666666666667
CHPB;UNIDADE DE CUIDADOS PROLONGADOS/CHPB/CHB;2025;8;0,76;3,526315789473683
CHPB;UNIDADE DE CUIDADOS PROLONGADOS/CHPB/CHB;2025;9;0,6;8,533333333333331
CHPB;UNIDADE DE CUIDADOS PROLONGADOS/CHPB/CHB;2025;10;0,72;2,3333333333333335
CHPB;UNIDADE DE CUIDADOS PROLONGADOS/CHPB/CHB;2025;11;0,6;3,3999999999999977
CHPB;UNIDADE DE CUIDADOS PROLONGADOS/CHPB/CHB;2025;12;0,84;3,0476190476190497
CHPB;UNIDADE DE CUIDADOS PROLONGADOS/CHPB/CHB;2026;1;0,72;3,111111111111111
CHPB;UNIDADE DE CUIDADOS PROLONGADOS/CHPB/CHB;2026;2;0,76;1,3157894736842097
CHPB;UNIDADE DE CUIDADOS PROLONGADOS/CHPB/CHB;2026;3;1,12;4,571428571428572
CHPB;UNIDADE DE CUIDADOS PROLONGADOS/CHPB/CHB;2026;4;1,0;3,9200000000000013
CHPB;UNIDADE DE CUIDADOS PROLONGADOS/CHPB/CHB;2026;5;0,603112840466926;1,8666666666666656
CHPB;UNIDADE DE TRATAMENTO CLINICO;2021;4;0,46875;
CHPB;UNIDADE DE TRATAMENTO CLINICO;2021;5;0,23308270676691728;
CHPB;UNIDADE DE TRATAMENTO CLINICO;2021;6;0,297029702970297;
CHPB;UNIDADE DE TRATAMENTO CLINICO;2021;7;1,2077922077922079;
CHPB;UNIDADE DE TRATAMENTO CLINICO;2021;8;1,9682539682539681;
CHPB;UNIDADE DE TRATAMENTO CLINICO;2021;9;0,3157894736842105;
CHPB;UNIDADE DE TRATAMENTO CLINICO;2021;10;0,6739130434782609;
CHPB;UNIDADE DE TRATAMENTO CLINICO;2021;11;0,5660377358490566;
CHPB;UNIDADE DE TRATAMENTO CLINICO;2021;12;3,875;
CHPB;UNIDADE DE TRATAMENTO CLINICO;2022;1;0,45588235294117646;
CHPB;UNIDADE DE TRATAMENTO CLINICO;2022;2;1,6470588235294117;
CHPB;UNIDADE DE TRATAMENTO CLINICO;2022;4;2,727272727272727;
CHPB;UNIDADE DE TRATAMENTO CLINICO;2022;5;1,8235294117647058;
CHPB;UNIDADE INTERNAÇÃO - PSIQUIATRIA;2021;3;1,1549019607843136;4,631578947368423
CHPB;UNIDADE INTERNAÇÃO - PSIQUIATRIA;2021;4;0,8;5,125000000000002
CHPB;UNIDADE INTERNAÇÃO - PSIQUIATRIA;2021;5;0,7666666666666667;4,652173913043481
CHPB;UNIDADE INTERNAÇÃO - PSIQUIATRIA;2021;6;1,0;4,533333333333332
CHPB;UNIDADE INTERNAÇÃO - PSIQUIATRIA;2021;7;0,7666666666666667;5,8260869565217375
CHPB;UNIDADE INTERNAÇÃO - PSIQUIATRIA;2021;8;0,6333333333333333;8,31578947368421
CHPB;UNIDADE INTERNAÇÃO - PSIQUIATRIA;2021;9;0,6919275123558485;10,178571428571429
CHPB;UNIDADE INTERNAÇÃO - PSIQUIATRIA;2021;10;0,85;4,029411764705881
CHPB;UNIDADE INTERNAÇÃO - PSIQUIATRIA;2021;11;0,7243963363863447;11,379310344827585
CHPB;UNIDADE INTERNAÇÃO - PSIQUIATRIA;2021;12;0,675;17,40740740740741
CHPB;UNIDADE INTERNAÇÃO - PSIQUIATRIA;2022;1;0,35;39,35714285714286
CHPB;UNIDADE INTERNAÇÃO - PSIQUIATRIA;2022;2;0,425;26,47058823529412
CHPB;UNIDADE INTERNAÇÃO - PSIQUIATRIA;2022;3;0,475;11,052631578947366
CHPB;UNIDADE INTERNAÇÃO - PSIQUIATRIA;2022;4;0,6755629691409508;6,6296296296296315
CHPB;UNIDADE INTERNAÇÃO - PSIQUIATRIA;2022;5;0,525;12,047619047619046
CHPB;UNIDADE INTERNAÇÃO - PSIQUIATRIA;2022;6;0,5882352941176471;9,34782608695652
CHPB;UNIDADE INTERNAÇÃO - PSIQUIATRIA;2022;7;0,7654320987654321;4,766666666666667
CHPB;UNIDADE INTERNAÇÃO - PSIQUIATRIA;2022;8;0,5867507886435331;-2,9999999999999996
CHPB;UNIDADE INTERNAÇÃO - PSIQUIATRIA;2022;10;5,166666666666667;
CHPB;UNIDADE INTERNAÇÃO - PSIQUIATRIA;2023;1;7,75;
CHPB;UNIDADE INTERNAÇÃO - PSIQUIATRIA;2023;4;2,142857142857143;
CHPB;UNIDADE INTERNAÇÃO - PSIQUIATRIA;2023;5;1,631578947368421;
CHPB;UNIDADE INTERNAÇÃO - PSIQUIATRIA;2023;6;5,454545454545454;
CHPB;UNIDADE INTERNAÇÃO - PSIQUIATRIA;2023;10;0,8611111111111112;
CHPB;UNIDADE INTERNAÇÃO - PSIQUIATRIA;2023;12;0,96875;
CHPB;UNIDADE INTERNAÇÃO - PSIQUIATRIA;2024;2;0,6304347826086957;
CHPB;UNIDADE INTERNAÇÃO - PSIQUIATRIA;2024;3;0,8157894736842105;
CHPB;UNIDADE INTERNAÇÃO - PSIQUIATRIA;2024;5;0,775;
CHPB;UNIDADE INTERNAÇÃO - PSIQUIATRIA CASA LAR 1;2019;7;0,12916666666666668;7,999999999999998
CHPB;UNIDADE INTERNAÇÃO - PSIQUIATRIA CASA LAR 1;2019;8;0,14285714285714285;6,999999999999994
CHPB;UNIDADE INTERNAÇÃO - PSIQUIATRIA CASA LAR 1;2019;9;0,1477832512315271;5,999999999999992
CHPB;UNIDADE INTERNAÇÃO - PSIQUIATRIA CASA LAR 1;2020;1;0,12757201646090535;17,999999999999996
CHPB;UNIDADE INTERNAÇÃO - PSIQUIATRIA CASA LAR 1;2020;7;0,25;6,999999999999994
CHPB;UNIDADE INTERNAÇÃO - PSIQUIATRIA CASA LAR 2;2019;1;0,43661971830985913;1,9999999999999973
CHPB;UNIDADE INTERNAÇÃO - PSIQUIATRIA CASA LAR 2;2019;3;0,2818181818181818;0,9999999999999942
CHPB;UNIDADE INTERNAÇÃO - PSIQUIATRIA CASA LAR 2;2019;9;0,25;0,9999999999999964
CHPB;UNIDADE INTERNAÇÃO - PSIQUIATRIA CASA LAR 2;2020;4;0,3125;6,0
CHPB;UNIDADE INTERNAÇÃO - PSIQUIATRIA CASA LAR 3;2019;2;0,14285714285714285;19,00000000000001
CHPB;UNIDADE INTERNAÇÃO - PSIQUIATRIA CASA LAR 3;2020;2;0,13063063063063063;0,0
CHPB;UNIDADE INTERNAÇÃO - PSIQUIATRIA CASA LAR 3;2020;5;0,14285714285714285;31,00000000000001
CHPB;UNIDADE INTERNAÇÃO - PSIQUIATRIA CASA LAR 3;2020;9;0,16666666666666666;13,99999999999999
CHPB;UNIDADE INTERNAÇÃO - PSIQUIATRIA MÓDULO RESIDENCIAL 2;2019;1;0,041666666666666664;14,999999999999988
CHPB;UNIDADE INTERNAÇÃO - PSIQUIATRIA MÓDULO RESIDENCIAL 2;2019;2;0,125;1,6666666666666607
CHPB;UNIDADE INTERNAÇÃO - PSIQUIATRIA MÓDULO RESIDENCIAL 2;2019;9;0,043478260869565216;2,9999999999999827
CHPB;UNIDADE INTERNAÇÃO - PSIQUIATRIA MÓDULO RESIDENCIAL 2;2019;10;0,13043478260869565;3,9999999999999996
CHPB;UNIDADE INTERNAÇÃO - PSIQUIATRIA MÓDULO RESIDENCIAL 2;2019;11;0,043478260869565216;44,00000000000003
CHPB;UNIDADE INTERNAÇÃO - PSIQUIATRIA MÓDULO RESIDENCIAL 2;2019;12;0,13043478260869565;11,66666666666666
CHPB;UNIDADE INTERNAÇÃO - PSIQUIATRIA MÓDULO RESIDENCIAL 2;2020;1;0,09872611464968153;10,666666666666664
CHPB;UNIDADE INTERNAÇÃO - PSIQUIATRIA MÓDULO RESIDENCIAL 2;2020;3;0,034482758620689655;25,0
CHPB;UNIDADE INTERNAÇÃO - PSIQUIATRIA MÓDULO RESIDENCIAL 2;2020;6;0,06912442396313365;28,000000000000025
CHPB;UNIDADE INTERNAÇÃO - PSIQUIATRIA MÓDULO RESIDENCIAL 2;2020;8;0,07142857142857142;6,999999999999994
CHPB;UNIDADE INTERNAÇÃO - PSIQUIATRIA MÓDULO RESIDENCIAL 2;2020;9;0,037037037037037035;20,999999999999986
CHPB;UNIDADE INTERNAÇÃO - PSIQUIATRIA MÓDULO RESIDENCIAL 2;2020;12;0,038461538461538464;10,99999999999997
CHPB;UNIDADE INTERNAÇÃO - PSIQUIATRIA MÓDULO RESIDENCIAL 3;2019;5;0,058823529411764705;3,9999999999999893
CHPB;UNIDADE INTERNAÇÃO - PSIQUIATRIA MÓDULO RESIDENCIAL 3;2019;10;0,058823529411764705;12,999999999999995
CHPB;UNIDADE INTERNAÇÃO - PSIQUIATRIA MÓDULO RESIDENCIAL 3;2020;1;0,043478260869565216;77,00000000000003
CHPB;UNIDADE INTERNAÇÃO - PSIQUIATRIA MÓDULO RESIDENCIAL 3;2020;6;0,04608294930875576;5,000000000000027
CHPB;UNIDADE INTERNAÇÃO - PSIQUIATRIA MÓDULO RESIDENCIAL 3;2020;11;0,05;10,999999999999988
CHPB;UNIDADE INTERNAÇÃO - PSIQUIATRIA MÓDULO RESIDENCIAL 4;2019;2;0,05263157894736842;8,999999999999977
CHPB;UNIDADE INTERNAÇÃO - PSIQUIATRIA MÓDULO RESIDENCIAL 4;2019;7;0,05555555555555555;8,999999999999991
CHPB;UNIDADE INTERNAÇÃO - PSIQUIATRIA MÓDULO RESIDENCIAL 4;2019;10;0,05555555555555555;2,000000000000019
CHPB;UNIDADE INTERNAÇÃO - PSIQUIATRIA MÓDULO RESIDENCIAL 4;2020;1;0,051926298157453935;3,9999999999999734
CHPB;UNIDADE INTERNAÇÃO - PSIQUIATRIA MÓDULO RESIDENCIAL 4;2020;2;0,047619047619047616;0,9999999999999988
CHPB;UNIDADE INTERNAÇÃO - PSIQUIATRIA MÓDULO RESIDENCIAL 4;2020;4;0,04926108374384237;36,00000000000003
CHPB;UNIDADE INTERNAÇÃO - PSIQUIATRIA MÓDULO RESIDENCIAL 4;2020;5;0,04975922953451043;27,000000000000004
CHPB;UNIDADE INTERNAÇÃO - PSIQUIATRIA MÓDULO RESIDENCIAL 4;2020;9;0,05;36,000000000000036
CHPB;UNIDADE INTERNAÇÃO - PSIQUIATRIA MÓDULO RESIDENCIAL 5;2019;5;0,15789473684210525;19,999999999999993
CHPB;UNIDADE INTERNAÇÃO - PSIQUIATRIA MÓDULO RESIDENCIAL 5;2019;6;0,15789473684210525;17,33333333333332
CHPB;UNIDADE INTERNAÇÃO - PSIQUIATRIA MÓDULO RESIDENCIAL 5;2019;9;0,05263157894736842;4,000000000000012
CHPB;UNIDADE INTERNAÇÃO - PSIQUIATRIA MÓDULO RESIDENCIAL 5;2019;12;0,04532163742690058;22,000000000000018
CHPB;UNIDADE INTERNAÇÃO - PSIQUIATRIA MÓDULO RESIDENCIAL 5;2020;2;0,041666666666666664;41,0
CHPB;UNIDADE INTERNAÇÃO - PSIQUIATRIA MÓDULO RESIDENCIAL 5;2020;3;0,041666666666666664;16,999999999999982
CHPB;UNIDADE INTERNAÇÃO - PSIQUIATRIA MÓDULO RESIDENCIAL 5;2020;9;0,041666666666666664;48,999999999999986
CHPB;UNIDADE INTERNAÇÃO - PSIQUIATRIA MÓDULO RESIDENCIAL 5;2020;11;0,041666666666666664;22,0
CSPD;UNIDADE DE CUIDADOS CONTINUADOS INTEGRADOS;2022;9;0,9090909090909091;4,0
CSPD;UNIDADE DE CUIDADOS CONTINUADOS INTEGRADOS;2022;10;1,065625;10,454545454545455
CSPD;UNIDADE DE CUIDADOS CONTINUADOS INTEGRADOS;2022;11;0,2;42,99999999999999
CSPD;UNIDADE DE CUIDADOS CONTINUADOS INTEGRADOS;2022;12;1,1;9,454545454545453
CSPD;UNIDADE DE CUIDADOS CONTINUADOS INTEGRADOS;2023;1;0,8;11,874999999999996
CSPD;UNIDADE DE CUIDADOS CONTINUADOS INTEGRADOS;2023;2;0,7;4,428571428571431
CSPD;UNIDADE DE CUIDADOS CONTINUADOS INTEGRADOS;2023;3;0,7482758620689656;6,7142857142857135
CSPD;UNIDADE DE CUIDADOS CONTINUADOS INTEGRADOS;2023;4;0,8;5,250000000000001
CSPD;UNIDADE DE CUIDADOS CONTINUADOS INTEGRADOS;2023;5;1,1;4,999999999999999
CSPD;UNIDADE DE CUIDADOS CONTINUADOS INTEGRADOS;2023;6;1,0;4,6
CSPD;UNIDADE DE CUIDADOS CONTINUADOS INTEGRADOS;2023;7;1,1;7,272727272727273
CSPD;UNIDADE DE CUIDADOS CONTINUADOS INTEGRADOS;2023;8;1,0;5,6000000000000005
CSPD;UNIDADE DE CUIDADOS CONTINUADOS INTEGRADOS;2023;9;1,2;3,0833333333333326
CSPD;UNIDADE DE CUIDADOS CONTINUADOS INTEGRADOS;2023;10;1,5376;8,612903225806454
CSPD;UNIDADE DE CUIDADOS CONTINUADOS INTEGRADOS;2023;11;1,2903225806451613;20,125000000000004
CSPD;UNIDADE DE INTERNAÇÃO DE CUIDADOS PROLONGADOS;2023;11;2,782258064516129;-16,217391304347828
CSPD;UNIDADE DE INTERNAÇÃO DE CUIDADOS PROLONGADOS;2023;12;1,122791519434629;6,585365853658538
CSPD;UNIDADE DE INTERNAÇÃO DE CUIDADOS PROLONGADOS;2024;1;1,125;8,08888888888889
CSPD;UNIDADE DE INTERNAÇÃO DE CUIDADOS PROLONGADOS;2024;2;0,775;14,032258064516128
CSPD;UNIDADE DE INTERNAÇÃO DE CUIDADOS PROLONGADOS;2024;3;1,125;9,866666666666667
CSPD;UNIDADE DE INTERNAÇÃO DE CUIDADOS PROLONGADOS;2024;4;1,25;3,380000000000001
CSPD;UNIDADE DE INTERNAÇÃO DE CUIDADOS PROLONGADOS;2024;5;1,175;4,021276595744681
CSPD;UNIDADE INTERNAÇÃO - CLINICA MÉDICA;2019;1;1,65;10,87878787878788
CSPD;UNIDADE INTERNAÇÃO - CLINICA MÉDICA;2019;2;2,2;4,204545454545456
CSPD;UNIDADE INTERNAÇÃO - CLINICA MÉDICA;2019;3;1,3;10,384615384615381
CSPD;UNIDADE INTERNAÇÃO - CLINICA MÉDICA;2019;4;1,9;2,5789473684210527
CSPD;UNIDADE INTERNAÇÃO - CLINICA MÉDICA;2019;5;1,8;4,38888888888889
CSPD;UNIDADE INTERNAÇÃO - CLINICA MÉDICA;2019;6;2,45;3,36734693877551
CSPD;UNIDADE INTERNAÇÃO - CLINICA MÉDICA;2019;7;1,75;5,828571428571427
CSPD;UNIDADE INTERNAÇÃO - CLINICA MÉDICA;2019;8;1,85;4,702702702702703
CSPD;UNIDADE INTERNAÇÃO - CLINICA MÉDICA;2019;9;1,9;3,605263157894738
CSPD;UNIDADE INTERNAÇÃO - CLINICA MÉDICA;2019;10;1,7;6,85294117647059
CSPD;UNIDADE INTERNAÇÃO - CLINICA MÉDICA;2019;11;1,6483516483516483;5,166666666666666
CSPD;UNIDADE INTERNAÇÃO - CLINICA MÉDICA;2019;12;1,4;9,785714285714285
CSPD;UNIDADE INTERNAÇÃO - CLINICA MÉDICA;2020;1;2,25;5,311111111111112
CSPD;UNIDADE INTERNAÇÃO - CLINICA MÉDICA;2020;2;2,35;4,680851063829787
CSPD;UNIDADE INTERNAÇÃO - CLINICA MÉDICA;2020;3;1,7;6,617647058823529
CSPD;UNIDADE INTERNAÇÃO - CLINICA MÉDICA;2020;4;0,95;19,57894736842105
CSPD;UNIDADE INTERNAÇÃO - CLINICA MÉDICA;2020;5;0,8367071524966262;26,5
CSPD;UNIDADE INTERNAÇÃO - CLINICA MÉDICA;2020;6;0,7419354838709677;28,391304347826086
CSPD;UNIDADE INTERNAÇÃO - CLINICA MÉDICA;2020;7;0,5483870967741935;39,41176470588235
CSPD;UNIDADE INTERNAÇÃO - CLINICA MÉDICA;2020;8;0,7741935483870968;29,708333333333336
CSPD;UNIDADE INTERNAÇÃO - CLINICA MÉDICA;2020;9;1,0;20,06451612903226
CSPD;UNIDADE INTERNAÇÃO - CLINICA MÉDICA;2020;10;0,967741935483871;20,133333333333333
CSPD;UNIDADE INTERNAÇÃO - CLINICA MÉDICA;2020;11;0,5806451612903226;35,33333333333333
CSPD;UNIDADE INTERNAÇÃO - CLINICA MÉDICA;2020;12;1,032258064516129;22,5
CSPD;UNIDADE INTERNAÇÃO - CLINICA MÉDICA;2021;1;0,967741935483871;22,866666666666664
CSPD;UNIDADE INTERNAÇÃO - CLINICA MÉDICA;2021;2;0,9032258064516129;23,14285714285714
CSPD;UNIDADE INTERNAÇÃO - CLINICA MÉDICA;2021;3;0,8064516129032258;27,96
CSPD;UNIDADE INTERNAÇÃO - CLINICA MÉDICA;2021;4;1,1290322580645162;18,17142857142857
CSPD;UNIDADE INTERNAÇÃO - CLINICA MÉDICA;2021;5;0,8064516129032258;27,079999999999995
CSPD;UNIDADE INTERNAÇÃO - CLINICA MÉDICA;2021;6;1,1290322580645162;17,22857142857143
CSPD;UNIDADE INTERNAÇÃO - CLINICA MÉDICA;2021;7;0,967741935483871;16,899999999999995
CSPD;UNIDADE INTERNAÇÃO - CLINICA MÉDICA;2021;8;1,032258064516129;16,03125
CSPD;UNIDADE INTERNAÇÃO - CLINICA MÉDICA;2021;9;1,1290322580645162;16,6
CSPD;UNIDADE INTERNAÇÃO - CLINICA MÉDICA;2021;10;0,8709677419354839;24,222222222222218
CSPD;UNIDADE INTERNAÇÃO - CLINICA MÉDICA;2021;11;1,2903225806451613;13,85
CSPD;UNIDADE INTERNAÇÃO - CLINICA MÉDICA;2021;12;1,1612903225806452;16,416666666666668
CSPD;UNIDADE INTERNAÇÃO - CLINICA MÉDICA;2022;1;1,096774193548387;17,147058823529413
CSPD;UNIDADE INTERNAÇÃO - CLINICA MÉDICA;2022;2;0,8064516129032258;26,8
CSPD;UNIDADE INTERNAÇÃO - CLINICA MÉDICA;2022;3;1,032258064516129;18,687499999999996
CSPD;UNIDADE INTERNAÇÃO - CLINICA MÉDICA;2022;4;1,2903225806451613;12,2
CSPD;UNIDADE INTERNAÇÃO - CLINICA MÉDICA;2022;5;1,6774193548387097;8,942307692307693
CSPD;UNIDADE INTERNAÇÃO - CLINICA MÉDICA;2022;6;1,1612903225806452;10,222222222222223
CSPD;UNIDADE INTERNAÇÃO - CLINICA MÉDICA;2022;7;1,3225806451612903;9,292682926829267
CSPD;UNIDADE INTERNAÇÃO - CLINICA MÉDICA;2022;8;1,3870967741935485;8,279069767441863
CSPD;UNIDADE INTERNAÇÃO - CLINICA MÉDICA;2022;9;1,2666666666666666;10,394736842105262
CSPD;UNIDADE INTERNAÇÃO - CLINICA MÉDICA;2022;10;1,0952380952380953;16,869565217391305
CSPD;UNIDADE INTERNAÇÃO - CLINICA MÉDICA;2022;11;1,0952380952380953;13,217391304347824
CSPD;UNIDADE INTERNAÇÃO - CLINICA MÉDICA;2022;12;1,0;20,809523809523807
CSPD;UNIDADE INTERNAÇÃO - CLINICA MÉDICA;2023;1;1,3333333333333333;13,714285714285715
CSPD;UNIDADE INTERNAÇÃO - CLINICA MÉDICA;2023;2;0,7619047619047619;12,500000000000002
CSPD;UNIDADE INTERNAÇÃO - CLINICA MÉDICA;2023;3;1,5245901639344261;3,9999999999999996
CSPD;UNIDADE INTERNAÇÃO - CLINICA MÉDICA;2023;4;1,0952380952380953;9,347826086956523
CSPD;UNIDADE INTERNAÇÃO - CLINICA MÉDICA;2023;5;1,5238095238095237;6,75
CSPD;UNIDADE INTERNAÇÃO - CLINICA MÉDICA;2023;6;1,0;7,285714285714287
CSPD;UNIDADE INTERNAÇÃO - CLINICA MÉDICA;2023;7;0,9047619047619048;12,73684210526316
CSPD;UNIDADE INTERNAÇÃO - CLINICA MÉDICA;2023;8;1,5238095238095237;5,687499999999999
CSPD;UNIDADE INTERNAÇÃO - CLINICA MÉDICA;2023;9;1,0;7,285714285714287
CSPD;UNIDADE INTERNAÇÃO - CLINICA MÉDICA;2023;10;0,7380952380952381;17,125
CSSFA;UNIDADE DE INTERNACAO CCI Cuidados Continuados Integ;2019;1;0,13793103448275862;122,49999999999999
CSSFA;UNIDADE DE INTERNACAO CCI Cuidados Continuados Integ;2019;2;0,3464566929133858;34,72727272727273
CSSFA;UNIDADE DE INTERNACAO CCI Cuidados Continuados Integ;2019;3;0,2777777777777778;41,800000000000004
CSSFA;UNIDADE DE INTERNACAO CCI Cuidados Continuados Integ;2019;4;0,3611111111111111;28,461538461538456
CSSFA;UNIDADE DE INTERNACAO CCI Cuidados Continuados Integ;2019;5;0,2222222222222222;26,5
CSSFA;UNIDADE DE INTERNACAO CCI Cuidados Continuados Integ;2019;6;0,3611111111111111;17,692307692307686
CSSFA;UNIDADE DE INTERNACAO CCI Cuidados Continuados Integ;2019;7;0,6388888888888888;6,869565217391301
CSSFA;UNIDADE DE INTERNACAO CCI Cuidados Continuados Integ;2019;8;0,3055555555555556;15,818181818181815
CSSFA;UNIDADE DE INTERNACAO CCI Cuidados Continuados Integ;2019;9;0,3333333333333333;19,41666666666667
CSSFA;UNIDADE DE INTERNACAO CCI Cuidados Continuados Integ;2019;10;0,4444444444444444;15,249999999999996
CSSFA;UNIDADE DE INTERNACAO CCI Cuidados Continuados Integ;2019;11;0,6111111111111112;17,045454545454547
CSSFA;UNIDADE DE INTERNACAO CCI Cuidados Continuados Integ;2019;12;0,4444444444444444;47,3125
CSSFA;UNIDADE DE INTERNACAO CCI Cuidados Continuados Integ;2020;1;0,16666666666666666;81,16666666666666
CSSFA;UNIDADE DE INTERNACAO CCI Cuidados Continuados Integ;2020;2;0,3611111111111111;18,69230769230769
CSSFA;UNIDADE DE INTERNACAO CCI Cuidados Continuados Integ;2020;3;0,6944444444444444;20,640000000000004
CSSFA;UNIDADE DE INTERNACAO CCI Cuidados Continuados Integ;2020;4;0,25;71,0
CSSFA;UNIDADE DE INTERNACAO CCI Cuidados Continuados Integ;2020;5;0,3611111111111111;55,99999999999999
CSSFA;UNIDADE DE INTERNACAO CCI Cuidados Continuados Integ;2020;6;0,3055555555555556;53,727272727272734
CSSFA;UNIDADE DE INTERNACAO CCI Cuidados Continuados Integ;2020;7;0,2777777777777778;60,900000000000006
CSSFA;UNIDADE DE INTERNACAO CCI Cuidados Continuados Integ;2020;8;0,5;24,0
CSSFA;UNIDADE DE INTERNACAO CCI Cuidados Continuados Integ;2020;9;0,3611111111111111;32,3076923076923
CSSFA;UNIDADE DE INTERNACAO CCI Cuidados Continuados Integ;2020;10;0,5277777777777778;22,15789473684211
CSSFA;UNIDADE DE INTERNACAO CCI Cuidados Continuados Integ;2020;11;0,3888888888888889;24,285714285714278
CSSFA;UNIDADE DE INTERNACAO CCI Cuidados Continuados Integ;2020;12;0,6111111111111112;9,772727272727273
CSSFA;UNIDADE DE INTERNACAO CCI Cuidados Continuados Integ;2021;1;0,4722222222222222;10,000000000000004
CSSFA;UNIDADE DE INTERNACAO CCI Cuidados Continuados Integ;2021;2;0,6388888888888888;9,521739130434783
CSSFA;UNIDADE DE INTERNACAO CCI Cuidados Continuados Integ;2021;3;0,6111111111111112;11,68181818181818
CSSFA;UNIDADE DE INTERNACAO CCI Cuidados Continuados Integ;2021;4;0,5555555555555556;9,9
CSSFA;UNIDADE DE INTERNACAO CCI Cuidados Continuados Integ;2021;5;0,775;3,275862068965516
CSSFA;UNIDADE DE INTERNACAO CCI Cuidados Continuados Integ;2021;6;0,675;10,481481481481481
CSSFA;UNIDADE DE INTERNACAO CCI Cuidados Continuados Integ;2021;7;0,55;11,181818181818182
CSSFA;UNIDADE DE INTERNACAO CCI Cuidados Continuados Integ;2021;8;0,65;7,9230769230769225
CSSFA;UNIDADE DE INTERNACAO CCI Cuidados Continuados Integ;2021;9;0,525;2,285714285714288
CSSFA;UNIDADE DE INTERNACAO CCI Cuidados Continuados Integ;2021;10;0,625;2,3999999999999977
CSSFA;UNIDADE DE INTERNACAO CCI Cuidados Continuados Integ;2021;11;0,5067567567567568;16,840000000000003
CSSFA;UNIDADE DE INTERNACAO CCI Cuidados Continuados Integ;2021;12;0,34;38,94117647058824
CSSFA;UNIDADE DE INTERNACAO CCI Cuidados Continuados Integ;2022;1;0,44;25,545454545454543
CSSFA;UNIDADE DE INTERNACAO CCI Cuidados Continuados Integ;2022;2;0,26;36,76923076923077
CSSFA;UNIDADE DE INTERNACAO CCI Cuidados Continuados Integ;2022;3;0,46;15,217391304347826
CSSFA;UNIDADE DE INTERNACAO CCI Cuidados Continuados Integ;2022;4;0,6;13,7
CSSFA;UNIDADE DE INTERNACAO CCI Cuidados Continuados Integ;2022;5;0,4;14,049999999999999
CSSFA;UNIDADE DE INTERNACAO CCI Cuidados Continuados Integ;2022;6;0,48;10,166666666666663
CSSFA;UNIDADE DE INTERNACAO CCI Cuidados Continuados Integ;2022;7;0,58;7,310344827586204
CSSFA;UNIDADE DE INTERNACAO CCI Cuidados Continuados Integ;2022;8;0,46;5,565217391304352
CSSFA;UNIDADE DE INTERNACAO CCI Cuidados Continuados Integ;2022;9;0,48;5,124999999999997
CSSFA;UNIDADE DE INTERNACAO CCI Cuidados Continuados Integ;2022;10;0,46;10,000000000000004
CSSFA;UNIDADE DE INTERNACAO CCI Cuidados Continuados Integ;2022;11;0,46;18,173913043478255
CSSFA;UNIDADE DE INTERNACAO CCI Cuidados Continuados Integ;2022;12;0,54;16,555555555555554
CSSFA;UNIDADE DE INTERNACAO CCI Cuidados Continuados Integ;2023;1;0,26;27,076923076923073
CSSFA;UNIDADE DE INTERNACAO CCI Cuidados Continuados Integ;2023;2;0,28211586901763225;10,083333333333332
CSSFA;UNIDADE DE INTERNACAO CCI Cuidados Continuados Integ;2023;3;0,8770999115826702;2,8124999999999996
CSSFA;UNIDADE DE INTERNACAO CCI Cuidados Continuados Integ;2023;4;0,46153846153846156;14,277777777777779
CSSFA;UNIDADE DE INTERNACAO CCI Cuidados Continuados Integ;2023;5;0,36046511627906974;11,35714285714285
CSSFA;UNIDADE DE INTERNACAO CCI Cuidados Continuados Integ;2023;6;0,4444444444444444;7,437499999999998
CSSFA;UNIDADE DE INTERNACAO CCI Cuidados Continuados Integ;2023;7;0,3333333333333333;2,9999999999999973
CSSFA;UNIDADE DE INTERNACAO CCI Cuidados Continuados Integ;2023;8;0,5;6,888888888888893
CSSFA;UNIDADE DE INTERNACAO CCI Cuidados Continuados Integ;2023;9;0,3055555555555556;6,545454545454544
CSSFA;UNIDADE DE INTERNACAO CCI Cuidados Continuados Integ;2023;10;0,5277777777777778;8,052631578947368
CSSFA;UNIDADE DE INTERNACAO CCI Cuidados Continuados Integ;2023;11;0,28213166144200624;32,75
CSSFA;UNIDADE DE INTERNACAO CCI Cuidados Continuados Integ;2023;12;0,38;30,84210526315789
CSSFA;UNIDADE DE INTERNACAO CCI Cuidados Continuados Integ;2024;1;0,28;34,28571428571429
CSSFA;UNIDADE DE INTERNACAO CCI Cuidados Continuados Integ;2024;2;0,2;25,600000000000012
CSSFA;UNIDADE DE INTERNACAO CCI Cuidados Continuados Integ;2024;3;0,5996131528046421;2,5333333333333354
CSSFA;UNIDADE DE INTERNACAO CCI Cuidados Continuados Integ;2024;4;0,47968021319120585;6,083333333333337
CSSFA;UNIDADE DE INTERNACAO CCI Cuidados Continuados Integ;2024;5;0,48;15,166666666666668
CSSFA;UNIDADE DE INTERNACAO CCI Cuidados Continuados Integ;2024;6;0,24;21,500000000000004
CSSFA;UNIDADE DE INTERNACAO CCI Cuidados Continuados Integ;2024;7;0,44;6,045454545454546
CSSFA;UNIDADE DE INTERNACAO CCI Cuidados Continuados Integ;2024;8;0,6990979381443299;4,885714285714287
CSSFA;UNIDADE DE INTERNACAO CCI Cuidados Continuados Integ;2024;9;0,4;8,750000000000002
CSSFA;UNIDADE DE INTERNACAO CCI Cuidados Continuados Integ;2024;10;0,56;6,035714285714284
CSSFA;UNIDADE DE INTERNACAO CCI Cuidados Continuados Integ;2024;11;0,38;14,052631578947372
CSSFA;UNIDADE DE INTERNACAO CCI Cuidados Continuados Integ;2024;12;0,4;13,399999999999995
CSSFA;UNIDADE DE INTERNACAO CCI Cuidados Continuados Integ;2025;1;0,42;18,142857142857146
CSSFA;UNIDADE DE INTERNACAO CCI Cuidados Continuados Integ;2025;2;0,3901639344262295;15,411764705882351
CSSFA;UNIDADE DE INTERNACAO CCI Cuidados Continuados Integ;2025;3;0,325;3,230769230769226
CSSFA;UNIDADE DE INTERNACAO CCI Cuidados Continuados Integ;2025;4;0,45;4,055555555555553
CSSFA;UNIDADE DE INTERNACAO CCI Cuidados Continuados Integ;2025;5;0,4293002915451895;2,736842105263158
CSSFA;UNIDADE DE INTERNACAO CCI Cuidados Continuados Integ;2025;6;0,34;5,176470588235293
CSSFA;UNIDADE DE INTERNACAO CCI Cuidados Continuados Integ;2025;7;0,39974210186976145;2,4000000000000026
CSSFA;UNIDADE DE INTERNACAO CCI Cuidados Continuados Integ;2025;8;0,526797385620915;5,3461538461538485
CSSFA;UNIDADE DE INTERNACAO CCI Cuidados Continuados Integ;2025;9;0,34856700232378;3,066666666666671
CSSFA;UNIDADE DE INTERNACAO CCI Cuidados Continuados Integ;2025;10;0,37209302325581395;8,3125
CSSFA;UNIDADE DE INTERNACAO CCI Cuidados Continuados Integ;2025;11;0,4418604651162791;10,684210526315788
CSSFA;UNIDADE DE INTERNACAO CCI Cuidados Continuados Integ;2025;12;0,4186046511627907;9,444444444444445
CSSFA;UNIDADE DE INTERNACAO CCI Cuidados Continuados Integ;2026;1;0,27906976744186046;8,33333333333333
CSSFA;UNIDADE DE INTERNACAO CCI Cuidados Continuados Integ;2026;2;0,4186046511627907;4,666666666666667
CSSFA;UNIDADE DE INTERNACAO CCI Cuidados Continuados Integ;2026;3;0,46511627906976744;5,300000000000003
CSSFA;UNIDADE DE INTERNACAO CCI Cuidados Continuados Integ;2026;4;0,5340557275541795;4,260869565217389
CSSFA;UNIDADE DE INTERNACAO CCI Cuidados Continuados Integ;2026;5;0,556469708302169;6,166666666666668
CSSFA;UNIDADE INTERNAÇÃO - CLINICA CIRURGICA;2019;10;0,4492753623188406;67,0
CSSFA;UNIDADE INTERNAÇÃO - CLINICA CIRURGICA;2019;11;0,7333333333333333;38,45454545454545
CSSFA;UNIDADE INTERNAÇÃO - CLINICA CIRURGICA;2019;12;0,6666666666666666;40,800000000000004
CSSFA;UNIDADE INTERNAÇÃO - CLINICA CIRURGICA;2020;2;0,06666666666666667;414,0
CSSFA;UNIDADE INTERNAÇÃO - CLINICA CIRURGICA;2020;3;0,06666666666666667;462,0
CSSFA;UNIDADE INTERNAÇÃO - CLINICA MÉDICA;2019;5;1,3333333333333333;1,249999999999999
CSSFA;UNIDADE INTERNAÇÃO - CLINICA MÉDICA;2019;6;0,6666666666666666;13,500000000000002
CSSFA;UNIDADE INTERNAÇÃO - CLINICA MÉDICA;2019;7;1,0;17,333333333333332
CSSFA;UNIDADE INTERNAÇÃO - CLINICA MÉDICA;2019;8;1,0;16,666666666666668
CSSFA;UNIDADE INTERNAÇÃO - CLINICA MÉDICA;2019;9;0,6666666666666666;38,0
CSSFA;UNIDADE INTERNAÇÃO - CLINICA MÉDICA;2019;11;0,6666666666666666;40,49999999999999
CSSFA;UNIDADE INTERNAÇÃO - CLINICA MÉDICA;2019;12;0,6666666666666666;28,500000000000004
CSSFA;UNIDADE INTERNAÇÃO - CLINICA MÉDICA;2020;1;0,3333333333333333;89,0
CSSFA;UNIDADE INTERNAÇÃO - CLINICA MÉDICA;2020;2;0,3333333333333333;79,0
CSSFA;UNIDADE INTERNAÇÃO - CLINICA MÉDICA;2020;3;1,6666666666666667;14,799999999999999
CSSFA;UNIDADE INTERNAÇÃO - CLINICA MÉDICA;2020;4;0,3333333333333333;82,0
CSSFA;UNIDADE INTERNAÇÃO - CLINICA MÉDICA;2020;9;0,6666666666666666;41,0
CSSFA;UNIDADE INTERNAÇÃO - CLINICA MÉDICA;2020;12;0,6666666666666666;19,499999999999996
CSSFA;UNIDADE INTERNAÇÃO - CLINICA MÉDICA;2021;1;0,6666666666666666;31,500000000000004
CSSFA;UNIDADE INTERNAÇÃO - CLINICA MÉDICA;2021;2;2,0;5,166666666666668
CSSFA;UNIDADE INTERNAÇÃO - CLINICA MÉDICA;2021;3;0,6666666666666666;37,99999999999999
CSSFA;UNIDADE INTERNAÇÃO - CLINICA MÉDICA;2021;5;1,0;8,999999999999998
CSSFA;UNIDADE INTERNAÇÃO - CLINICA MÉDICA;2021;6;0,3333333333333333;47,99999999999999
CSSFA;UNIDADE INTERNAÇÃO - CLINICA MÉDICA;2021;7;1,0;10,666666666666668
CSSFA;UNIDADE INTERNAÇÃO - CLINICA MÉDICA;2021;8;0,6666666666666666;29,0
CSSFA;UNIDADE INTERNAÇÃO - CLINICA MÉDICA;2022;6;0,6666666666666666;17,0
CSSFA;UNIDADE INTERNAÇÃO - CLINICA MÉDICA;2022;7;1,0;17,666666666666664
CSSFA;UNIDADE INTERNAÇÃO - CLINICA MÉDICA;2022;9;1,0;4,999999999999999
CSSFA;UNIDADE INTERNAÇÃO - CLINICA MÉDICA;2023;3;0,3563218390804598;
CSSFA;UNIDADE INTERNAÇÃO - CLINICA MÉDICA;2023;5;0,6966292134831461;36,5
CSSFA;UNIDADE INTERNAÇÃO - CLINICA MÉDICA;2023;6;1,3333333333333333;11,5
CSSFA;UNIDADE INTERNAÇÃO - CLINICA MÉDICA;2023;7;1,3333333333333333;5,25
CSSFA;UNIDADE INTERNAÇÃO - CLINICA MÉDICA;2023;8;1,3333333333333333;11,75
CSSFA;UNIDADE INTERNAÇÃO - CLINICA MÉDICA;2023;9;2,0;9,5
CSSFA;UNIDADE INTERNAÇÃO - CLINICA MÉDICA;2023;10;1,6666666666666667;14,799999999999999
CSSFA;UNIDADE INTERNAÇÃO - CLINICA MÉDICA;2023;11;0,3333333333333333;76,0
CSSFE;UNIDADE DE CUIDADOS CONTINUADOS INTEGRADOS;2023;5;0,2767857142857143;4,999999999999995
CSSFE;UNIDADE DE CUIDADOS CONTINUADOS INTEGRADOS;2023;6;0,7142857142857143;5,799999999999998
CSSFE;UNIDADE DE CUIDADOS CONTINUADOS INTEGRADOS;2023;7;0,7142857142857143;1,1999999999999997
CSSFE;UNIDADE DE CUIDADOS CONTINUADOS INTEGRADOS;2023;8;0,7868020304568528;1,8000000000000012
CSSFE;UNIDADE DE CUIDADOS CONTINUADOS INTEGRADOS;2023;9;1,2765957446808511;4,750000000000001
CSSFE;UNIDADE DE CUIDADOS CONTINUADOS INTEGRADOS;2023;10;1,0;4,714285714285714
CSSFE;UNIDADE DE CUIDADOS CONTINUADOS INTEGRADOS;2023;11;5,357142857142857;1,5999999999999999
CSSFE;UNIDADE DE CUIDADOS PROLONGADOS;2023;12;0,656084656084656;25,25
CSSFE;UNIDADE DE CUIDADOS PROLONGADOS;2024;1;0,5714285714285714;8,999999999999996
CSSFE;UNIDADE DE CUIDADOS PROLONGADOS;2024;2;0,6408839779005525;6,749999999999997
CSSFE;UNIDADE DE CUIDADOS PROLONGADOS;2024;3;2,0;6,083333333333332
CSSFE;UNIDADE DE CUIDADOS PROLONGADOS;2024;4;1,9597989949748744;2,384615384615385
CSSFE;UNIDADE DE CUIDADOS PROLONGADOS;2024;5;0,6358974358974359;0,7499999999999973
CSSFE;UNIDADE DE CUIDADOS PROLONGADOS;2024;6;1,0194174757281553;3,285714285714284
CSSFE;UNIDADE DE CUIDADOS PROLONGADOS;2024;7;0,2857142857142857;14,0
CSSFE;UNIDADE DE CUIDADOS PROLONGADOS;2024;8;0,7142857142857143;7,199999999999998
CSSFE;UNIDADE DE CUIDADOS PROLONGADOS;2024;9;0,8152173913043478;9,799999999999999
CSSFE;UNIDADE DE CUIDADOS PROLONGADOS;2024;10;0,14622641509433962;53,0
CSSFE;UNIDADE DE CUIDADOS PROLONGADOS;2024;11;0,8571428571428571;3,8333333333333353
CSSFE;UNIDADE DE CUIDADOS PROLONGADOS;2024;12;0,8571428571428571;12,166666666666666
CSSFE;UNIDADE DE CUIDADOS PROLONGADOS;2025;1;3,163265306122449;-21,599999999999998
CSSFE;UNIDADE DE INTERNAÇÃO - CLÍNICA MÉDICA;2023;12;0,6378600823045267;3,400000000000001
CSSFE;UNIDADE DE INTERNAÇÃO - CLÍNICA MÉDICA;2024;1;0,8888888888888888;4,875
CSSFE;UNIDADE DE INTERNAÇÃO - CLÍNICA MÉDICA;2024;2;1,127208480565371;2,272727272727271
CSSFE;UNIDADE DE INTERNAÇÃO - CLÍNICA MÉDICA;2024;3;0,9;1,4444444444444462
CSSFE;UNIDADE DE INTERNAÇÃO - CLÍNICA MÉDICA;2024;4;1,7;1,1176470588235299
CSSFE;UNIDADE DE INTERNAÇÃO - CLÍNICA MÉDICA;2024;5;1,5174825174825175;4,500000000000001
CSSFE;UNIDADE DE INTERNAÇÃO - CLÍNICA MÉDICA;2024;6;0,7346938775510204;8,333333333333334
CSSFE;UNIDADE DE INTERNAÇÃO - CLÍNICA MÉDICA;2024;7;1,7777777777777777;5,625000000000001
CSSFE;UNIDADE DE INTERNAÇÃO - CLÍNICA MÉDICA;2024;8;0,6666666666666666;3,8333333333333335
CSSFE;UNIDADE DE INTERNAÇÃO - CLÍNICA MÉDICA;2024;9;1,2790697674418605;2,1818181818181834
CSSFE;UNIDADE DE INTERNAÇÃO - CLÍNICA MÉDICA;2024;10;1,1567164179104477;3,9999999999999996
CSSFE;UNIDADE DE INTERNAÇÃO - CLÍNICA MÉDICA;2024;11;1,1111111111111112;4,499999999999999
CSSFE;UNIDADE DE INTERNAÇÃO - CLÍNICA MÉDICA;2024;12;0,6666666666666666;15,833333333333334
CSSFE;UNIDADE DE INTERNAÇÃO - CLÍNICA MÉDICA;2025;1;1,9682539682539681;-35,5
CSSFE;UNIDADE INTERNAÇÃO - CLINICA MÉDICA;2019;1;0,6;20,08333333333333
CSSFE;UNIDADE INTERNAÇÃO - CLINICA MÉDICA;2019;2;0,95;13,68421052631579
CSSFE;UNIDADE INTERNAÇÃO - CLINICA MÉDICA;2019;3;0,65;21,923076923076927
CSSFE;UNIDADE INTERNAÇÃO - CLINICA MÉDICA;2019;4;0,65;24,769230769230766
CSSFE;UNIDADE INTERNAÇÃO - CLINICA MÉDICA;2019;5;0,55;9,999999999999998
CSSFE;UNIDADE INTERNAÇÃO - CLINICA MÉDICA;2019;6;0,9;1,2222222222222208
CSSFE;UNIDADE INTERNAÇÃO - CLINICA MÉDICA;2019;7;0,75;2,9333333333333313
CSSFE;UNIDADE INTERNAÇÃO - CLINICA MÉDICA;2019;8;0,6;7,66666666666667
CSSFE;UNIDADE INTERNAÇÃO - CLINICA MÉDICA;2019;9;0,8;5,625000000000001
CSSFE;UNIDADE INTERNAÇÃO - CLINICA MÉDICA;2019;10;1,15;4,260869565217392
CSSFE;UNIDADE INTERNAÇÃO - CLINICA MÉDICA;2019;11;0,8;4,375000000000001
CSSFE;UNIDADE INTERNAÇÃO - CLINICA MÉDICA;2019;12;1,05;14,476190476190478
CSSFE;UNIDADE INTERNAÇÃO - CLINICA MÉDICA;2020;1;0,4;34,37500000000001
CSSFE;UNIDADE INTERNAÇÃO - CLINICA MÉDICA;2020;2;0,85;14,058823529411764
CSSFE;UNIDADE INTERNAÇÃO - CLINICA MÉDICA;2020;3;0,6;24,166666666666668
CSSFE;UNIDADE INTERNAÇÃO - CLINICA MÉDICA;2020;4;0,65;17,84615384615385
CSSFE;UNIDADE INTERNAÇÃO - CLINICA MÉDICA;2020;5;0,5;32,900000000000006
CSSFE;UNIDADE INTERNAÇÃO - CLINICA MÉDICA;2020;6;0,45;26,888888888888886
CSSFE;UNIDADE INTERNAÇÃO - CLINICA MÉDICA;2020;7;0,75;13,400000000000002
CSSFE;UNIDADE INTERNAÇÃO - CLINICA MÉDICA;2020;8;0,5;32,300000000000004
CSSFE;UNIDADE INTERNAÇÃO - CLINICA MÉDICA;2020;9;0,3050847457627119;56,833333333333336
CSSFE;UNIDADE INTERNAÇÃO - CLINICA MÉDICA;2020;10;0,6666666666666666;10,800000000000002
CSSFE;UNIDADE INTERNAÇÃO - CLINICA MÉDICA;2020;11;1,0666666666666667;7,687499999999999
CSSFE;UNIDADE INTERNAÇÃO - CLINICA MÉDICA;2020;12;1,8666666666666667;5,250000000000001
CSSFE;UNIDADE INTERNAÇÃO - CLINICA MÉDICA;2021;1;1,0666666666666667;10,25
CSSFE;UNIDADE INTERNAÇÃO - CLINICA MÉDICA;2021;2;2,2;2,969696969696969
CSSFE;UNIDADE INTERNAÇÃO - CLINICA MÉDICA;2021;3;2,533333333333333;4,684210526315789
CSSFE;UNIDADE INTERNAÇÃO - CLINICA MÉDICA;2021;4;2,2666666666666666;2,4705882352941173
CSSFE;UNIDADE INTERNAÇÃO - CLINICA MÉDICA;2021;5;2,6666666666666665;3,2
CSSFE;UNIDADE INTERNAÇÃO - CLINICA MÉDICA;2021;6;3,0;2,6
CSSFE;UNIDADE INTERNAÇÃO - CLINICA MÉDICA;2021;7;1,6;5,541666666666667
CSSFE;UNIDADE INTERNAÇÃO - CLINICA MÉDICA;2021;8;2,466666666666667;4,162162162162162
CSSFE;UNIDADE INTERNAÇÃO - CLINICA MÉDICA;2021;9;3,0497925311203318;1,5102040816326532
CSSFE;UNIDADE INTERNAÇÃO - CLINICA MÉDICA;2021;10;2,8823529411764706;2,979591836734695
CSSFE;UNIDADE INTERNAÇÃO - CLINICA MÉDICA;2021;11;2,3529411764705883;5,3
CSSFE;UNIDADE INTERNAÇÃO - CLINICA MÉDICA;2021;12;1,4705882352941178;12,48
CSSFE;UNIDADE INTERNAÇÃO - CLINICA MÉDICA;2022;1;2,6092184368737477;5,285714285714286
CSSFE;UNIDADE INTERNAÇÃO - CLINICA MÉDICA;2022;2;1,0625;11,764705882352938
CSSFE;UNIDADE INTERNAÇÃO - CLINICA MÉDICA;2022;3;2,670608108108108;3,2549019607843137
CSSFE;UNIDADE INTERNAÇÃO - CLINICA MÉDICA;2022;4;2,2;5,022727272727272
CSSFE;UNIDADE INTERNAÇÃO - CLINICA MÉDICA;2022;5;2,15;4,697674418604651
CSSFE;UNIDADE INTERNAÇÃO - CLINICA MÉDICA;2022;6;2,4;3,687500000000001
CSSFE;UNIDADE INTERNAÇÃO - CLINICA MÉDICA;2022;7;2,2;3,8863636363636354
CSSFE;UNIDADE INTERNAÇÃO - CLINICA MÉDICA;2022;8;3,05;2,426229508196722
CSSFE;UNIDADE INTERNAÇÃO - CLINICA MÉDICA;2022;9;2,2564102564102564;4,5
CSSFE;UNIDADE INTERNAÇÃO - CLINICA MÉDICA;2022;10;2,31055900621118;2,2499999999999996
CSSFE;UNIDADE INTERNAÇÃO - CLINICA MÉDICA;2022;11;1,6875;3,8888888888888893
CSSFE;UNIDADE INTERNAÇÃO - CLINICA MÉDICA;2022;12;1,8436123348017621;8,000000000000002
CSSFE;UNIDADE INTERNAÇÃO - CLINICA MÉDICA;2023;1;1,5042194092827004;3,521739130434783
CSSFE;UNIDADE INTERNAÇÃO - CLINICA MÉDICA;2023;2;2,3333333333333335;0,742857142857143
CSSFE;UNIDADE INTERNAÇÃO - CLINICA MÉDICA;2023;3;1,86;-0,1851851851851845
CSSFE;UNIDADE INTERNAÇÃO - CLINICA MÉDICA;2023;4;1,2526096033402923;2,9000000000000012
CSSFE;UNIDADE INTERNAÇÃO - CLINICA MÉDICA;2023;5;2,0182291666666665;3,879999999999999
CSSFE;UNIDADE INTERNAÇÃO - CLINICA MÉDICA;2023;6;0,7777777777777778;8,42857142857143
CSSFE;UNIDADE INTERNAÇÃO - CLINICA MÉDICA;2023;7;1,0;5,111111111111112
CSSFE;UNIDADE INTERNAÇÃO - CLINICA MÉDICA;2023;8;1,6756756756756757;3,3571428571428563
CSSFE;UNIDADE INTERNAÇÃO - CLINICA MÉDICA;2023;9;0,7258064516129032;8,16666666666667
CSSFE;UNIDADE INTERNAÇÃO - CLINICA MÉDICA;2023;10;1,0;4,777777777777778
CSSFE;UNIDADE INTERNAÇÃO - CLINICA MÉDICA;2023;11;2,5;4,666666666666665
CSSI;CLINICA MEDICA ALA A;2023;11;4,375;-7,42857142857143
CSSI;CLINICA MEDICA ALA A;2023;12;3,8333333333333335;2,304347826086956
CSSI;CLINICA MEDICA ALA A;2024;1;4,333333333333333;1,1538461538461535
CSSI;CLINICA MEDICA ALA A;2024;2;5,333333333333333;1,0312500000000002
CSSI;CLINICA MEDICA ALA A;2024;3;5,5;0,909090909090909
CSSI;CLINICA MEDICA ALA A;2024;4;4,0;1,708333333333333
CSSI;CLINICA MEDICA ALA A;2024;5;0,8333333333333334;22,2
CSSI;CLINICA MEDICA ALA A;2025;8;10,333333333333334;0,3333333333333335
CSSI;CLINICA MEDICA ALA A;2025;9;3,8461538461538463;1,9000000000000004
CSSI;CLINICA MEDICA ALA A;2025;10;1,6666666666666667;6,6
CSSI;CLINICA MEDICA ALA A;2025;11;3,0;3,1111111111111116
CSSI;CLINICA MEDICA ALA A;2025;12;3,0;1,3333333333333333
CSSI;CLINICA MEDICA ALA A;2026;1;3,6666666666666665;0,9090909090909093
CSSI;CLINICA MEDICA ALA A;2026;2;3,3333333333333335;0,5999999999999996
CSSI;CLINICA MEDICA ALA A;2026;3;5,0;1,5999999999999999
CSSI;CLINICA MEDICA ALA A;2026;4;3,3333333333333335;1,4000000000000001
CSSI;CLINICA MEDICA ALA A;2026;5;4,0;3,916666666666667
CSSI;CLÍNICA MÉDICA ALA B;2023;11;3,75;-14,0
CSSI;CLÍNICA MÉDICA ALA B;2023;12;2,5833333333333335;8,000000000000002
CSSI;CLÍNICA MÉDICA ALA B;2024;2;1,0;17,000000000000004
CSSI;CLÍNICA MÉDICA ALA B;2024;3;1,0;4,0
CSSI;CLÍNICA MÉDICA ALA B;2024;4;1,0;-9,999999999999998
CSSI;CLÍNICA MÉDICA ALA B;2024;5;1,0;29,000000000000004
CSSI;CLÍNICA MÉDICA ALA B;2024;6;1,0;22,999999999999996
CSSI;CLÍNICA MÉDICA ALA B;2024;7;1,0;21,000000000000004
CSSI;CLÍNICA MÉDICA ALA B;2024;8;2,0;12,499999999999998
CSSI;CLÍNICA MÉDICA ALA B;2024;10;1,0;12,0
CSSI;CLÍNICA MÉDICA ALA B;2024;11;2,0;14,0
CSSI;CLÍNICA MÉDICA ALA B;2025;2;3,0;2,6666666666666665
CSSI;CLÍNICA MÉDICA ALA B;2025;7;1,0;22,0
CSSI;CLÍNICA MÉDICA ALA B;2025;8;2,0;6,499999999999999
CSSI;CLÍNICA MÉDICA ALA B;2025;11;1,0;24,000000000000004
CSSI;CLÍNICA MÉDICA ALA B;2025;12;3,0;7,333333333333332
CSSI;CLÍNICA MÉDICA ALA B;2026;1;2,0;12,499999999999998
CSSI;CLÍNICA MÉDICA ALA B;2026;2;2,0;6,000000000000001
CSSI;CLÍNICA MÉDICA ALA B;2026;3;1,0;28,0
CSSI;CLÍNICA MÉDICA ALA B;2026;4;1,0;26,0
CSSI;CLÍNICA MÉDICA ALA B;2026;5;2,5833333333333335;5,500000000000001
CSSI;CLÍNICA MÉDICA ALA C;2023;11;9,23076923076923;-9,09375
CSSI;CLÍNICA MÉDICA ALA C;2023;12;3,3325;1,488372093023256
CSSI;CLÍNICA MÉDICA ALA C;2024;1;2,8461538461538463;0,783783783783784
CSSI;CLÍNICA MÉDICA ALA C;2024;2;3,1538461538461537;1,1219512195121948
CSSI;CLÍNICA MÉDICA ALA C;2024;3;3,401496259351621;0,8636363636363635
CSSI;CLÍNICA MÉDICA ALA C;2024;4;3,5384615384615383;1,1086956521739129
CSSI;CLÍNICA MÉDICA ALA C;2024;5;5,3076923076923075;-0,2463768115942033
CSSI;CLÍNICA MÉDICA ALA C;2024;6;4,3076923076923075;1,3392857142857142
CSSI;CLÍNICA MÉDICA ALA C;2024;7;3,056338028169014;3,9285714285714293
CSSI;CLÍNICA MÉDICA ALA C;2024;8;3,5714285714285716;2,38
CSSI;CLÍNICA MÉDICA ALA C;2024;9;2,2857142857142856;4,281249999999999
CSSI;CLÍNICA MÉDICA ALA C;2024;10;3,0;2,595238095238095
CSSI;CLÍNICA MÉDICA ALA C;2024;11;3,7857142857142856;1,4339622641509437
CSSI;CLÍNICA MÉDICA ALA C;2024;12;4,214285714285714;1,627118644067797
CSSI;CLÍNICA MÉDICA ALA C;2025;1;3,142857142857143;1,6818181818181823
CSSI;CLÍNICA MÉDICA ALA C;2025;2;2,9285714285714284;0,6829268292682924
CSSI;CLÍNICA MÉDICA ALA C;2025;3;4,092909535452323;1,3148148148148144
CSSI;CLÍNICA MÉDICA ALA C;2025;4;3,6153846153846154;1,4042553191489355
CSSI;CLÍNICA MÉDICA ALA C;2025;5;3,230769230769231;2,0238095238095237
CSSI;CLÍNICA MÉDICA ALA C;2025;6;3,4285714285714284;-0,30555555555555636
CSSI;CLÍNICA MÉDICA ALA C;2025;7;3,4;-0,2941176470588233
CSSI;CLÍNICA MÉDICA ALA C;2025;8;3,8114754098360657;-6,933333333333334
CSSI;CLÍNICA MÉDICA ALA C;2025;9;3,094170403587444;-0,6956521739130433
CSSI;CLÍNICA MÉDICA ALA C;2025;10;4,3;0,6744186046511624
CSSI;CLÍNICA MÉDICA ALA C;2025;11;3,2;-0,5312499999999998
CSSI;CLÍNICA MÉDICA ALA C;2025;12;3,7;-1,1081081081081086
CSSI;CLÍNICA MÉDICA ALA C;2026;1;2,9;-1,7586206896551728
CSSI;CLÍNICA MÉDICA ALA C;2026;2;3,8;0,026315789473684115
CSSI;CLÍNICA MÉDICA ALA C;2026;3;4,0;0,42499999999999977
CSSI;CLÍNICA MÉDICA ALA C;2026;4;3,6;0,6666666666666663
CSSI;CLÍNICA MÉDICA ALA C;2026;5;2,8;2,4642857142857135
CSSI;PRONTO ATENDIMENTO;2020;11;1,2087912087912087;20,72727272727273
CSSI;PRONTO ATENDIMENTO;2020;12;3,3076923076923075;4,534883720930233
CSSI;PRONTO ATENDIMENTO;2021;1;2,6923076923076925;4,371428571428573
CSSI;PRONTO ATENDIMENTO;2021;2;4,076923076923077;1,226415094339623
CSSI;PRONTO ATENDIMENTO;2021;3;4,986013986013986;1,5217391304347831
CSSI;UNIDADE DE CUIDADOS CONTINUADOS INTEGRADOS;2021;6;0,4;47,25000000000001
CSSI;UNIDADE DE CUIDADOS CONTINUADOS INTEGRADOS;2021;7;1,0;16,2
CSSI;UNIDADE DE CUIDADOS CONTINUADOS INTEGRADOS;2021;8;0,5;21,199999999999996
CSSI;UNIDADE DE CUIDADOS CONTINUADOS INTEGRADOS;2021;9;0,6;10,66666666666667
CSSI;UNIDADE DE CUIDADOS CONTINUADOS INTEGRADOS;2021;10;0,7707182320441989;19,555555555555557
CSSI;UNIDADE DE CUIDADOS CONTINUADOS INTEGRADOS;2021;11;0,25;94,0
CSSI;UNIDADE DE CUIDADOS CONTINUADOS INTEGRADOS;2021;12;0,9166666666666666;14,636363636363633
CSSI;UNIDADE DE CUIDADOS CONTINUADOS INTEGRADOS;2022;1;0,5;43,333333333333336
CSSI;UNIDADE DE CUIDADOS CONTINUADOS INTEGRADOS;2022;2;0,5;24,5
CSSI;UNIDADE DE CUIDADOS CONTINUADOS INTEGRADOS;2022;3;0,6118421052631579;19,33333333333333
CSSI;UNIDADE DE CUIDADOS CONTINUADOS INTEGRADOS;2022;4;1,0;6,599999999999998
CSSI;UNIDADE DE CUIDADOS CONTINUADOS INTEGRADOS;2022;5;0,6666666666666666;7,499999999999998
CSSI;UNIDADE DE CUIDADOS CONTINUADOS INTEGRADOS;2022;6;0,6;14,444444444444443
CSSI;UNIDADE DE CUIDADOS CONTINUADOS INTEGRADOS;2022;7;0,8;6,499999999999999
CSSI;UNIDADE DE CUIDADOS CONTINUADOS INTEGRADOS;2022;8;0,5333333333333333;8,124999999999998
CSSI;UNIDADE DE CUIDADOS CONTINUADOS INTEGRADOS;2022;9;0,9333333333333333;9,785714285714285
CSSI;UNIDADE DE CUIDADOS CONTINUADOS INTEGRADOS;2022;10;0,4;23,833333333333332
CSSI;UNIDADE DE CUIDADOS CONTINUADOS INTEGRADOS;2022;11;0,4666666666666667;14,285714285714285
CSSI;UNIDADE DE CUIDADOS CONTINUADOS INTEGRADOS;2022;12;0,4666666666666667;15,714285714285717
CSSI;UNIDADE DE CUIDADOS CONTINUADOS INTEGRADOS;2023;1;0,4666666666666667;23,285714285714292
CSSI;UNIDADE DE CUIDADOS CONTINUADOS INTEGRADOS;2023;2;0,4;10,66666666666667
CSSI;UNIDADE DE CUIDADOS CONTINUADOS INTEGRADOS;2023;3;0,8685344827586207;-0,6923076923076913
CSSI;UNIDADE DE CUIDADOS CONTINUADOS INTEGRADOS;2023;4;0,375;3,333333333333331
CSSI;UNIDADE DE CUIDADOS CONTINUADOS INTEGRADOS;2023;5;0,3069306930693069;4,600000000000004
CSSI;UNIDADE DE CUIDADOS CONTINUADOS INTEGRADOS;2023;6;0,25862068965517243;9,200000000000006
CSSI;UNIDADE DE CUIDADOS CONTINUADOS INTEGRADOS;2023;7;0,42857142857142855;25,666666666666668
CSSI;UNIDADE DE CUIDADOS CONTINUADOS INTEGRADOS;2023;8;0,5238095238095238;14,727272727272728
CSSI;UNIDADE DE CUIDADOS CONTINUADOS INTEGRADOS;2023;9;0,6285714285714286;9,909090909090908
CSSI;UNIDADE DE CUIDADOS PROLONGADOS - ALA A;2024;5;1,2916666666666667;13,666666666666666
CSSI;UNIDADE DE CUIDADOS PROLONGADOS - ALA A;2024;6;1,5;3,111111111111111
CSSI;UNIDADE DE CUIDADOS PROLONGADOS - ALA A;2024;7;1,6666666666666667;2,6999999999999993
CSSI;UNIDADE DE CUIDADOS PROLONGADOS - ALA A;2024;8;1,8333333333333333;0,545454545454545
CSSI;UNIDADE DE CUIDADOS PROLONGADOS - ALA A;2024;9;2,3333333333333335;2,571428571428571
CSSI;UNIDADE DE CUIDADOS PROLONGADOS - ALA A;2024;10;1,1666666666666667;4,285714285714285
CSSI;UNIDADE DE CUIDADOS PROLONGADOS - ALA A;2024;11;1,1666666666666667;1,4285714285714293
CSSI;UNIDADE DE CUIDADOS PROLONGADOS - ALA A;2024;12;1,1666666666666667;0,8571428571428564
CSSI;UNIDADE DE CUIDADOS PROLONGADOS - ALA A;2025;1;1,3333333333333333;4,625000000000002
CSSI;UNIDADE DE CUIDADOS PROLONGADOS - ALA A;2025;2;0,5;14,666666666666664
CSSI;UNIDADE DE CUIDADOS PROLONGADOS - ALA A;2025;3;1,1822033898305084;5,222222222222222
CSSI;UNIDADE DE CUIDADOS PROLONGADOS - ALA A;2025;4;1,75;1,7142857142857137
CSSI;UNIDADE DE CUIDADOS PROLONGADOS - ALA A;2025;6;1,6;2,0000000000000004
CSSI;UNIDADE DE CUIDADOS PROLONGADOS - ALA A;2025;7;1,0;4,333333333333333
CSSI;UNIDADE DE CUIDADOS PROLONGADOS - ALA A;2025;8;1,7222222222222223;17,0
CSSI;UNIDADE DE CUIDADOS PROLONGADOS - ALA A;2025;9;0,9375;9,666666666666668
CSSI;UNIDADE DE CUIDADOS PROLONGADOS - ALA A;2025;10;1,0;1,666666666666665
CSSI;UNIDADE DE CUIDADOS PROLONGADOS - ALA A;2025;11;1,5;2,8888888888888897
CSSI;UNIDADE DE CUIDADOS PROLONGADOS - ALA A;2025;12;0,16666666666666666;37,000000000000014
CSSI;UNIDADE DE CUIDADOS PROLONGADOS - ALA A;2026;1;0,8333333333333334;10,2
CSSI;UNIDADE DE CUIDADOS PROLONGADOS - ALA A;2026;2;0,3333333333333333;20,000000000000004
CSSI;UNIDADE DE CUIDADOS PROLONGADOS - ALA A;2026;3;1,1666666666666667;6,142857142857143
CSSI;UNIDADE DE CUIDADOS PROLONGADOS - ALA A;2026;4;0,8333333333333334;7,800000000000001
CSSI;UNIDADE DE CUIDADOS PROLONGADOS - ALA A;2026;5;0,5;4,333333333333337
CSSI;UNIDADE DE CUIDADOS PROLONGADOS - ALA B;2023;11;5,625;-4,222222222222222
CSSI;UNIDADE DE CUIDADOS PROLONGADOS - ALA B;2023;12;0,5;20,000000000000004
CSSI;UNIDADE DE CUIDADOS PROLONGADOS - ALA B;2024;1;0,5081967213114754;10,33333333333333
CSSI;UNIDADE DE CUIDADOS PROLONGADOS - ALA B;2024;2;2,1666666666666665;1,9230769230769231
CSSI;UNIDADE DE CUIDADOS PROLONGADOS - ALA B;2024;3;1,0;8,166666666666666
CSSI;UNIDADE DE CUIDADOS PROLONGADOS - ALA B;2024;4;0,8333333333333334;10,0
CSSI;UNIDADE DE CUIDADOS PROLONGADOS - ALA B;2024;5;0,8333333333333334;9,6
CSSI;UNIDADE DE CUIDADOS PROLONGADOS - ALA B;2024;6;0,5;3,6666666666666674
CSSI;UNIDADE DE CUIDADOS PROLONGADOS - ALA B;2024;7;1,1666666666666667;0,42857142857142816
CSSI;UNIDADE DE CUIDADOS PROLONGADOS - ALA B;2024;8;1,5;0,6666666666666661
CSSI;UNIDADE DE CUIDADOS PROLONGADOS - ALA B;2024;9;1,6666666666666667;3,9000000000000004
CSSI;UNIDADE DE CUIDADOS PROLONGADOS - ALA B;2024;10;1,6666666666666667;3,0999999999999988
CSSI;UNIDADE DE CUIDADOS PROLONGADOS - ALA B;2024;11;1,5;2,6666666666666656
CSSI;UNIDADE DE CUIDADOS PROLONGADOS - ALA B;2024;12;1,6666666666666667;1,6000000000000005
CSSI;UNIDADE DE CUIDADOS PROLONGADOS - ALA B;2025;1;0,6666666666666666;5,75
CSSI;UNIDADE DE CUIDADOS PROLONGADOS - ALA B;2025;2;0,8333333333333334;2,0000000000000004
CSSI;UNIDADE DE CUIDADOS PROLONGADOS - ALA B;2025;3;0,8611111111111112;14,999999999999998
CSSI;UNIDADE DE CUIDADOS PROLONGADOS - ALA B;2025;4;1,40625;3,3333333333333335
CSSI;UNIDADE DE CUIDADOS PROLONGADOS - ALA B;2025;5;1,0;3,875
CSSI;UNIDADE DE CUIDADOS PROLONGADOS - ALA B;2025;6;0,9278350515463918;2,4999999999999982
CSSI;UNIDADE DE CUIDADOS PROLONGADOS - ALA B;2025;7;1,0;1,8333333333333317
CSSI;UNIDADE DE CUIDADOS PROLONGADOS - ALA B;2025;8;1,3037383177570094;1,8888888888888877
CSSI;UNIDADE DE CUIDADOS PROLONGADOS - ALA B;2025;9;1,2857142857142858;3,5555555555555562
CSSI;UNIDADE DE CUIDADOS PROLONGADOS - ALA B;2025;10;0,7142857142857143;7,999999999999999
CSSI;UNIDADE DE CUIDADOS PROLONGADOS - ALA B;2025;11;0,5714285714285714;14,250000000000002
CSSI;UNIDADE DE CUIDADOS PROLONGADOS - ALA B;2025;12;1,1428571428571428;7,75
CSSI;UNIDADE DE CUIDADOS PROLONGADOS - ALA B;2026;1;0,5714285714285714;14,0
CSSI;UNIDADE DE CUIDADOS PROLONGADOS - ALA B;2026;2;0,7142857142857143;9,200000000000003
CSSI;UNIDADE DE CUIDADOS PROLONGADOS - ALA B;2026;3;0,42857142857142855;14,333333333333336
CSSI;UNIDADE DE CUIDADOS PROLONGADOS - ALA B;2026;4;0,8571428571428571;7,666666666666667
CSSI;UNIDADE DE CUIDADOS PROLONGADOS - ALA B;2026;5;1,203883495145631;7,624999999999999
CSSI;UNIDADE INTERNAÇÃO - CLINICA MÉDICA ALA A;2020;11;0,47619047619047616;50,50000000000001
CSSI;UNIDADE INTERNAÇÃO - CLINICA MÉDICA ALA A;2020;12;4,0;3,166666666666666
CSSI;UNIDADE INTERNAÇÃO - CLINICA MÉDICA ALA A;2021;1;3,0;4,111111111111112
CSSI;UNIDADE INTERNAÇÃO - CLINICA MÉDICA ALA A;2021;2;0,9032258064516129;25,499999999999996
CSSI;UNIDADE INTERNAÇÃO - CLINICA MÉDICA ALA A;2021;3;4,991525423728813;2,0526315789473686
CSSI;UNIDADE INTERNAÇÃO - CLINICA MÉDICA ALA A;2021;4;3,0;2,6666666666666674
CSSI;UNIDADE INTERNAÇÃO - CLINICA MÉDICA ALA A;2021;5;0,6666666666666666;19,0
CSSI;UNIDADE INTERNAÇÃO - CLINICA MÉDICA ALA A;2021;6;0,3333333333333333;36,00000000000001
CSSI;UNIDADE INTERNAÇÃO - CLINICA MÉDICA ALA A;2021;7;0,16666666666666666;56,999999999999986
CSSI;UNIDADE INTERNAÇÃO - CLINICA MÉDICA ALA A;2021;8;0,3333333333333333;22,500000000000004
CSSI;UNIDADE INTERNAÇÃO - CLINICA MÉDICA ALA A;2021;9;0,6666666666666666;22,5
CSSI;UNIDADE INTERNAÇÃO - CLINICA MÉDICA ALA A;2021;10;0,16666666666666666;111,0
CSSI;UNIDADE INTERNAÇÃO - CLINICA MÉDICA ALA A;2021;11;0,8333333333333334;19,599999999999998
CSSI;UNIDADE INTERNAÇÃO - CLINICA MÉDICA ALA A;2021;12;1,0;7,666666666666666
CSSI;UNIDADE INTERNAÇÃO - CLINICA MÉDICA ALA A;2022;1;1,0;9,666666666666664
CSSI;UNIDADE INTERNAÇÃO - CLINICA MÉDICA ALA A;2022;2;2,5;6,666666666666666
CSSI;UNIDADE INTERNAÇÃO - CLINICA MÉDICA ALA A;2022;3;3,5;2,952380952380953
CSSI;UNIDADE INTERNAÇÃO - CLINICA MÉDICA ALA A;2022;4;3,6666666666666665;1,0000000000000002
CSSI;UNIDADE INTERNAÇÃO - CLINICA MÉDICA ALA A;2022;5;4,0;2,833333333333334
CSSI;UNIDADE INTERNAÇÃO - CLINICA MÉDICA ALA A;2022;6;3,5;1,8571428571428574
CSSI;UNIDADE INTERNAÇÃO - CLINICA MÉDICA ALA A;2022;7;2,8333333333333335;2,2352941176470593
CSSI;UNIDADE INTERNAÇÃO - CLINICA MÉDICA ALA A;2022;8;4,666666666666667;2,0714285714285707
CSSI;UNIDADE INTERNAÇÃO - CLINICA MÉDICA ALA A;2022;9;4,0;2,375
CSSI;UNIDADE INTERNAÇÃO - CLINICA MÉDICA ALA A;2022;10;3,5;3,6666666666666665
CSSI;UNIDADE INTERNAÇÃO - CLINICA MÉDICA ALA A;2022;11;3,0;6,555555555555556
CSSI;UNIDADE INTERNAÇÃO - CLINICA MÉDICA ALA A;2022;12;0,5;48,99999999999999
CSSI;UNIDADE INTERNAÇÃO - CLINICA MÉDICA ALA A;2023;1;3,0;3,611111111111111
CSSI;UNIDADE INTERNAÇÃO - CLINICA MÉDICA ALA A;2023;2;3,1666666666666665;2,8947368421052624
CSSI;UNIDADE INTERNAÇÃO - CLINICA MÉDICA ALA A;2023;3;2,4942528735632186;6,785714285714286
CSSI;UNIDADE INTERNAÇÃO - CLINICA MÉDICA ALA A;2023;4;3,8333333333333335;2,5652173913043472
CSSI;UNIDADE INTERNAÇÃO - CLINICA MÉDICA ALA A;2023;5;3,1666666666666665;2,210526315789474
CSSI;UNIDADE INTERNAÇÃO - CLINICA MÉDICA ALA A;2023;6;3,5;1,9999999999999993
CSSI;UNIDADE INTERNAÇÃO - CLINICA MÉDICA ALA A;2023;7;3,6666666666666665;1,9090909090909094
CSSI;UNIDADE INTERNAÇÃO - CLINICA MÉDICA ALA A;2023;8;3,3333333333333335;2,5
CSSI;UNIDADE INTERNAÇÃO - CLINICA MÉDICA ALA A;2023;9;3,2;2,1874999999999996
CSSI;UNIDADE INTERNAÇÃO - CLINICA MÉDICA ALA B;2020;11;1,4285714285714286;18,666666666666668
CSSI;UNIDADE INTERNAÇÃO - CLINICA MÉDICA ALA B;2020;12;3,1666666666666665;5,210526315789473
CSSI;UNIDADE INTERNAÇÃO - CLINICA MÉDICA ALA B;2021;1;2,6666666666666665;5,437500000000001
CSSI;UNIDADE INTERNAÇÃO - CLINICA MÉDICA ALA B;2021;2;4,5;2,814814814814814
CSSI;UNIDADE INTERNAÇÃO - CLINICA MÉDICA ALA B;2021;3;5,0;1,2000000000000004
CSSI;UNIDADE INTERNAÇÃO - CLINICA MÉDICA ALA B;2021;4;3,6666666666666665;5,0
CSSI;UNIDADE INTERNAÇÃO - CLINICA MÉDICA ALA B;2021;5;2,8333333333333335;6,588235294117648
CSSI;UNIDADE INTERNAÇÃO - CLINICA MÉDICA ALA B;2021;6;3,6666666666666665;4,818181818181819
CSSI;UNIDADE INTERNAÇÃO - CLINICA MÉDICA ALA B;2021;7;4,5;3,5925925925925926
CSSI;UNIDADE INTERNAÇÃO - CLINICA MÉDICA ALA B;2021;8;3,0;5,611111111111111
CSSI;UNIDADE INTERNAÇÃO - CLINICA MÉDICA ALA B;2021;9;3,3333333333333335;2,3
CSSI;UNIDADE INTERNAÇÃO - CLINICA MÉDICA ALA B;2021;10;4,833333333333333;1,4482758620689657
CSSI;UNIDADE INTERNAÇÃO - CLINICA MÉDICA ALA B;2021;11;4,833333333333333;2,034482758620689
CSSI;UNIDADE INTERNAÇÃO - CLINICA MÉDICA ALA B;2021;12;4,5;2,814814814814815
CSSI;UNIDADE INTERNAÇÃO - CLINICA MÉDICA ALA B;2022;1;5,0;1,366666666666667
CSSI;UNIDADE INTERNAÇÃO - CLINICA MÉDICA ALA B;2022;2;3,3333333333333335;5,0
CSSI;UNIDADE INTERNAÇÃO - CLINICA MÉDICA ALA B;2022;3;1,8333333333333333;7,18181818181818
CSSI;UNIDADE INTERNAÇÃO - CLINICA MÉDICA ALA B;2022;4;3,5;1,4761904761904767
CSSI;UNIDADE INTERNAÇÃO - CLINICA MÉDICA ALA B;2022;5;2,5;4,6
CSSI;UNIDADE INTERNAÇÃO - CLINICA MÉDICA ALA B;2022;6;4,0;1,4999999999999996
CSSI;UNIDADE INTERNAÇÃO - CLINICA MÉDICA ALA B;2022;7;3,3333333333333335;5,15
CSSI;UNIDADE INTERNAÇÃO - CLINICA MÉDICA ALA B;2022;8;2,0;4,333333333333333
CSSI;UNIDADE INTERNAÇÃO - CLINICA MÉDICA ALA B;2022;9;2,8333333333333335;3,5294117647058827
CSSI;UNIDADE INTERNAÇÃO - CLINICA MÉDICA ALA B;2022;10;3,5;2,2857142857142856
CSSI;UNIDADE INTERNAÇÃO - CLINICA MÉDICA ALA B;2022;11;3,6666666666666665;1,954545454545455
CSSI;UNIDADE INTERNAÇÃO - CLINICA MÉDICA ALA B;2022;12;3,1666666666666665;2,789473684210526
CSSI;UNIDADE INTERNAÇÃO - CLINICA MÉDICA ALA B;2023;1;2,6666666666666665;1,6874999999999998
CSSI;UNIDADE INTERNAÇÃO - CLINICA MÉDICA ALA B;2023;2;2,5;5,133333333333335
CSSI;UNIDADE INTERNAÇÃO - CLINICA MÉDICA ALA B;2023;3;2,6724137931034484;4,733333333333333
CSSI;UNIDADE INTERNAÇÃO - CLINICA MÉDICA ALA B;2023;4;2,5;3,066666666666666
CSSI;UNIDADE INTERNAÇÃO - CLINICA MÉDICA ALA B;2023;5;2,3333333333333335;4,357142857142858
CSSI;UNIDADE INTERNAÇÃO - CLINICA MÉDICA ALA B;2023;6;2,5;6,066666666666666
CSSI;UNIDADE INTERNAÇÃO - CLINICA MÉDICA ALA B;2023;7;3,5;2,952380952380953
CSSI;UNIDADE INTERNAÇÃO - CLINICA MÉDICA ALA B;2023;8;3,5;1,80952380952381
CSSI;UNIDADE INTERNAÇÃO - CLINICA MÉDICA ALA B;2023;9;1,6;3,4999999999999996
CSSI;UNIDADE INTERNAÇÃO - CLÍNICA MÉDICA FEMININA;2019;1;6,166666666666667;0,7567567567567566
CSSI;UNIDADE INTERNAÇÃO - CLÍNICA MÉDICA FEMININA;2019;2;4,666666666666667;0,4285714285714284
CSSI;UNIDADE INTERNAÇÃO - CLÍNICA MÉDICA FEMININA;2019;3;5,5;0,24242424242424218
CSSI;UNIDADE INTERNAÇÃO - CLÍNICA MÉDICA FEMININA;2019;4;4,0;-0,12499999999999957
CSSI;UNIDADE INTERNAÇÃO - CLÍNICA MÉDICA FEMININA;2019;5;4,5;0,40740740740740705
CSSI;UNIDADE INTERNAÇÃO - CLÍNICA MÉDICA FEMININA;2019;6;5,5;0,909090909090909
CSSI;UNIDADE INTERNAÇÃO - CLÍNICA MÉDICA FEMININA;2019;7;4,166666666666667;1,2799999999999998
CSSI;UNIDADE INTERNAÇÃO - CLÍNICA MÉDICA FEMININA;2019;8;3,5;1,0
CSSI;UNIDADE INTERNAÇÃO - CLÍNICA MÉDICA FEMININA;2019;9;3,5;1,9047619047619047
CSSI;UNIDADE INTERNAÇÃO - CLÍNICA MÉDICA FEMININA;2019;10;4,166666666666667;2,4800000000000004
CSSI;UNIDADE INTERNAÇÃO - CLÍNICA MÉDICA FEMININA;2019;11;3,1666666666666665;3,5263157894736845
CSSI;UNIDADE INTERNAÇÃO - CLÍNICA MÉDICA FEMININA;2019;12;3,8333333333333335;1,1304347826086956
CSSI;UNIDADE INTERNAÇÃO - CLÍNICA MÉDICA FEMININA;2020;1;4,0;1,5833333333333337
CSSI;UNIDADE INTERNAÇÃO - CLÍNICA MÉDICA FEMININA;2020;2;3,0;1,3888888888888888
CSSI;UNIDADE INTERNAÇÃO - CLÍNICA MÉDICA FEMININA;2020;3;3,3333333333333335;2,35
CSSI;UNIDADE INTERNAÇÃO - CLÍNICA MÉDICA FEMININA;2020;4;3,0;2,6111111111111107
CSSI;UNIDADE INTERNAÇÃO - CLÍNICA MÉDICA FEMININA;2020;5;2,1666666666666665;4,307692307692307
CSSI;UNIDADE INTERNAÇÃO - CLÍNICA MÉDICA FEMININA;2020;6;3,1666666666666665;2,526315789473685
CSSI;UNIDADE INTERNAÇÃO - CLÍNICA MÉDICA FEMININA;2020;7;3,0;5,333333333333333
CSSI;UNIDADE INTERNAÇÃO - CLÍNICA MÉDICA FEMININA;2020;8;3,3333333333333335;3,9499999999999993
CSSI;UNIDADE INTERNAÇÃO - CLÍNICA MÉDICA FEMININA;2020;9;0,8333333333333334;13,999999999999996
CSSI;UNIDADE INTERNAÇÃO - CLÍNICA MÉDICA FEMININA;2020;10;2,3333333333333335;7,285714285714286
CSSI;UNIDADE INTERNAÇÃO - CLÍNICA MÉDICA FEMININA;2020;11;2,0833333333333335;9,8
CSSI;UNIDADE INTERNAÇÃO - CLÍNICA MÉDICA FEMININA;2022;2;0,7777777777777778;
CSSI;UNIDADE INTERNAÇÃO - CLINICA MÉDICA MASCULINA;2019;1;5,333333333333333;1,0312499999999996
CSSI;UNIDADE INTERNAÇÃO - CLINICA MÉDICA MASCULINA;2019;2;3,3333333333333335;0,7500000000000001
CSSI;UNIDADE INTERNAÇÃO - CLINICA MÉDICA MASCULINA;2019;3;4,833333333333333;0,8620689655172413
CSSI;UNIDADE INTERNAÇÃO - CLINICA MÉDICA MASCULINA;2019;4;4,166666666666667;0,7599999999999998
CSSI;UNIDADE INTERNAÇÃO - CLINICA MÉDICA MASCULINA;2019;5;5,666666666666667;0,20588235294117627
CSSI;UNIDADE INTERNAÇÃO - CLINICA MÉDICA MASCULINA;2019;6;4,333333333333333;1,230769230769231
CSSI;UNIDADE INTERNAÇÃO - CLINICA MÉDICA MASCULINA;2019;7;3,8333333333333335;2,478260869565217
CSSI;UNIDADE INTERNAÇÃO - CLINICA MÉDICA MASCULINA;2019;8;4,0;1,7083333333333337
CSSI;UNIDADE INTERNAÇÃO - CLINICA MÉDICA MASCULINA;2019;9;4,0;1,791666666666667
CSSI;UNIDADE INTERNAÇÃO - CLINICA MÉDICA MASCULINA;2019;10;3,6666666666666665;2,2272727272727275
CSSI;UNIDADE INTERNAÇÃO - CLINICA MÉDICA MASCULINA;2019;11;1,6666666666666667;7,700000000000001
CSSI;UNIDADE INTERNAÇÃO - CLINICA MÉDICA MASCULINA;2019;12;3,1666666666666665;0,5789473684210521
CSSI;UNIDADE INTERNAÇÃO - CLINICA MÉDICA MASCULINA;2020;1;2,5;4,666666666666667
CSSI;UNIDADE INTERNAÇÃO - CLINICA MÉDICA MASCULINA;2020;2;4,166666666666667;1,2
CSSI;UNIDADE INTERNAÇÃO - CLINICA MÉDICA MASCULINA;2020;3;2,6666666666666665;4,812499999999999
CSSI;UNIDADE INTERNAÇÃO - CLINICA MÉDICA MASCULINA;2020;4;0,6666666666666666;39,0
CSSI;UNIDADE INTERNAÇÃO - CLINICA MÉDICA MASCULINA;2020;5;0,8333333333333334;32,800000000000004
CSSI;UNIDADE INTERNAÇÃO - CLINICA MÉDICA MASCULINA;2020;6;1,8333333333333333;14,181818181818182
CSSI;UNIDADE INTERNAÇÃO - CLINICA MÉDICA MASCULINA;2020;7;2,6666666666666665;7,25
CSSI;UNIDADE INTERNAÇÃO - CLINICA MÉDICA MASCULINA;2020;8;2,3333333333333335;10,785714285714285
CSSI;UNIDADE INTERNAÇÃO - CLINICA MÉDICA MASCULINA;2020;9;2,6666666666666665;8,25
CSSI;UNIDADE INTERNAÇÃO - CLINICA MÉDICA MASCULINA;2020;10;1,8333333333333333;13,363636363636362
CSSI;UNIDADE INTERNAÇÃO - CLINICA MÉDICA MASCULINA;2020;11;1,0416666666666667;26,0
CSSI;UNIDADE URGENCIA/EMERGENCIA;2019;1;4,942028985507246;-0,7727272727272729
CSSI;UNIDADE URGENCIA/EMERGENCIA;2019;2;3,891891891891892;-1,4166666666666667
CSSI;UNIDADE URGENCIA/EMERGENCIA;2019;3;3,263157894736842;-2,366666666666667
CSSI;UNIDADE URGENCIA/EMERGENCIA;2019;4;4,329896907216495;-2,8571428571428577
CSSI;UNIDADE URGENCIA/EMERGENCIA;2019;5;5,404605263157895;-2,6226415094339623
CSSI;UNIDADE URGENCIA/EMERGENCIA;2019;6;3,709090909090909;-2,264705882352941
CSSI;UNIDADE URGENCIA/EMERGENCIA;2019;7;3,757575757575758;-0,7812500000000004
CSSI;UNIDADE URGENCIA/EMERGENCIA;2019;8;3,6853146853146854;-1,5882352941176467
CSSI;UNIDADE URGENCIA/EMERGENCIA;2019;9;3,0588235294117645;-0,5769230769230764
CSSI;UNIDADE URGENCIA/EMERGENCIA;2019;10;4,048507462686567;-0,8857142857142861
CSSI;UNIDADE URGENCIA/EMERGENCIA;2019;11;3,188976377952756;-0,11111111111111072
CSSI;UNIDADE URGENCIA/EMERGENCIA;2019;12;3,152542372881356;-3,3666666666666663
CSSI;UNIDADE URGENCIA/EMERGENCIA;2020;1;4,509090909090909;-1,6499999999999997
CSSI;UNIDADE URGENCIA/EMERGENCIA;2020;2;4,725925925925926;-1,9545454545454544
CSSI;UNIDADE URGENCIA/EMERGENCIA;2020;3;3,9857142857142858;-2,1111111111111116
CSSI;UNIDADE URGENCIA/EMERGENCIA;2020;4;3,737024221453287;-1,6944444444444442
CSSI;UNIDADE URGENCIA/EMERGENCIA;2020;5;3,072886297376093;2,0294117647058822
CSSI;UNIDADE URGENCIA/EMERGENCIA;2020;6;2,3195876288659796;5,133333333333334
CSSI;UNIDADE URGENCIA/EMERGENCIA;2020;7;2,1538461538461537;7,464285714285715
CSSI;UNIDADE URGENCIA/EMERGENCIA;2020;8;2,230769230769231;7,310344827586208
CSSI;UNIDADE URGENCIA/EMERGENCIA;2020;9;3,6923076923076925;3,1249999999999996
CSSI;UNIDADE URGENCIA/EMERGENCIA;2020;10;4,076923076923077;2,924528301886792
CSSI;UNIDADE URGENCIA/EMERGENCIA;2020;11;4,326923076923077;2,444444444444444
CSSI;UNIDADE URGENCIA/EMERGENCIA;2021;3;4,888461538461539;1,1219512195121955
CSSI;UNIDADE URGENCIA/EMERGENCIA;2021;4;3,5384615384615383;3,695652173913043
CSSI;UNIDADE URGENCIA/EMERGENCIA;2021;5;3,3846153846153846;3,1363636363636367
CSSI;UNIDADE URGENCIA/EMERGENCIA;2021;6;3,6153846153846154;2,4468085106382973
CSSI;UNIDADE URGENCIA/EMERGENCIA;2021;7;3,923076923076923;3,156862745098039
CSSI;UNIDADE URGENCIA/EMERGENCIA;2021;8;3,6153846153846154;2,1063829787234036
CSSI;UNIDADE URGENCIA/EMERGENCIA;2021;9;3,3846153846153846;2,318181818181818
CSSI;UNIDADE URGENCIA/EMERGENCIA;2021;10;2,8461538461538463;2,4324324324324325
CSSI;UNIDADE URGENCIA/EMERGENCIA;2021;11;2,6153846153846154;2,5
CSSI;UNIDADE URGENCIA/EMERGENCIA;2021;12;3,4615384615384617;3,5333333333333328
CSSI;UNIDADE URGENCIA/EMERGENCIA;2022;1;2,898016997167139;5,272727272727273
CSSI;UNIDADE URGENCIA/EMERGENCIA;2022;2;3,3076923076923075;2,837209302325582
CSSI;UNIDADE URGENCIA/EMERGENCIA;2022;3;2,1538461538461537;7,25
CSSI;UNIDADE URGENCIA/EMERGENCIA;2022;4;2,8461538461538463;3,6486486486486487
CSSI;UNIDADE URGENCIA/EMERGENCIA;2022;5;1,7692307692307692;9,608695652173912
CSSI;UNIDADE URGENCIA/EMERGENCIA;2022;6;1,4615384615384615;8,105263157894738
CSSI;UNIDADE URGENCIA/EMERGENCIA;2022;7;2,0;7,615384615384615
CSSI;UNIDADE URGENCIA/EMERGENCIA;2022;8;2,076923076923077;7,703703703703703
CSSI;UNIDADE URGENCIA/EMERGENCIA;2022;9;2,230769230769231;5,586206896551723
CSSI;UNIDADE URGENCIA/EMERGENCIA;2022;10;1,9230769230769231;6,039999999999999
CSSI;UNIDADE URGENCIA/EMERGENCIA;2022;11;1,9230769230769231;4,800000000000001
CSSI;UNIDADE URGENCIA/EMERGENCIA;2022;12;2,4615384615384617;5,624999999999999
CSSI;UNIDADE URGENCIA/EMERGENCIA;2023;1;2,0;5,730769230769233
CSSI;UNIDADE URGENCIA/EMERGENCIA;2023;2;1,6923076923076923;8,727272727272727
CSSI;UNIDADE URGENCIA/EMERGENCIA;2023;3;2,5423280423280423;5,548387096774194
CSSI;UNIDADE URGENCIA/EMERGENCIA;2023;4;2,3076923076923075;6,0
CSSI;UNIDADE URGENCIA/EMERGENCIA;2023;5;2,3076923076923075;6,933333333333333
CSSI;UNIDADE URGENCIA/EMERGENCIA;2023;6;2,923076923076923;5,473684210526316
CSSI;UNIDADE URGENCIA/EMERGENCIA;2023;7;1,8461538461538463;8,541666666666668
CSSI;UNIDADE URGENCIA/EMERGENCIA;2023;8;2,1538461538461537;5,964285714285715
CSSI;UNIDADE URGENCIA/EMERGENCIA;2023;9;2,3076923076923075;4,68
CSSI;UNIDADE URGÊNCIA/EMERGÊNCIA - OBSERVAÇÃO;2023;11;7,5;
CSSI;UNIDADE URGÊNCIA/EMERGÊNCIA - OBSERVAÇÃO;2023;12;3,4444444444444446;
CSSI;UNIDADE URGÊNCIA/EMERGÊNCIA - OBSERVAÇÃO;2024;1;6,2;
CSSI;UNIDADE URGÊNCIA/EMERGÊNCIA - OBSERVAÇÃO;2024;2;3,9545454545454546;
CSSI;UNIDADE URGÊNCIA/EMERGÊNCIA - OBSERVAÇÃO;2024;3;3,4444444444444446;
CSSI;UNIDADE URGÊNCIA/EMERGÊNCIA - OBSERVAÇÃO;2024;4;6,0;
CSSI;UNIDADE URGÊNCIA/EMERGÊNCIA - OBSERVAÇÃO;2024;5;46,5;
CSSI;UNIDADE URGÊNCIA/EMERGÊNCIA - OBSERVAÇÃO;2024;6;4,285714285714286;
CSSI;UNIDADE URGÊNCIA/EMERGÊNCIA - OBSERVAÇÃO;2024;11;30,0;
CSSI;UNIDADE URGÊNCIA/EMERGÊNCIA - OBSERVAÇÃO;2024;12;31,0;
CSSI;UNIDADE URGÊNCIA/EMERGÊNCIA - OBSERVAÇÃO;2025;1;5,166666666666667;
CSSI;UNIDADE URGÊNCIA/EMERGÊNCIA - OBSERVAÇÃO;2025;2;4,097560975609756;
CSSI;UNIDADE URGÊNCIA/EMERGÊNCIA - OBSERVAÇÃO;2025;3;7,342105263157895;
CSSI;UNIDADE URGÊNCIA/EMERGÊNCIA - OBSERVAÇÃO;2025;4;11,25;
CSSI;UNIDADE URGÊNCIA/EMERGÊNCIA - OBSERVAÇÃO;2025;6;4,285714285714286;
CSSI;UNIDADE URGÊNCIA/EMERGÊNCIA - OBSERVAÇÃO;2025;7;0,9393939393939394;
CSSI;UNIDADE URGÊNCIA/EMERGÊNCIA - OBSERVAÇÃO;2025;8;0,93;
CSSI;UNIDADE URGÊNCIA/EMERGÊNCIA - OBSERVAÇÃO;2025;9;0,7377049180327869;
CSSI;UNIDADE URGÊNCIA/EMERGÊNCIA - OBSERVAÇÃO;2025;10;0,8303571428571429;
CSSI;UNIDADE URGÊNCIA/EMERGÊNCIA - OBSERVAÇÃO;2025;11;0,7407407407407407;
CSSI;UNIDADE URGÊNCIA/EMERGÊNCIA - OBSERVAÇÃO;2025;12;2,5833333333333335;
CSSI;UNIDADE URGÊNCIA/EMERGÊNCIA - OBSERVAÇÃO;2026;1;4,1891891891891895;
CSSI;UNIDADE URGÊNCIA/EMERGÊNCIA - OBSERVAÇÃO;2026;2;5,25;
CSSI;UNIDADE URGÊNCIA/EMERGÊNCIA - OBSERVAÇÃO;2026;3;4,043478260869565;
CSSI;UNIDADE URGÊNCIA/EMERGÊNCIA - OBSERVAÇÃO;2026;4;4,883720930232558;
CSSI;UNIDADE URGÊNCIA/EMERGÊNCIA - OBSERVAÇÃO;2026;5;12,916666666666666;
CSSI;UNIDADES DE CUIDADOS PROLONGADOS - UCP;2023;11;2,0454545454545454;-29,833333333333332
CSSI;UNIDADES DE CUIDADOS PROLONGADOS - UCP;2023;12;0,6363636363636364;15,21428571428571
CSSI;UNIDADES DE CUIDADOS PROLONGADOS - UCP;2024;1;0,3181818181818182;22,14285714285715
CSSI;UNIDADES DE CUIDADOS PROLONGADOS - UCP;2024;2;0,5909090909090909;8,230769230769234
CSSI;UNIDADES DE CUIDADOS PROLONGADOS - UCP;2024;3;0,6818181818181818;2,5333333333333306
CSSI;UNIDADES DE CUIDADOS PROLONGADOS - UCP;2024;4;0,6363636363636364;5,714285714285715
CSSI;UNIDADES DE CUIDADOS PROLONGADOS - UCP;2024;5;0,8181818181818182;5,7222222222222205
CSSI;UNIDADES DE CUIDADOS PROLONGADOS - UCP;2024;6;0,7069219440353461;4,499999999999997
CSSI;UNIDADES DE CUIDADOS PROLONGADOS - UCP;2024;7;0,782608695652174;3,8333333333333344
CSSI;UNIDADES DE CUIDADOS PROLONGADOS - UCP;2024;8;0,6956521739130435;3,25
CSSI;UNIDADES DE CUIDADOS PROLONGADOS - UCP;2024;9;0,782608695652174;5,611111111111111
CSSI;UNIDADES DE CUIDADOS PROLONGADOS - UCP;2024;10;0,5652173913043478;1,5384615384615385
CSSI;UNIDADES DE CUIDADOS PROLONGADOS - UCP;2024;11;0,2608695652173913;3,666666666666662
CSSI;UNIDADES DE CUIDADOS PROLONGADOS - UCP;2024;12;0,43478260869565216;2,200000000000004
CSSI;UNIDADES DE CUIDADOS PROLONGADOS - UCP;2025;1;0,4782608695652174;4,545454545454549
CSSI;UNIDADES DE CUIDADOS PROLONGADOS - UCP;2025;2;0,43478260869565216;3,299999999999997
CSSI;UNIDADES DE CUIDADOS PROLONGADOS - UCP;2025;3;0,3656618610747051;5,888888888888893
CSSI;UNIDADES DE CUIDADOS PROLONGADOS - UCP;2025;4;0,28;11,714285714285708
CSSI;UNIDADES DE CUIDADOS PROLONGADOS - UCP;2025;5;0,44;7,8181818181818175
CSSI;UNIDADES DE CUIDADOS PROLONGADOS - UCP;2025;6;0,4;2,2999999999999963
CSSI;UNIDADES DE CUIDADOS PROLONGADOS - UCP;2025;7;0,32;10,624999999999995
CSSI;UNIDADES DE CUIDADOS PROLONGADOS - UCP;2025;8;0,4;11,999999999999996
CSSI;UNIDADES DE CUIDADOS PROLONGADOS - UCP;2025;9;0,36;12,888888888888884
CSSI;UNIDADES DE CUIDADOS PROLONGADOS - UCP;2025;10;0,36;12,777777777777782
CSSI;UNIDADES DE CUIDADOS PROLONGADOS - UCP;2025;11;0,28;22,42857142857143
CSSI;UNIDADES DE CUIDADOS PROLONGADOS - UCP;2025;12;0,16;37,25
CSSI;UNIDADES DE CUIDADOS PROLONGADOS - UCP;2026;1;0,28;20,285714285714285
CSSI;UNIDADES DE CUIDADOS PROLONGADOS - UCP;2026;2;0,24068767908309455;26,833333333333332
CSSI;UNIDADES DE CUIDADOS PROLONGADOS - UCP;2026;3;0,2916666666666667;7,285714285714292
CSSI;UNIDADES DE CUIDADOS PROLONGADOS - UCP;2026;4;0,32;8,624999999999996
CSSI;UNIDADES DE CUIDADOS PROLONGADOS - UCP;2026;5;0,28;3,571428571428568
HAC;CTI ADULTO;2025;10;1,2055555555555555;1,8571428571428563
HAC;CTI ADULTO;2025;11;0,6;0,5000000000000004
HAC;CTI ADULTO;2025;12;0,7;1,0000000000000002
HAC;CTI ADULTO;2026;1;1,5;1,4000000000000001
HAC;CTI ADULTO;2026;2;0,8;1,0000000000000004
HAC;CTI ADULTO;2026;3;1,1;0,727272727272726
HAC;CTI ADULTO;2026;4;1,2;1,3333333333333337
HAC;CTI ADULTO;2026;5;0,6241610738255033;2,166666666666666
HAC;UDC - OBSERVAÇÃO;2025;10;12,4;
HAC;UDC - OBSERVAÇÃO;2025;11;16,2;
HAC;UDC - OBSERVAÇÃO;2025;12;4,043478260869565;
HAC;UDC - OBSERVAÇÃO;2026;1;5,636363636363637;
HAC;UDC - OBSERVAÇÃO;2026;2;10,5;
HAC;UDC - OBSERVAÇÃO;2026;3;8,423913043478262;
HAC;UDC - OBSERVAÇÃO;2026;4;8,507462686567164;
HAC;UDC - OBSERVAÇÃO;2026;5;5,7745098039215685;
HAC;UNIDADE DE DECISAO CLINICA;2021;5;2,4603174603174605;7,800000000000001
HAC;UNIDADE DE DECISAO CLINICA;2021;6;3,2222222222222223;7,448275862068965
HAC;UNIDADE DE DECISAO CLINICA;2021;7;1,6666666666666667;14,866666666666667
HAC;UNIDADE DE DECISAO CLINICA;2021;8;2,0;12,666666666666666
HAC;UNIDADE DE DECISAO CLINICA;2021;9;1,5476190476190477;16,153846153846157
HAC;UNIDADE DE INTERNAÇÃO - CLÍNICA CIRÚRGICA;2025;10;5,338888888888889;0,3709677419354839
HAC;UNIDADE DE INTERNAÇÃO - CLÍNICA CIRÚRGICA;2025;11;4,8;0,677083333333333
HAC;UNIDADE DE INTERNAÇÃO - CLÍNICA CIRÚRGICA;2025;12;5,55;0,7927927927927929
HAC;UNIDADE DE INTERNAÇÃO - CLÍNICA CIRÚRGICA;2026;1;4,8;0,9687500000000001
HAC;UNIDADE DE INTERNAÇÃO - CLÍNICA CIRÚRGICA;2026;2;3,9;0,48717948717948706
HAC;UNIDADE DE INTERNAÇÃO - CLÍNICA CIRÚRGICA;2026;3;6,2;0,6048387096774195
HAC;UNIDADE DE INTERNAÇÃO - CLÍNICA CIRÚRGICA;2026;4;4,9;0,724489795918367
HAC;UNIDADE DE INTERNAÇÃO - CLÍNICA CIRÚRGICA;2026;5;4,8;0,42708333333333354
HAC;UNIDADE DE INTERNAÇÃO - CLÍNICA MÉDICA;2025;10;3,948421052631579;0,6776859504132234
HAC;UNIDADE DE INTERNAÇÃO - CLÍNICA MÉDICA;2025;11;3,3081285444234405;0,8457142857142853
HAC;UNIDADE DE INTERNAÇÃO - CLÍNICA MÉDICA;2025;12;3,150943396226415;1,1017964071856288
HAC;UNIDADE DE INTERNAÇÃO - CLÍNICA MÉDICA;2026;1;3,207547169811321;0,9000000000000001
HAC;UNIDADE DE INTERNAÇÃO - CLÍNICA MÉDICA;2026;2;3,0229419703103915;0,7687499999999995
HAC;UNIDADE DE INTERNAÇÃO - CLÍNICA MÉDICA;2026;3;3,5404486743711763;0,5357142857142861
HAC;UNIDADE DE INTERNAÇÃO - CLÍNICA MÉDICA;2026;4;3,634069400630915;0,8020833333333335
HAC;UNIDADE DE INTERNAÇÃO - CLÍNICA MÉDICA;2026;5;3,8127317676143386;0,5929648241206026
HAC;UNIDADE INTERNAÇÃO - CIRURGIA GERAL;2019;1;4,811338289962825;2,467065868263473
HAC;UNIDADE INTERNAÇÃO - CIRURGIA GERAL;2019;2;5,085714285714285;1,4325842696629216
HAC;UNIDADE INTERNAÇÃO - CIRURGIA GERAL;2019;3;4,661439114391144;2,441717791411043
HAC;UNIDADE INTERNAÇÃO - CIRURGIA GERAL;2019;4;5,4337464251668255;1,7631578947368416
HAC;UNIDADE INTERNAÇÃO - CIRURGIA GERAL;2019;5;5,3428571428571425;1,4064171122994655
HAC;UNIDADE INTERNAÇÃO - CIRURGIA GERAL;2019;6;5,371428571428571;2,0106382978723403
HAC;UNIDADE INTERNAÇÃO - CIRURGIA GERAL;2019;7;4,8177613320999075;2,8333333333333326
HAC;UNIDADE INTERNAÇÃO - CIRURGIA GERAL;2019;8;4,914285714285715;2,5465116279069764
HAC;UNIDADE INTERNAÇÃO - CIRURGIA GERAL;2019;9;4,1246290801186944;2,8417266187050356
HAC;UNIDADE INTERNAÇÃO - CIRURGIA GERAL;2019;10;4,542857142857143;2,2955974842767293
HAC;UNIDADE INTERNAÇÃO - CIRURGIA GERAL;2019;11;4,4;3,5324675324675328
HAC;UNIDADE INTERNAÇÃO - CIRURGIA GERAL;2019;12;4,114285714285714;4,409722222222222
HAC;UNIDADE INTERNAÇÃO - CIRURGIA GERAL;2020;1;2,9714285714285715;5,125000000000001
HAC;UNIDADE INTERNAÇÃO - CIRURGIA GERAL;2020;2;4,085714285714285;3,2027972027972025
HAC;UNIDADE INTERNAÇÃO - CIRURGIA GERAL;2020;3;3,9714285714285715;3,460431654676259
HAC;UNIDADE INTERNAÇÃO - CIRURGIA GERAL;2020;4;3,3714285714285714;4,008474576271186
HAC;UNIDADE INTERNAÇÃO - CIRURGIA GERAL;2020;5;3,2285714285714286;4,380530973451328
HAC;UNIDADE INTERNAÇÃO - CIRURGIA GERAL;2020;6;3,073170731707317;4,552380952380952
HAC;UNIDADE INTERNAÇÃO - CIRURGIA GERAL;2020;7;3,0;4,476190476190476
HAC;UNIDADE INTERNAÇÃO - CIRURGIA GERAL;2020;8;3,457807953443259;4,417391304347826
HAC;UNIDADE INTERNAÇÃO - CIRURGIA GERAL;2020;9;3,303030303030303;3,6880733944954116
HAC;UNIDADE INTERNAÇÃO - CIRURGIA GERAL;2020;10;3,6363636363636362;3,566666666666666
HAC;UNIDADE INTERNAÇÃO - CIRURGIA GERAL;2020;11;3,6577868852459017;3,8403361344537803
HAC;UNIDADE INTERNAÇÃO - CIRURGIA GERAL;2020;12;3,909090909090909;3,5193798449612412
HAC;UNIDADE INTERNAÇÃO - CIRURGIA GERAL;2021;1;3,4866369710467704;4,297029702970296
HAC;UNIDADE INTERNAÇÃO - CIRURGIA GERAL;2021;2;3,075877689694224;3,1030927835051543
HAC;UNIDADE INTERNAÇÃO - CIRURGIA GERAL;2021;3;4,3064039408867;2,7163120567375882
HAC;UNIDADE INTERNAÇÃO - CIRURGIA GERAL;2021;4;3,7843336724313326;3,443548387096774
HAC;UNIDADE INTERNAÇÃO - CIRURGIA GERAL;2021;5;4,359375;2,861111111111111
HAC;UNIDADE INTERNAÇÃO - CIRURGIA GERAL;2021;6;4,03030303030303;2,8496240601503766
HAC;UNIDADE INTERNAÇÃO - CIRURGIA GERAL;2021;7;4,320662768031189;2,979020979020979
HAC;UNIDADE INTERNAÇÃO - CIRURGIA GERAL;2021;8;3,86003861003861;4,813953488372094
HAC;UNIDADE INTERNAÇÃO - CIRURGIA GERAL;2021;9;3,6363636363636362;5,016129032258065
HAC;UNIDADE INTERNAÇÃO - CIRURGIA GERAL;2021;10;3,8660508083140877;5,101851851851852
HAC;UNIDADE INTERNAÇÃO - CIRURGIA GERAL;2021;11;3,892857142857143;4,220183486238533
HAC;UNIDADE INTERNAÇÃO - CIRURGIA GERAL;2021;12;3,8214285714285716;4,579439252336448
HAC;UNIDADE INTERNAÇÃO - CIRURGIA GERAL;2022;1;2,300486618004866;9,131147540983607
HAC;UNIDADE INTERNAÇÃO - CIRURGIA GERAL;2022;2;3,0095238095238095;5,81012658227848
HAC;UNIDADE INTERNAÇÃO - CIRURGIA GERAL;2022;3;3,153757225433526;5,045454545454545
HAC;UNIDADE INTERNAÇÃO - CIRURGIA GERAL;2022;4;3,4615384615384617;4,122222222222222
HAC;UNIDADE INTERNAÇÃO - CIRURGIA GERAL;2022;5;4,220657276995305;3,017241379310345
HAC;UNIDADE INTERNAÇÃO - CIRURGIA GERAL;2022;6;4,18854415274463;3,034188034188034
HAC;UNIDADE INTERNAÇÃO - CIRURGIA GERAL;2022;7;3,807017543859649;2,99047619047619
HAC;UNIDADE INTERNAÇÃO - CIRURGIA GERAL;2022;8;4,65554231227652;2,658730158730159
HAC;UNIDADE INTERNAÇÃO - CIRURGIA GERAL;2022;9;3,2142857142857144;4,30952380952381
HAC;UNIDADE INTERNAÇÃO - CLINICA CIRURGICA;2022;9;6,617647058823529;
HAC;UNIDADE INTERNAÇÃO - CLINICA CIRURGICA;2022;10;4,884114583333333;0,3801652892561986
HAC;UNIDADE INTERNAÇÃO - CLINICA CIRURGICA;2022;11;3,402439024390244;4,290322580645161
HAC;UNIDADE INTERNAÇÃO - CLINICA CIRURGICA;2022;12;4,213216957605985;2,4587155963302747
HAC;UNIDADE INTERNAÇÃO - CLINICA CIRURGICA;2023;1;3,4526066350710902;2,7553191489361706
HAC;UNIDADE INTERNAÇÃO - CLINICA CIRURGICA;2023;2;4,134715025906735;2,7192982456140347
HAC;UNIDADE INTERNAÇÃO - CLINICA CIRURGICA;2023;3;6,542331288343559;1,0872093023255816
HAC;UNIDADE INTERNAÇÃO - CLINICA CIRURGICA;2023;4;4,8777506112469435;1,7443609022556388
HAC;UNIDADE INTERNAÇÃO - CLINICA CIRURGICA;2023;5;5,251764705882353;1,9444444444444449
HAC;UNIDADE INTERNAÇÃO - CLINICA CIRURGICA;2023;6;5,552884615384615;1,5519480519480524
HAC;UNIDADE INTERNAÇÃO - CLINICA CIRURGICA;2023;7;5,714285714285714;1,56875
HAC;UNIDADE INTERNAÇÃO - CLINICA CIRURGICA;2023;8;5,785714285714286;1,2716049382716053
HAC;UNIDADE INTERNAÇÃO - CLINICA CIRURGICA;2023;9;4,981949458483754;1,847826086956522
HAC;UNIDADE INTERNAÇÃO - CLINICA CIRURGICA;2023;10;5,472706155632985;1,4802631578947365
HAC;UNIDADE INTERNAÇÃO - CLINICA CIRURGICA;2023;11;4,321428571428571;2,5619834710743805
HAC;UNIDADE INTERNAÇÃO - CLINICA CIRURGICA;2023;12;5,107142857142857;2,013986013986014
HAC;UNIDADE INTERNAÇÃO - CLINICA CIRURGICA;2024;1;6,06957928802589;1,84297520661157
HAC;UNIDADE INTERNAÇÃO - CLINICA CIRURGICA;2024;2;6,668989547038327;1,7045454545454548
HAC;UNIDADE INTERNAÇÃO - CLINICA CIRURGICA;2024;3;7,55;1,2251655629139069
HAC;UNIDADE INTERNAÇÃO - CLINICA CIRURGICA;2024;4;7,135678391959799;0,9999999999999997
HAC;UNIDADE INTERNAÇÃO - CLINICA CIRURGICA;2024;5;6,782820097244732;1,0074074074074078
HAC;UNIDADE INTERNAÇÃO - CLINICA CIRURGICA;2024;6;6,9;1,1811594202898548
HAC;UNIDADE INTERNAÇÃO - CLINICA CIRURGICA;2024;7;6,089285714285714;1,3884297520661155
HAC;UNIDADE INTERNAÇÃO - CLINICA CIRURGICA;2024;8;6,7;1,8432835820895526
HAC;UNIDADE INTERNAÇÃO - CLINICA CIRURGICA;2024;9;7,1;1,2112676056338025
HAC;UNIDADE INTERNAÇÃO - CLINICA CIRURGICA;2024;10;7,9;1,050632911392405
HAC;UNIDADE INTERNAÇÃO - CLINICA CIRURGICA;2024;11;7,6400679117147705;0,6
HAC;UNIDADE INTERNAÇÃO - CLINICA CIRURGICA;2024;12;7,383445945945946;1,2056737588652484
HAC;UNIDADE INTERNAÇÃO - CLINICA CIRURGICA;2025;1;6,813758389261745;1,0687022900763359
HAC;UNIDADE INTERNAÇÃO - CLINICA CIRURGICA;2025;2;5,45;0,963302752293578
HAC;UNIDADE INTERNAÇÃO - CLINICA CIRURGICA;2025;3;5,95;0,5462184873949582
HAC;UNIDADE INTERNAÇÃO - CLINICA CIRURGICA;2025;4;6,95;0,5755395683453235
HAC;UNIDADE INTERNAÇÃO - CLINICA CIRURGICA;2025;5;6,119741100323624;0,5983606557377048
HAC;UNIDADE INTERNAÇÃO - CLINICA CIRURGICA;2025;6;6,1;0,5901639344262296
HAC;UNIDADE INTERNAÇÃO - CLINICA CIRURGICA;2025;7;5,05;0,3366336633663365
HAC;UNIDADE INTERNAÇÃO - CLINICA CIRURGICA;2025;8;6,05;0,5702479338842977
HAC;UNIDADE INTERNAÇÃO - CLINICA CIRURGICA;2025;9;5,3355704697986575;0,41509433962264153
HAC;UNIDADE INTERNAÇÃO - CLINICA CIRURGICA;2025;10;6,438461538461539;0,1666666666666666
HAC;UNIDADE INTERNAÇÃO - CLINICA MÉDICA;2019;1;2,5351506456241033;0,43859649122807043
HAC;UNIDADE INTERNAÇÃO - CLINICA MÉDICA;2019;2;2,488888888888889;0,5535714285714292
HAC;UNIDADE INTERNAÇÃO - CLINICA MÉDICA;2019;3;2,488888888888889;0,482142857142857
HAC;UNIDADE INTERNAÇÃO - CLINICA MÉDICA;2019;4;2,316258351893096;0,19230769230769273
HAC;UNIDADE INTERNAÇÃO - CLINICA MÉDICA;2019;5;2,533333333333333;0,7456140350877196
HAC;UNIDADE INTERNAÇÃO - CLINICA MÉDICA;2019;6;2,466666666666667;0,6846846846846846
HAC;UNIDADE INTERNAÇÃO - CLINICA MÉDICA;2019;7;2,357245337159254;0,05660377358490528
HAC;UNIDADE INTERNAÇÃO - CLINICA MÉDICA;2019;8;2,4;0,19444444444444398
HAC;UNIDADE INTERNAÇÃO - CLINICA MÉDICA;2019;9;2,470326409495549;1,288288288288288
HAC;UNIDADE INTERNAÇÃO - CLINICA MÉDICA;2019;10;2,6666666666666665;0,8833333333333332
HAC;UNIDADE INTERNAÇÃO - CLINICA MÉDICA;2019;11;2,5555555555555554;0,530434782608696
HAC;UNIDADE INTERNAÇÃO - CLINICA MÉDICA;2019;12;2,964054636951833;0,6541353383458652
HAC;UNIDADE INTERNAÇÃO - CLINICA MÉDICA;2020;1;2,757532281205165;0,8306451612903222
HAC;UNIDADE INTERNAÇÃO - CLINICA MÉDICA;2020;2;2,111111111111111;0,4736842105263152
HAC;UNIDADE INTERNAÇÃO - CLINICA MÉDICA;2020;3;2,8485283560660446;1,1171874999999998
HAC;UNIDADE INTERNAÇÃO - CLINICA MÉDICA;2020;4;2,2888888888888888;2,252427184466019
HAC;UNIDADE INTERNAÇÃO - CLINICA MÉDICA;2020;5;2,511111111111111;1,2743362831858411
HAC;UNIDADE INTERNAÇÃO - CLINICA MÉDICA;2020;6;2,7575982209043737;1,0080645161290327
HAC;UNIDADE INTERNAÇÃO - CLINICA MÉDICA;2020;7;2,759511844938981;1,4919354838709677
HAC;UNIDADE INTERNAÇÃO - CLINICA MÉDICA;2020;8;2,6946508172362558;1,0341880341880343
HAC;UNIDADE INTERNAÇÃO - CLINICA MÉDICA;2020;9;2,4768518518518516;1,0186915887850465
HAC;UNIDADE INTERNAÇÃO - CLINICA MÉDICA;2020;10;2,655834564254062;1,6293103448275859
HAC;UNIDADE INTERNAÇÃO - CLINICA MÉDICA;2020;11;2,4941724941724943;1,8411214953271022
HAC;UNIDADE INTERNAÇÃO - CLINICA MÉDICA;2020;12;2,7168539325842698;1,3333333333333335
HAC;UNIDADE INTERNAÇÃO - CLINICA MÉDICA;2021;1;2,212656364974246;1,9175257731958768
HAC;UNIDADE INTERNAÇÃO - CLINICA MÉDICA;2021;2;2,0554649265905383;1,788888888888889
HAC;UNIDADE INTERNAÇÃO - CLINICA MÉDICA;2021;3;2,436885865457294;1,9134615384615392
HAC;UNIDADE INTERNAÇÃO - CLINICA MÉDICA;2021;4;2,116279069767442;1,9670329670329678
HAC;UNIDADE INTERNAÇÃO - CLINICA MÉDICA;2021;5;1,9897884755652808;1,4545454545454537
HAC;UNIDADE INTERNAÇÃO - CLINICA MÉDICA;2021;6;2,076045627376426;2,219780219780219
HAC;UNIDADE INTERNAÇÃO - CLINICA MÉDICA;2021;7;1,9868900218499637;2,318181818181819
HAC;UNIDADE INTERNAÇÃO - CLINICA MÉDICA;2021;8;2,4467609828741623;1,877358490566037
HAC;UNIDADE INTERNAÇÃO - CLINICA MÉDICA;2021;9;2,757847533632287;1,2357723577235769
HAC;UNIDADE INTERNAÇÃO - CLINICA MÉDICA;2021;10;3,386744355426074;1,2999999999999996
HAC;UNIDADE INTERNAÇÃO - CLINICA MÉDICA;2021;11;2,4167312161115415;1,471153846153846
HAC;UNIDADE INTERNAÇÃO - CLINICA MÉDICA;2021;12;2,7468354430379747;1,3865546218487401
HAC;UNIDADE INTERNAÇÃO - CLINICA MÉDICA;2022;1;3,347300564061241;1,4477611940298503
HAC;UNIDADE INTERNAÇÃO - CLINICA MÉDICA;2022;2;2,5044722719141324;1,9899999999999998
HAC;UNIDADE INTERNAÇÃO - CLINICA MÉDICA;2022;3;2,3340643274853803;2,368932038834951
HAC;UNIDADE INTERNAÇÃO - CLINICA MÉDICA;2022;4;2,3873873873873874;2,528301886792453
HAC;UNIDADE INTERNAÇÃO - CLINICA MÉDICA;2022;5;2,6878612716763004;2,674999999999999
HAC;UNIDADE INTERNAÇÃO - CLINICA MÉDICA;2022;6;3,120567375886525;1,9545454545454541
HAC;UNIDADE INTERNAÇÃO - CLINICA MÉDICA;2022;7;3,15893536121673;2,0298507462686564
HAC;UNIDADE INTERNAÇÃO - CLINICA MÉDICA;2022;8;2,47450110864745;2,157407407407408
HAC;UNIDADE INTERNAÇÃO - CLINICA MÉDICA;2022;9;1,879245283018868;3,2289156626506026
HAC;UNIDADE INTERNAÇÃO - CLINICA MÉDICA;2022;10;2,5663003663003665;1,8318584070796469
HAC;UNIDADE INTERNAÇÃO - CLINICA MÉDICA;2022;11;2,04855842185129;2,077777777777777
HAC;UNIDADE INTERNAÇÃO - CLINICA MÉDICA;2022;12;2,9336810730253355;1,8740157480314965
HAC;UNIDADE INTERNAÇÃO - CLINICA MÉDICA;2023;1;2,338757396449704;2,1764705882352935
HAC;UNIDADE INTERNAÇÃO - CLINICA MÉDICA;2023;2;2,2070063694267517;1,737373737373738
HAC;UNIDADE INTERNAÇÃO - CLINICA MÉDICA;2023;3;2,78515625;0,904347826086956
HAC;UNIDADE INTERNAÇÃO - CLINICA MÉDICA;2023;4;2,7104247104247103;1,3931623931623938
HAC;UNIDADE INTERNAÇÃO - CLINICA MÉDICA;2023;5;2,449778434268833;1,7943925233644853
HAC;UNIDADE INTERNAÇÃO - CLINICA MÉDICA;2023;6;2,5488721804511276;1,8141592920353986
HAC;UNIDADE INTERNAÇÃO - CLINICA MÉDICA;2023;7;2,2222222222222223;1,7000000000000006
HAC;UNIDADE INTERNAÇÃO - CLINICA MÉDICA;2023;8;2,388326848249027;0,16161616161616113
HAC;UNIDADE INTERNAÇÃO - CLINICA MÉDICA;2023;9;2,9977460555972955;0,9248120300751875
HAC;UNIDADE INTERNAÇÃO - CLINICA MÉDICA;2023;10;2,6596971881759193;1,512605042016807
HAC;UNIDADE INTERNAÇÃO - CLINICA MÉDICA;2023;11;2,3076923076923075;1,9126213592233003
HAC;UNIDADE INTERNAÇÃO - CLINICA MÉDICA;2023;12;2,5195936139332367;1,6160714285714284
HAC;UNIDADE INTERNAÇÃO - CLINICA MÉDICA;2024;1;2,7153284671532845;1,4318181818181817
HAC;UNIDADE INTERNAÇÃO - CLINICA MÉDICA;2024;2;2,855915399867812;1,308724832214765
HAC;UNIDADE INTERNAÇÃO - CLINICA MÉDICA;2024;3;2,823420074349442;1,4693877551020407
HAC;UNIDADE INTERNAÇÃO - CLINICA MÉDICA;2024;4;3,493150684931507;0,6647058823529409
HAC;UNIDADE INTERNAÇÃO - CLINICA MÉDICA;2024;5;3,2291666666666665;0,6181818181818178
HAC;UNIDADE INTERNAÇÃO - CLINICA MÉDICA;2024;6;2,623056994818653;0,9999999999999997
HAC;UNIDADE INTERNAÇÃO - CLINICA MÉDICA;2024;7;3,0536159600997506;0,8670886075949372
HAC;UNIDADE INTERNAÇÃO - CLINICA MÉDICA;2024;8;3,3461538461538463;0,9770114942528734
HAC;UNIDADE INTERNAÇÃO - CLINICA MÉDICA;2024;9;2,6464906632324534;0,6204379562043798
HAC;UNIDADE INTERNAÇÃO - CLINICA MÉDICA;2024;10;3,0767790262172285;0,4465408805031453
HAC;UNIDADE INTERNAÇÃO - CLINICA MÉDICA;2024;11;3,1257941550190598;0,43902439024390216
HAC;UNIDADE INTERNAÇÃO - CLINICA MÉDICA;2024;12;2,8469387755102042;0,8611111111111109
HAC;UNIDADE INTERNAÇÃO - CLINICA MÉDICA;2025;1;3,4422835633626097;0,6892655367231637
HAC;UNIDADE INTERNAÇÃO - CLINICA MÉDICA;2025;2;2,967391304347826;0,5961538461538467
HAC;UNIDADE INTERNAÇÃO - CLINICA MÉDICA;2025;3;3,751833740831296;0,3585858585858584
HAC;UNIDADE INTERNAÇÃO - CLINICA MÉDICA;2025;4;3,3623910336239105;0,08888888888888936
HAC;UNIDADE INTERNAÇÃO - CLINICA MÉDICA;2025;5;3,6090686274509802;0,3736842105263159
HAC;UNIDADE INTERNAÇÃO - CLINICA MÉDICA;2025;6;3,306199123356293;0,27840909090909044
HAC;UNIDADE INTERNAÇÃO - CLINICA MÉDICA;2025;7;4,055012224938875;0,205607476635514
HAC;UNIDADE INTERNAÇÃO - CLINICA MÉDICA;2025;8;3,2385265700483092;0,38150289017341044
HAC;UNIDADE INTERNAÇÃO - CLINICA MÉDICA;2025;9;3,6448598130841123;0,16410256410256427
HAC;UNIDADE INTERNAÇÃO - CLINICA MÉDICA;2025;10;3,587142857142857;-0,12345679012345614
HAC;UNIDADE URGENCIA/EMERGENCIA;2019;1;2,468384074941452;2,441176470588235
HAC;UNIDADE URGENCIA/EMERGENCIA;2019;2;3,536082474226804;0,7755102040816326
HAC;UNIDADE URGENCIA/EMERGENCIA;2019;3;3,5714285714285716;0,8599999999999997
HAC;UNIDADE URGENCIA/EMERGENCIA;2019;4;4,357142857142857;0,6065573770491806
HAC;UNIDADE URGENCIA/EMERGENCIA;2019;5;4,491686460807601;0,6885245901639345
HAC;UNIDADE URGENCIA/EMERGENCIA;2019;6;2,955665024630542;0,8500000000000002
HAC;UNIDADE URGENCIA/EMERGENCIA;2019;7;2,5773672055427252;1,1388888888888888
HAC;UNIDADE URGENCIA/EMERGENCIA;2019;8;2,8181818181818183;0,9473684210526316
HAC;UNIDADE URGENCIA/EMERGENCIA;2019;9;2,1641791044776117;7,137931034482759
HAC;UNIDADE URGENCIA/EMERGENCIA;2019;10;2,2794117647058822;6,666666666666668
HAC;UNIDADE URGENCIA/EMERGENCIA;2019;11;2,903225806451613;4,166666666666666
HAC;UNIDADE URGENCIA/EMERGENCIA;2019;12;2,4704370179948585;6,064516129032257
HAC;UNIDADE URGENCIA/EMERGENCIA;2020;1;3,401496259351621;3,590909090909091
HAC;UNIDADE URGENCIA/EMERGENCIA;2020;2;2,076923076923077;3,925925925925925
HAC;UNIDADE URGENCIA/EMERGENCIA;2020;3;1,7692307692307692;11,65217391304348
HAC;UNIDADE URGENCIA/EMERGENCIA;2020;4;0,6153846153846154;44,0
HAC;UNIDADE URGENCIA/EMERGENCIA;2020;5;1,5897435897435896;15,714285714285714
HAC;UNIDADE URGENCIA/EMERGENCIA;2020;6;1,875;11,0
HAC;UNIDADE URGENCIA/EMERGENCIA;2020;7;2,625;9,238095238095239
HAC;UNIDADE URGENCIA/EMERGENCIA;2020;8;4,382758620689655;4,780487804878049
HAC;UNIDADE URGENCIA/EMERGENCIA;2020;9;3,6713286713286712;5,342857142857143
HAC;UNIDADE URGENCIA/EMERGENCIA;2020;10;3,5555555555555554;6,78125
HAC;UNIDADE URGENCIA/EMERGENCIA;2020;11;4,333333333333333;5,102564102564103
HAC;UNIDADE URGENCIA/EMERGENCIA;2020;12;2,8181818181818183;8,407407407407407
HAC;UNIDADE URGENCIA/EMERGENCIA;2021;1;4,053003533568905;5,864864864864865
HAC;UNIDADE URGENCIA/EMERGENCIA;2021;2;2,985294117647059;6,827586206896553
HAC;UNIDADE URGENCIA/EMERGENCIA;2021;3;2,6826923076923075;7,185185185185185
HAC;UNIDADE URGENCIA/EMERGENCIA;2021;4;2,668711656441718;4,8965517241379315
HAC;UNIDADE URGENCIA/EMERGENCIA;2021;5;2,524886877828054;8,333333333333334
HAC;UTI;2019;1;1,125;1,222222222222221
HAC;UTI;2019;2;0,5;1,9999999999999991
HAC;UTI;2019;3;0,875;1,1428571428571417
HAC;UTI;2019;4;0,625;1,5999999999999994
HAC;UTI;2019;5;1,5;0,08333333333333326
HAC;UTI;2019;6;0,625;0,3999999999999986
HAC;UTI;2019;7;0,875;1,7142857142857129
HAC;UTI;2019;8;0,875;0,14285714285714274
HAC;UTI;2019;9;0,9125475285171103;0,24999999999999847
HAC;UTI;2019;10;0,7777777777777778;4,4285714285714315
HAC;UTI;2019;11;0,47244094488188976;6,750000000000002
HAC;UTI;2019;12;0,5555555555555556;4,999999999999997
HAC;UTI;2020;1;0,3333333333333333;7,33333333333333
HAC;UTI;2020;2;0,8888888888888888;2,125
HAC;UTI;2020;3;1,1111111111111112;4,300000000000001
HAC;UTI;2020;4;1,2222222222222223;0,9090909090909104
HAC;UTI;2020;5;1,0;2,5555555555555554
HAC;UTI;2020;6;0,7777777777777778;6,857142857142859
HAC;UTI;2020;7;1,1111111111111112;2,7000000000000006
HAC;UTI;2020;8;0,3333333333333333;10,33333333333334
HAC;UTI;2020;9;0,44609665427509293;14,750000000000002
HAC;UTI;2020;10;1,0;9,499999999999998
HAC;UTI;2020;11;0,375;23,66666666666666
HAC;UTI;2020;12;0,375;24,33333333333333
HAC;UTI;2021;1;0,875;4,571428571428571
HAC;UTI;2021;2;0,875;5,285714285714285
HAC;UTI;2021;3;0,5254237288135594;5,0
HAC;UTI;2021;4;1,0;1,0999999999999988
HAC;UTI;2021;5;1,86;0,6666666666666673
HAC;UTI - ADULTO;2021;5;0,11923076923076924;21,000000000000014
HAC;UTI - ADULTO;2021;6;1,2;2,833333333333332
HAC;UTI - ADULTO;2021;7;0,7;1,7142857142857137
HAC;UTI - ADULTO;2021;8;0,9;2,8888888888888884
HAC;UTI - ADULTO;2021;9;0,6;7,500000000000001
HAC;UTI - ADULTO;2021;10;1,0;7,599999999999998
HAC;UTI - ADULTO;2021;11;1,2162162162162162;5,250000000000001
HAC;UTI - ADULTO;2021;12;1,3;4,307692307692308
HAC;UTI - ADULTO;2022;1;0,5;17,400000000000002
HAC;UTI - ADULTO;2022;2;0,4;14,750000000000004
HAC;UTI - ADULTO;2022;3;0,6;9,833333333333334
HAC;UTI - ADULTO;2022;4;0,7;0,5714285714285704
HAC;UTI - ADULTO;2022;5;1,612;2,7692307692307696
HAC;UTI - ADULTO;2022;6;0,9230769230769231;5,625000000000003
HAC;UTI - ADULTO;2022;7;0,7294117647058823;10,5
HAC;UTI - ADULTO;2022;8;1,5;6,6
HAC;UTI - ADULTO;2022;9;0,7;5,285714285714284
HAC;UTI - ADULTO;2022;10;0,8;6,249999999999999
HAC;UTI - ADULTO;2022;11;1,1;5,454545454545452
HAC;UTI - ADULTO;2022;12;1,0;4,799999999999999
HAC;UTI - ADULTO;2023;1;0,7;4,857142857142855
HAC;UTI - ADULTO;2023;2;0,7;9,285714285714283
HAC;UTI - ADULTO;2023;3;1,0763888888888888;5,799999999999998
HAC;UTI - ADULTO;2023;4;0,7;6,0
HAC;UTI - ADULTO;2023;5;1,2;2,666666666666668
HAC;UTI - ADULTO;2023;6;0,9;3,5555555555555567
HAC;UTI - ADULTO;2023;7;1,0;3,5
HAC;UTI - ADULTO;2023;8;1,3;1,8461538461538456
HAC;UTI - ADULTO;2023;9;0,8;3,374999999999999
HAC;UTI - ADULTO;2023;10;0,5016181229773463;4,199999999999998
HAC;UTI - ADULTO;2023;11;0,8;2,6249999999999982
HAC;UTI - ADULTO;2023;12;0,8;1,8749999999999982
HAC;UTI - ADULTO;2024;1;0,7209302325581395;3,571428571428571
HAC;UTI - ADULTO;2024;2;0,5034722222222222;7,3999999999999995
HAC;UTI - ADULTO;2024;3;0,6;4,166666666666669
HAC;UTI - ADULTO;2024;4;0,9;4,444444444444444
HAC;UTI - ADULTO;2024;5;1,0;2,8999999999999986
HAC;UTI - ADULTO;2024;6;0,5;7,800000000000001
HAC;UTI - ADULTO;2024;7;0,7;7,714285714285714
HAC;UTI - ADULTO;2024;8;1,203883495145631;2,4999999999999987
HAC;UTI - ADULTO;2024;9;0,9;2,888888888888889
HAC;UTI - ADULTO;2024;10;0,6;3,166666666666666
HAC;UTI - ADULTO;2024;11;1,1;0,9090909090909088
HAC;UTI - ADULTO;2024;12;0,8;1,8749999999999982
HAC;UTI - ADULTO;2025;1;0,9;1,6666666666666652
HAC;UTI - ADULTO;2025;2;0,8;1,125
HAC;UTI - ADULTO;2025;3;0,5;0,8000000000000022
HAC;UTI - ADULTO;2025;4;0,7;0,5714285714285704
HAC;UTI - ADULTO;2025;5;1,4;0,5714285714285704
HAC;UTI - ADULTO;2025;6;0,6020066889632107;1,9999999999999987
HAC;UTI - ADULTO;2025;7;0,8;1,1250000000000007
HAC;UTI - ADULTO;2025;8;1,2;0,08333333333333211
HAC;UTI - ADULTO;2025;9;0,8;1,2499999999999998
HAC;UTI - ADULTO;2025;10;1,1923076923076923;0,1999999999999993
HCM;UCC - ALA C;2025;11;3,5714285714285716;6,6000000000000005
HCM;UCC - ALA C;2025;12;1,5;19,0
HCM;UCC - ALA C;2026;1;2,0;14,25
HCM;UCC - ALA C;2026;2;3,6666666666666665;4,090909090909091
HCM;UCC - ALA C;2026;3;5,6880733944954125;3,9499999999999997
HCM;UCC - ALA C;2026;4;5,2;4,538461538461538
HCM;UCC - ALA C;2026;5;4,3;5,883720930232558
HCM;UICP - ALA A;2025;11;0,6122448979591837;3,3333333333333317
HCM;UICP - ALA A;2025;12;0,19047619047619047;8,25
HCM;UICP - ALA A;2026;1;0,14285714285714285;6,6666666666666785
HCM;UICP - ALA A;2026;2;0,09523809523809523;6,49999999999999
HCM;UICP - ALA A;2026;3;0,19047619047619047;0,7499999999999968
HCM;UICP - ALA A;2026;4;0,19047619047619047;1,4999999999999947
HCM;UICP - ALA A;2026;5;0,23809523809523808;2,2
HCM;UICP - ALA B;2025;11;0,25210084033613445;6,000000000000005
HCM;UICP - ALA B;2025;12;0,23529411764705882;7,2500000000000036
HCM;UICP - ALA B;2026;1;0,058823529411764705;49,999999999999986
HCM;UICP - ALA B;2026;2;0,17647058823529413;4,666666666666668
HCM;UICP - ALA B;2026;3;0,23529411764705882;5,000000000000001
HCM;UICP - ALA B;2026;4;0,17647058823529413;5,333333333333333
HCM;UICP - ALA B;2026;5;0,11764705882352941;1,5000000000000109
HCM;UICP - ALA C;2025;12;0,16666666666666666;2,9999999999999973
HCM;UNIDADE DE CUIDADOS CONTINUADOS INTEGRADOS;2021;6;0,062111801242236024;52,00000000000001
HCM;UNIDADE DE CUIDADOS CONTINUADOS INTEGRADOS;2021;7;0,16666666666666666;12,857142857142863
HCM;UNIDADE DE CUIDADOS CONTINUADOS INTEGRADOS;2021;8;0,16666666666666666;9,571428571428575
HCM;UNIDADE DE CUIDADOS CONTINUADOS INTEGRADOS;2021;9;0,07142857142857142;19,33333333333331
HCM;UNIDADE DE CUIDADOS CONTINUADOS INTEGRADOS;2021;10;0,09523809523809523;24,749999999999982
HCM;UNIDADE DE CUIDADOS CONTINUADOS INTEGRADOS;2021;11;0,11904761904761904;38,4
HCM;UNIDADE DE CUIDADOS CONTINUADOS INTEGRADOS;2021;12;0,16666666666666666;25,142857142857146
HCM;UNIDADE DE CUIDADOS CONTINUADOS INTEGRADOS;2022;1;0,09523809523809523;48,250000000000014
HCM;UNIDADE DE CUIDADOS CONTINUADOS INTEGRADOS;2022;2;0,09523809523809523;61,250000000000014
HCM;UNIDADE DE CUIDADOS CONTINUADOS INTEGRADOS;2022;3;0,16666666666666666;36,714285714285715
HCM;UNIDADE DE CUIDADOS CONTINUADOS INTEGRADOS;2022;4;0,09523809523809523;58,00000000000001
HCM;UNIDADE DE CUIDADOS CONTINUADOS INTEGRADOS;2022;5;0,16666666666666666;38,57142857142857
HCM;UNIDADE DE CUIDADOS CONTINUADOS INTEGRADOS;2022;6;0,08670520231213873;132,33333333333337
HCM;UNIDADE DE CUIDADOS CONTINUADOS INTEGRADOS;2022;7;0,11252268602540835;60,500000000000014
HCM;UNIDADE DE CUIDADOS CONTINUADOS INTEGRADOS;2022;8;0,07815126050420168;51,99999999999999
HCM;UNIDADE DE CUIDADOS CONTINUADOS INTEGRADOS;2022;9;0,15789473684210525;18,166666666666657
HCM;UNIDADE DE CUIDADOS CONTINUADOS INTEGRADOS;2022;10;0,13157894736842105;12,600000000000001
HCM;UNIDADE DE CUIDADOS CONTINUADOS INTEGRADOS;2022;11;0,02631578947368421;45,000000000000014
HCM;UNIDADE DE CUIDADOS CONTINUADOS INTEGRADOS;2022;12;0,13157894736842105;15,999999999999993
HCM;UNIDADE DE CUIDADOS CONTINUADOS INTEGRADOS;2023;1;0,10526315789473684;12,499999999999986
HCM;UNIDADE DE CUIDADOS CONTINUADOS INTEGRADOS;2023;2;0,02631578947368421;94,00000000000004
HCM;UNIDADE DE CUIDADOS CONTINUADOS INTEGRADOS;2023;3;0,028130671506352088;-4,00000000000002
HCM;UNIDADE DE CUIDADOS CONTINUADOS INTEGRADOS;2023;4;0,05263157894736842;34,49999999999998
HCM;UNIDADE DE CUIDADOS CONTINUADOS INTEGRADOS;2023;5;0,10526315789473684;21,500000000000007
HCM;UNIDADE DE CUIDADOS CONTINUADOS INTEGRADOS;2023;6;0,13157894736842105;10,600000000000009
HCM;UNIDADE DE CUIDADOS CONTINUADOS INTEGRADOS;2023;7;0,02631578947368421;23,00000000000002
HCM;UNIDADE DE CUIDADOS CONTINUADOS INTEGRADOS;2023;8;0,13157894736842105;2,600000000000011
HCM;UNIDADE DE CUIDADOS CONTINUADOS INTEGRADOS;2023;9;0,10526315789473684;25,999999999999986
HCM;UNIDADE DE CUIDADOS CONTINUADOS INTEGRADOS;2023;10;0,10526315789473684;21,500000000000007
HCM;UNIDADE DE CUIDADOS CONTINUADOS INTEGRADOS;2023;11;0,21052631578947367;8,874999999999996
HCM;UNIDADE DE CUIDADOS CONTINUADOS INTEGRADOS;2023;12;0,10526315789473684;43,75000000000001
HCM;UNIDADE DE CUIDADOS CONTINUADOS INTEGRADOS;2024;1;0,07894736842105263;78,66666666666667
HCM;UNIDADE DE CUIDADOS CONTINUADOS INTEGRADOS;2024;2;0,18421052631578946;18,714285714285715
HCM;UNIDADE DE CUIDADOS CONTINUADOS INTEGRADOS;2024;3;0,5467791411042945;11,565217391304351
HCM;UNIDADE DE CUIDADOS CONTINUADOS INTEGRADOS;2024;4;1,144578313253012;6,385964912280702
HCM;UNIDADE DE CUIDADOS CONTINUADOS INTEGRADOS;2024;5;0,6818181818181818;6,533333333333332
HCM;UNIDADE DE CUIDADOS CONTINUADOS INTEGRADOS;2024;6;0,29545454545454547;12,692307692307692
HCM;UNIDADE DE CUIDADOS CONTINUADOS INTEGRADOS;2024;7;0,33748055987558323;9,285714285714281
HCM;UNIDADE DE CUIDADOS CONTINUADOS INTEGRADOS;2024;8;0,07894736842105263;20,66666666666669
HCM;UNIDADE DE CUIDADOS CONTINUADOS INTEGRADOS;2024;9;0,13157894736842105;34,800000000000004
HCM;UNIDADE DE CUIDADOS CONTINUADOS INTEGRADOS;2024;10;0,05263157894736842;82,50000000000003
HCM;UNIDADE DE CUIDADOS CONTINUADOS INTEGRADOS;2024;11;0,13157894736842105;19,00000000000001
HCM;UNIDADE DE CUIDADOS CONTINUADOS INTEGRADOS;2024;12;0,2483974358974359;23,9
HCM;UNIDADE DE CUIDADOS CONTINUADOS INTEGRADOS;2025;1;0,09323308270676692;79,99999999999999
HCM;UNIDADE DE CUIDADOS CONTINUADOS INTEGRADOS;2025;2;0,2337228714524207;24,599999999999994
HCM;UNIDADE DE CUIDADOS CONTINUADOS INTEGRADOS;2025;3;0,1745776347546259;27,142857142857142
HCM;UNIDADE DE CUIDADOS CONTINUADOS INTEGRADOS;2025;4;0,23980815347721823;18,400000000000006
HCM;UNIDADE DE CUIDADOS CONTINUADOS INTEGRADOS;2025;5;0,12542144302090358;41,00000000000001
HCM;UNIDADE DE CUIDADOS CONTINUADOS INTEGRADOS;2025;6;0,14705882352941177;23,285714285714295
HCM;UNIDADE DE CUIDADOS CONTINUADOS INTEGRADOS;2025;7;0,2516914749661705;9,499999999999995
HCM;UNIDADE DE CUIDADOS CONTINUADOS INTEGRADOS;2025;8;0,1836734693877551;9,555555555555552
HCM;UNIDADE DE CUIDADOS CONTINUADOS INTEGRADOS;2025;9;0,24663677130044842;8,36363636363637
HCM;UNIDADE DE CUIDADOS CONTINUADOS INTEGRADOS;2025;10;0,13922155688622753;5,666666666666655
HCM;UNIDADE DE CUIDADOS CONTINUADOS INTEGRADOS;2025;11;0,1482213438735178;4,599999999999996
HCM;UNIDADE INTERNAÇÃO - CLINICA CIRURGICA;2019;1;1,8571428571428572;15,42307692307692
HCM;UNIDADE INTERNAÇÃO - CLINICA CIRURGICA;2019;2;2,7142857142857144;8,289473684210526
HCM;UNIDADE INTERNAÇÃO - CLINICA CIRURGICA;2019;3;1,7857142857142858;16,12
HCM;UNIDADE INTERNAÇÃO - CLINICA CIRURGICA;2019;4;1,7857142857142858;15,319999999999997
HCM;UNIDADE INTERNAÇÃO - CLINICA CIRURGICA;2019;5;1,6428571428571428;17,65217391304348
HCM;UNIDADE INTERNAÇÃO - CLINICA CIRURGICA;2019;6;3,142857142857143;8,40909090909091
HCM;UNIDADE INTERNAÇÃO - CLINICA CIRURGICA;2019;7;2,7857142857142856;9,333333333333336
HCM;UNIDADE INTERNAÇÃO - CLINICA CIRURGICA;2019;8;3,642857142857143;7,392156862745098
HCM;UNIDADE INTERNAÇÃO - CLINICA CIRURGICA;2019;9;3,642857142857143;6,882352941176472
HCM;UNIDADE INTERNAÇÃO - CLINICA CIRURGICA;2019;10;4,428571428571429;5,741935483870968
HCM;UNIDADE INTERNAÇÃO - CLINICA CIRURGICA;2019;11;4,571428571428571;5,562499999999999
HCM;UNIDADE INTERNAÇÃO - CLINICA CIRURGICA;2019;12;4,0;6,535714285714286
HCM;UNIDADE INTERNAÇÃO - CLINICA CIRURGICA;2020;1;3,9285714285714284;6,50909090909091
HCM;UNIDADE INTERNAÇÃO - CLINICA CIRURGICA;2020;2;1,2142857142857142;22,764705882352942
HCM;UNIDADE INTERNAÇÃO - CLINICA CIRURGICA;2020;3;0,07142857142857142;
HCM;UNIDADE INTERNAÇÃO - CLINICA CIRURGICA;2022;6;0,09090909090909091;12,000000000000005
HCM;UNIDADE INTERNAÇÃO - CLINICA CIRURGICA;2025;9;1,7647058823529411;16,0
HCM;UNIDADE INTERNAÇÃO - CLINICA CIRURGICA;2025;10;1,0;29,500000000000004
HCM;UNIDADE INTERNAÇÃO - CLINICA CIRURGICA;2025;11;1,7391304347826086;16,75
HCM;UNIDADE INTERNAÇÃO - CUIDADOS PROLONGADOS;2019;1;0,21052631578947367;7,875000000000001
HCM;UNIDADE INTERNAÇÃO - CUIDADOS PROLONGADOS;2019;2;0,07894736842105263;27,33333333333331
HCM;UNIDADE INTERNAÇÃO - CUIDADOS PROLONGADOS;2019;3;0,02631578947368421;37,00000000000002
HCM;UNIDADE INTERNAÇÃO - CUIDADOS PROLONGADOS;2019;4;0,13157894736842105;12,000000000000012
HCM;UNIDADE INTERNAÇÃO - CUIDADOS PROLONGADOS;2019;5;0,13157894736842105;12,799999999999992
HCM;UNIDADE INTERNAÇÃO - CUIDADOS PROLONGADOS;2019;6;0,10526315789473684;26,749999999999986
HCM;UNIDADE INTERNAÇÃO - CUIDADOS PROLONGADOS;2019;7;0,23684210526315788;17,55555555555556
HCM;UNIDADE INTERNAÇÃO - CUIDADOS PROLONGADOS;2019;8;0,07894736842105263;34,33333333333333
HCM;UNIDADE INTERNAÇÃO - CUIDADOS PROLONGADOS;2019;10;0,05263157894736842;41,500000000000036
HCM;UNIDADE INTERNAÇÃO - CUIDADOS PROLONGADOS;2019;11;0,05263157894736842;55,499999999999986
HCM;UNIDADE INTERNAÇÃO - CUIDADOS PROLONGADOS;2019;12;0,07894736842105263;15,666666666666663
HCM;UNIDADE INTERNAÇÃO - CUIDADOS PROLONGADOS;2020;1;0,05263157894736842;16,49999999999999
HCM;UNIDADE INTERNAÇÃO - CUIDADOS PROLONGADOS;2020;2;0,05263157894736842;17,5
HCM;UNIDADE INTERNAÇÃO - CUIDADOS PROLONGADOS;2020;3;0,18421052631578946;7,0
HCM;UNIDADE INTERNAÇÃO - CUIDADOS PROLONGADOS;2020;4;0,1490066225165563;3,9999999999999982
HCM;UNIDADE INTERNAÇÃO - CUIDADOS PROLONGADOS;2020;5;0,11904761904761904;2,3999999999999897
HCM;UNIDADE INTERNAÇÃO - CUIDADOS PROLONGADOS;2020;6;0,09523809523809523;2,7499999999999902
HCM;UNIDADE INTERNAÇÃO - CUIDADOS PROLONGADOS;2020;7;0,14285714285714285;5,166666666666673
HCM;UNIDADE INTERNAÇÃO - CUIDADOS PROLONGADOS;2020;8;0,2619047619047619;8,818181818181822
HCM;UNIDADE INTERNAÇÃO - CUIDADOS PROLONGADOS;2020;9;0,09523809523809523;9,500000000000002
HCM;UNIDADE INTERNAÇÃO - CUIDADOS PROLONGADOS;2020;10;0,11904761904761904;8,8
HCM;UNIDADE INTERNAÇÃO - CUIDADOS PROLONGADOS;2020;11;0,2619047619047619;9,818181818181822
HCM;UNIDADE INTERNAÇÃO - CUIDADOS PROLONGADOS;2020;12;0,09523809523809523;17,999999999999996
HCM;UNIDADE INTERNAÇÃO - CUIDADOS PROLONGADOS;2021;1;0,07142857142857142;10,999999999999977
HCM;UNIDADE INTERNAÇÃO - CUIDADOS PROLONGADOS;2021;2;0,11904761904761904;19,600000000000012
HCM;UNIDADE INTERNAÇÃO - CUIDADOS PROLONGADOS;2021;3;0,16666666666666666;8,285714285714285
HCM;UNIDADE INTERNAÇÃO - CUIDADOS PROLONGADOS;2021;4;0,2857142857142857;9,083333333333336
HCM;UNIDADE INTERNAÇÃO - CUIDADOS PROLONGADOS;2021;5;0,23809523809523808;25,800000000000008
HCM;UNIDADE INTERNAÇÃO - CUIDADOS PROLONGADOS;2021;6;0,10204081632653061;61,0
HEM;ALA A;2025;6;1,9309262166405023;1,7317073170731698
HEM;ALA A;2025;7;2,599378881987578;1,6790123456790125
HEM;ALA A;2025;8;2,132275132275132;1,9999999999999998
HEM;ALA A;2025;9;2,4842767295597485;2,607594936708861
HEM;ALA A;2025;10;2,4016309887869522;2,513157894736843
HEM;ALA A;2025;11;1,811668372569089;3,728813559322033
HEM;ALA A;2025;12;2,1107723577235773;4,074626865671642
HEM;ALA A;2026;1;1,997920997920998;2,2580645161290325
HEM;ALA A;2026;2;2,095906432748538;2,1406249999999996
HEM;ALA A;2026;3;2,7934065934065933;1,5731707317073176
HEM;ALA A;2026;4;2,4150943396226414;2,2499999999999996
HEM;ALA A;2026;5;2,468384074941452;1,9705882352941169
HEM;ALA C;2025;6;2,171344165435746;1,9795918367346943
HEM;ALA C;2025;7;2,5020964360587;1,9090909090909087
HEM;ALA C;2025;8;2,3347280334728033;1,7916666666666667
HEM;ALA C;2025;9;2,4036511156186613;2,1392405063291133
HEM;ALA C;2025;10;2,4167468719923004;3,0493827160493834
HEM;ALA C;2025;11;2,1;2,828571428571428
HEM;ALA C;2025;12;2,146389713155292;4,171428571428573
HEM;ALA C;2026;1;2,0071942446043165;2,9523809523809517
HEM;ALA C;2026;2;1,6871378910776362;2,3269230769230775
HEM;ALA C;2026;3;2,3919753086419755;1,8666666666666667
HEM;ALA C;2026;4;2,4387527839643655;1,986301369863014
HEM;ALA C;2026;5;2,64746772591857;2,732558139534884
HEM;ALA D;2025;6;1,6666666666666667;2,000000000000001
HEM;ALA D;2025;7;1,3333333333333333;1,3749999999999987
HEM;ALA D;2025;8;1,1666666666666667;2,285714285714287
HEM;ALA D;2025;9;1,0863509749303621;1,9230769230769216
HEM;ALA D;2025;10;1,8333333333333333;1,7727272727272732
HEM;ALA D;2025;11;1,0778443113772456;4,000000000000001
HEM;ALA D;2025;12;2,1094674556213016;3,217391304347826
HEM;ALA D;2026;1;1,6478405315614617;2,312500000000001
HEM;ALA D;2026;2;1,8;1,2222222222222232
HEM;ALA D;2026;3;1,6945337620578778;1,2352941176470587
HEM;ALA D;2026;4;1,598746081504702;0,8823529411764711
HEM;ALA D;2026;5;2,2634920634920634;1,6521739130434783
HEM;CTI - ADULTO;2025;6;1,1428571428571428;5,166666666666665
HEM;CTI - ADULTO;2025;7;0,6753812636165577;7,899999999999999
HEM;CTI - ADULTO;2025;8;0,8250950570342205;4,857142857142858
HEM;CTI - ADULTO;2025;9;0,8387096774193549;9,076923076923078
HEM;CTI - ADULTO;2025;10;1,25;6,933333333333333
HEM;CTI - ADULTO;2025;11;1,1111111111111112;5,083333333333331
HEM;CTI - ADULTO;2025;12;1,0;2,6999999999999984
HEM;CTI - ADULTO;2026;1;1,0;3,3999999999999986
HEM;CTI - ADULTO;2026;2;0,7;4,142857142857141
HEM;CTI - ADULTO;2026;3;1,2;2,333333333333334
HEM;CTI - ADULTO;2026;4;0,9;2,5555555555555554
HEM;CTI - ADULTO;2026;5;1,2712933753943219;0,3846153846153849
HEM;UNIDADE INTERNAÇÃO - DOENÇAS INFECTO-CONTAGIOSAS E PARASITÁRIAS DOENÇAS INFECTO CONTAGIOSAS;2019;1;1,2941747572815534;4,848837209302324
HEM;UNIDADE INTERNAÇÃO - DOENÇAS INFECTO-CONTAGIOSAS E PARASITÁRIAS DOENÇAS INFECTO CONTAGIOSAS;2019;2;1,5161943319838056;3,2523364485981316
HEM;UNIDADE INTERNAÇÃO - DOENÇAS INFECTO-CONTAGIOSAS E PARASITÁRIAS DOENÇAS INFECTO CONTAGIOSAS;2019;3;1,8305905130687319;2,5655737704918025
HEM;UNIDADE INTERNAÇÃO - DOENÇAS INFECTO-CONTAGIOSAS E PARASITÁRIAS DOENÇAS INFECTO CONTAGIOSAS;2019;4;2,5991189427312777;1,932203389830508
HEM;UNIDADE INTERNAÇÃO - DOENÇAS INFECTO-CONTAGIOSAS E PARASITÁRIAS DOENÇAS INFECTO CONTAGIOSAS;2019;5;2,7142857142857144;1,5578947368421057
HEM;UNIDADE INTERNAÇÃO - DOENÇAS INFECTO-CONTAGIOSAS E PARASITÁRIAS DOENÇAS INFECTO CONTAGIOSAS;2019;6;2,342168674698795;1,932098765432099
HEM;UNIDADE INTERNAÇÃO - DOENÇAS INFECTO-CONTAGIOSAS E PARASITÁRIAS DOENÇAS INFECTO CONTAGIOSAS;2019;7;1,6784369114877589;2,365217391304348
HEM;UNIDADE INTERNAÇÃO - DOENÇAS INFECTO-CONTAGIOSAS E PARASITÁRIAS DOENÇAS INFECTO CONTAGIOSAS;2019;8;1,584983878397052;3,0630630630630638
HEM;UNIDADE INTERNAÇÃO - DOENÇAS INFECTO-CONTAGIOSAS E PARASITÁRIAS DOENÇAS INFECTO CONTAGIOSAS;2019;9;1,4754098360655739;2,3431372549019613
HEM;UNIDADE INTERNAÇÃO - DOENÇAS INFECTO-CONTAGIOSAS E PARASITÁRIAS DOENÇAS INFECTO CONTAGIOSAS;2019;10;1,5662535748331745;3,0754716981132066
HEM;UNIDADE INTERNAÇÃO - DOENÇAS INFECTO-CONTAGIOSAS E PARASITÁRIAS DOENÇAS INFECTO CONTAGIOSAS;2019;11;1,5316642120765833;3,134615384615384
HEM;UNIDADE INTERNAÇÃO - DOENÇAS INFECTO-CONTAGIOSAS E PARASITÁRIAS DOENÇAS INFECTO CONTAGIOSAS;2019;12;1,5812080536912752;4,596491228070175
HEM;UNIDADE INTERNAÇÃO - DOENÇAS INFECTO-CONTAGIOSAS E PARASITÁRIAS DOENÇAS INFECTO CONTAGIOSAS;2020;1;1,3484497917630727;6,712765957446807
HEM;UNIDADE INTERNAÇÃO - DOENÇAS INFECTO-CONTAGIOSAS E PARASITÁRIAS DOENÇAS INFECTO CONTAGIOSAS;2020;2;1,5878962536023056;2,757894736842105
HEM;UNIDADE INTERNAÇÃO - DOENÇAS INFECTO-CONTAGIOSAS E PARASITÁRIAS DOENÇAS INFECTO CONTAGIOSAS;2020;3;2,8930008045052293;1,6810344827586212
HEM;UNIDADE INTERNAÇÃO - DOENÇAS INFECTO-CONTAGIOSAS E PARASITÁRIAS DOENÇAS INFECTO CONTAGIOSAS;2020;4;3,710801393728223;2,542253521126761
HEM;UNIDADE INTERNAÇÃO - DOENÇAS INFECTO-CONTAGIOSAS E PARASITÁRIAS DOENÇAS INFECTO CONTAGIOSAS;2020;5;3,936900958466454;2,3773584905660377
HEM;UNIDADE INTERNAÇÃO - DOENÇAS INFECTO-CONTAGIOSAS E PARASITÁRIAS DOENÇAS INFECTO CONTAGIOSAS;2020;6;3,0257510729613735;2,7517730496453905
HEM;UNIDADE INTERNAÇÃO - DOENÇAS INFECTO-CONTAGIOSAS E PARASITÁRIAS DOENÇAS INFECTO CONTAGIOSAS;2020;7;4,011531069827034;1,1188118811881191
HEM;UNIDADE INTERNAÇÃO - DOENÇAS INFECTO-CONTAGIOSAS E PARASITÁRIAS DOENÇAS INFECTO CONTAGIOSAS;2020;8;2,9544498948843727;3,169117647058824
HEM;UNIDADE INTERNAÇÃO - DOENÇAS INFECTO-CONTAGIOSAS E PARASITÁRIAS DOENÇAS INFECTO CONTAGIOSAS;2020;9;2,336244541484716;1,8691588785046733
HEM;UNIDADE INTERNAÇÃO - DOENÇAS INFECTO-CONTAGIOSAS E PARASITÁRIAS DOENÇAS INFECTO CONTAGIOSAS;2020;10;2,834160170092133;2,410852713178294
HEM;UNIDADE INTERNAÇÃO - DOENÇAS INFECTO-CONTAGIOSAS E PARASITÁRIAS DOENÇAS INFECTO CONTAGIOSAS;2020;11;2,750352609308886;1,7461538461538457
HEM;UNIDADE INTERNAÇÃO - DOENÇAS INFECTO-CONTAGIOSAS E PARASITÁRIAS DOENÇAS INFECTO CONTAGIOSAS;2020;12;3,1947273816656683;1,4767441860465118
HEM;UNIDADE INTERNAÇÃO - DOENÇAS INFECTO-CONTAGIOSAS E PARASITÁRIAS DOENÇAS INFECTO CONTAGIOSAS;2021;1;3,32215647600263;2,196319018404908
HEM;UNIDADE INTERNAÇÃO - DOENÇAS INFECTO-CONTAGIOSAS E PARASITÁRIAS DOENÇAS INFECTO CONTAGIOSAS;2021;2;2,230865746549561;3,795275590551182
HEM;UNIDADE INTERNAÇÃO - DOENÇAS INFECTO-CONTAGIOSAS E PARASITÁRIAS DOENÇAS INFECTO CONTAGIOSAS;2021;3;3,6081474296799225;1,3416666666666661
HEM;UNIDADE INTERNAÇÃO - DOENÇAS INFECTO-CONTAGIOSAS E PARASITÁRIAS DOENÇAS INFECTO CONTAGIOSAS;2021;4;3,3814547473625765;1,3497536945812805
HEM;UNIDADE INTERNAÇÃO - DOENÇAS INFECTO-CONTAGIOSAS E PARASITÁRIAS DOENÇAS INFECTO CONTAGIOSAS;2021;5;3,5359911406423032;2,2815533980582523
HEM;UNIDADE INTERNAÇÃO - DOENÇAS INFECTO-CONTAGIOSAS E PARASITÁRIAS DOENÇAS INFECTO CONTAGIOSAS;2021;6;2,8496503496503496;2,8220858895705523
HEM;UNIDADE INTERNAÇÃO - DOENÇAS INFECTO-CONTAGIOSAS E PARASITÁRIAS DOENÇAS INFECTO CONTAGIOSAS;2021;7;2,644165358451073;2,6625766871165637
HEM;UNIDADE INTERNAÇÃO - DOENÇAS INFECTO-CONTAGIOSAS E PARASITÁRIAS DOENÇAS INFECTO CONTAGIOSAS;2021;8;2,3470528455284554;3,147651006711409
HEM;UNIDADE INTERNAÇÃO - DOENÇAS INFECTO-CONTAGIOSAS E PARASITÁRIAS DOENÇAS INFECTO CONTAGIOSAS;2021;9;2,039151712887439;4,983999999999999
HEM;UNIDADE INTERNAÇÃO - DOENÇAS INFECTO-CONTAGIOSAS E PARASITÁRIAS DOENÇAS INFECTO CONTAGIOSAS;2021;10;2,126819126819127;3,0075757575757587
HEM;UNIDADE INTERNAÇÃO - DOENÇAS INFECTO-CONTAGIOSAS E PARASITÁRIAS DOENÇAS INFECTO CONTAGIOSAS;2021;11;2,4006359300476947;2,013245033112583
HEM;UNIDADE INTERNAÇÃO - DOENÇAS INFECTO-CONTAGIOSAS E PARASITÁRIAS DOENÇAS INFECTO CONTAGIOSAS;2021;12;2,328638497652582;2,6111111111111107
HEM;UNIDADE INTERNAÇÃO - DOENÇAS INFECTO-CONTAGIOSAS E PARASITÁRIAS DOENÇAS INFECTO CONTAGIOSAS;2022;1;2,507865168539326;1,9611111111111117
HEM;UNIDADE INTERNAÇÃO - DOENÇAS INFECTO-CONTAGIOSAS E PARASITÁRIAS DOENÇAS INFECTO CONTAGIOSAS;2022;2;1,6729113924050634;4,296610169491525
HEM;UNIDADE INTERNAÇÃO - DOENÇAS INFECTO-CONTAGIOSAS E PARASITÁRIAS DOENÇAS INFECTO CONTAGIOSAS;2022;3;1,401291512915129;8,571428571428571
HEM;UNIDADE INTERNAÇÃO - DOENÇAS INFECTO-CONTAGIOSAS E PARASITÁRIAS DOENÇAS INFECTO CONTAGIOSAS;2022;4;1,7826825127334465;3,228571428571429
HEM;UNIDADE INTERNAÇÃO - DOENÇAS INFECTO-CONTAGIOSAS E PARASITÁRIAS DOENÇAS INFECTO CONTAGIOSAS;2022;5;2,011752682677568;1,9999999999999998
HEM;UNIDADE INTERNAÇÃO - DOENÇAS INFECTO-CONTAGIOSAS E PARASITÁRIAS DOENÇAS INFECTO CONTAGIOSAS;2022;6;2,4263604593110335;1,777777777777778
HEM;UNIDADE INTERNAÇÃO - DOENÇAS INFECTO-CONTAGIOSAS E PARASITÁRIAS DOENÇAS INFECTO CONTAGIOSAS;2022;7;2,3122427983539096;1,9448275862068962
HEM;UNIDADE INTERNAÇÃO - DOENÇAS INFECTO-CONTAGIOSAS E PARASITÁRIAS DOENÇAS INFECTO CONTAGIOSAS;2022;8;1,6882399368587213;3,9782608695652173
HEM;UNIDADE INTERNAÇÃO - DOENÇAS INFECTO-CONTAGIOSAS E PARASITÁRIAS DOENÇAS INFECTO CONTAGIOSAS;2022;9;2,06734534064213;2,386363636363636
HEM;UNIDADE INTERNAÇÃO - DOENÇAS INFECTO-CONTAGIOSAS E PARASITÁRIAS DOENÇAS INFECTO CONTAGIOSAS;2022;10;1,871923076923077;2,095541401273884
HEM;UNIDADE INTERNAÇÃO - DOENÇAS INFECTO-CONTAGIOSAS E PARASITÁRIAS DOENÇAS INFECTO CONTAGIOSAS;2022;11;1,990686845168801;2,251461988304093
HEM;UNIDADE INTERNAÇÃO - DOENÇAS INFECTO-CONTAGIOSAS E PARASITÁRIAS DOENÇAS INFECTO CONTAGIOSAS;2022;12;2,25979061651803;2,9414893617021267
HEM;UNIDADE INTERNAÇÃO - DOENÇAS INFECTO-CONTAGIOSAS E PARASITÁRIAS DOENÇAS INFECTO CONTAGIOSAS;2023;1;1,7879872712808274;4,36551724137931
HEM;UNIDADE INTERNAÇÃO - DOENÇAS INFECTO-CONTAGIOSAS E PARASITÁRIAS DOENÇAS INFECTO CONTAGIOSAS;2023;2;1,8011695906432748;3,0209790209790204
HEM;UNIDADE INTERNAÇÃO - DOENÇAS INFECTO-CONTAGIOSAS E PARASITÁRIAS DOENÇAS INFECTO CONTAGIOSAS;2023;3;2,0703971119133575;0,11486486486486484
HEM;UNIDADE INTERNAÇÃO - DOENÇAS INFECTO-CONTAGIOSAS E PARASITÁRIAS DOENÇAS INFECTO CONTAGIOSAS;2023;4;1,8911917098445596;1,2945205479452047
HEM;UNIDADE INTERNAÇÃO - DOENÇAS INFECTO-CONTAGIOSAS E PARASITÁRIAS DOENÇAS INFECTO CONTAGIOSAS;2023;5;1,820309050772627;1,007518796992481
HEM;UNIDADE INTERNAÇÃO - DOENÇAS INFECTO-CONTAGIOSAS E PARASITÁRIAS DOENÇAS INFECTO CONTAGIOSAS;2023;6;2,1951219512195124;2,062893081761006
HEM;UNIDADE INTERNAÇÃO - DOENÇAS INFECTO-CONTAGIOSAS E PARASITÁRIAS DOENÇAS INFECTO CONTAGIOSAS;2023;7;1,6741921204072598;1,934426229508198
HEM;UNIDADE INTERNAÇÃO - DOENÇAS INFECTO-CONTAGIOSAS E PARASITÁRIAS DOENÇAS INFECTO CONTAGIOSAS;2023;8;2,218126626192541;2,10909090909091
HEM;UNIDADE INTERNAÇÃO - DOENÇAS INFECTO-CONTAGIOSAS E PARASITÁRIAS DOENÇAS INFECTO CONTAGIOSAS;2023;9;1,731037691949744;1,782258064516129
HEM;UNIDADE INTERNAÇÃO - DOENÇAS INFECTO-CONTAGIOSAS E PARASITÁRIAS DOENÇAS INFECTO CONTAGIOSAS;2023;10;1,9135802469135803;1,5652173913043474
HEM;UNIDADE INTERNAÇÃO - DOENÇAS INFECTO-CONTAGIOSAS E PARASITÁRIAS DOENÇAS INFECTO CONTAGIOSAS;2023;11;2,0281233098972415;1,8079999999999998
HEM;UNIDADE INTERNAÇÃO - DOENÇAS INFECTO-CONTAGIOSAS E PARASITÁRIAS DOENÇAS INFECTO CONTAGIOSAS;2023;12;1,7718401486988848;2,5447154471544717
HEM;UNIDADE INTERNAÇÃO - DOENÇAS INFECTO-CONTAGIOSAS E PARASITÁRIAS DOENÇAS INFECTO CONTAGIOSAS;2024;1;2,8710433763188745;1,5021097046413503
HEM;UNIDADE INTERNAÇÃO - DOENÇAS INFECTO-CONTAGIOSAS E PARASITÁRIAS DOENÇAS INFECTO CONTAGIOSAS;2024;2;3,5847086561131696;1,2397820163487734
HEM;UNIDADE INTERNAÇÃO - DOENÇAS INFECTO-CONTAGIOSAS E PARASITÁRIAS DOENÇAS INFECTO CONTAGIOSAS;2024;3;4,102060528010303;0,9927007299270079
HEM;UNIDADE INTERNAÇÃO - DOENÇAS INFECTO-CONTAGIOSAS E PARASITÁRIAS DOENÇAS INFECTO CONTAGIOSAS;2024;4;3,7487161930845603;1,2356164383561643
HEM;UNIDADE INTERNAÇÃO - DOENÇAS INFECTO-CONTAGIOSAS E PARASITÁRIAS DOENÇAS INFECTO CONTAGIOSAS;2024;5;2,943798449612403;1,559183673469388
HEM;UNIDADE INTERNAÇÃO - DOENÇAS INFECTO-CONTAGIOSAS E PARASITÁRIAS DOENÇAS INFECTO CONTAGIOSAS;2024;6;1,894736842105263;2,306666666666666
HEM;UNIDADE INTERNAÇÃO - DOENÇAS INFECTO-CONTAGIOSAS E PARASITÁRIAS DOENÇAS INFECTO CONTAGIOSAS;2024;7;2,120697167755991;1,7197452229299368
HEM;UNIDADE INTERNAÇÃO - DOENÇAS INFECTO-CONTAGIOSAS E PARASITÁRIAS DOENÇAS INFECTO CONTAGIOSAS;2024;8;1,8698412698412699;1,6917293233082706
HEM;UNIDADE INTERNAÇÃO - DOENÇAS INFECTO-CONTAGIOSAS E PARASITÁRIAS DOENÇAS INFECTO CONTAGIOSAS;2024;9;1,9907192575406032;2,797202797202797
HEM;UNIDADE INTERNAÇÃO - DOENÇAS INFECTO-CONTAGIOSAS E PARASITÁRIAS DOENÇAS INFECTO CONTAGIOSAS;2024;10;1,9927569035762789;2,5422535211267596
HEM;UNIDADE INTERNAÇÃO - DOENÇAS INFECTO-CONTAGIOSAS E PARASITÁRIAS DOENÇAS INFECTO CONTAGIOSAS;2024;11;1,93006993006993;3,3913043478260865
HEM;UNIDADE INTERNAÇÃO - DOENÇAS INFECTO-CONTAGIOSAS E PARASITÁRIAS DOENÇAS INFECTO CONTAGIOSAS;2024;12;1,797490263954998;4,940298507462687
HEM;UNIDADE INTERNAÇÃO - DOENÇAS INFECTO-CONTAGIOSAS E PARASITÁRIAS DOENÇAS INFECTO CONTAGIOSAS;2025;1;1,7953667953667953;3,4888888888888885
HEM;UNIDADE INTERNAÇÃO - DOENÇAS INFECTO-CONTAGIOSAS E PARASITÁRIAS DOENÇAS INFECTO CONTAGIOSAS;2025;2;1,6990626541687222;3,3333333333333344
HEM;UNIDADE INTERNAÇÃO - DOENÇAS INFECTO-CONTAGIOSAS E PARASITÁRIAS DOENÇAS INFECTO CONTAGIOSAS;2025;3;1,9516059957173448;2,455782312925169
HEM;UNIDADE INTERNAÇÃO - DOENÇAS INFECTO-CONTAGIOSAS E PARASITÁRIAS DOENÇAS INFECTO CONTAGIOSAS;2025;4;2,19815668202765;1,522012578616352
HEM;UNIDADE INTERNAÇÃO - DOENÇAS INFECTO-CONTAGIOSAS E PARASITÁRIAS DOENÇAS INFECTO CONTAGIOSAS;2025;5;2,2018189692507577;1,7012195121951215
HEM;UNIDADE INTERNAÇÃO - DOENÇAS INFECTO-CONTAGIOSAS E PARASITÁRIAS DOENÇAS INFECTO CONTAGIOSAS;2025;6;2,2205438066465257;1,2448979591836729
HEM;UTI;2019;1;1,0;4,2
HEM;UTI;2019;2;1,1;1,7272727272727266
HEM;UTI;2019;3;1,5;3,1333333333333337
HEM;UTI;2019;4;1,1;4,181818181818181
HEM;UTI;2019;5;1,1;1,7272727272727268
HEM;UTI;2019;6;1,3;2,384615384615386
HEM;UTI;2019;7;0,9;1,0000000000000007
HEM;UTI;2019;8;0,9;3,4444444444444433
HEM;UTI;2019;9;1,3;2,153846153846155
HEM;UTI;2019;10;0,9;3,555555555555557
HEM;UTI;2019;11;1,2;3,1666666666666674
HEM;UTI;2019;12;1,5;3,266666666666667
HEM;UTI;2020;1;2,17;2,0000000000000004
HEM;UTI;2020;2;0,9157894736842105;4,11111111111111
HEM;UTI;2020;3;1,4318706697459584;6,600000000000001
HEM;UTI;2020;4;1,2765957446808511;6,531250000000001
HEM;UTI;2020;5;1,6280087527352298;4,770833333333334
HEM;UTI;2020;6;1,341330425299891;2,1951219512195115
HEM;UTI;2020;7;1,8333333333333333;0,999999999999999
HEM;UTI;2020;8;1,3;6,461538461538463
HEM;UTI;2020;9;1,2;8,972222222222225
HEM;UTI;2020;10;0,8908045977011494;14,680000000000003
HEM;UTI;2020;11;0,6666666666666666;18,450000000000003
HEM;UTI;2020;12;2,0509761388286334;2,491803278688524
HEM;UTI;2021;1;1,4827586206896552;2,116279069767442
HEM;UTI;2021;2;0,7359617682198327;4,090909090909092
HEM;UTI;2021;3;2,1666666666666665;0,6769230769230776
HEM;UTI;2021;4;1,6578947368421053;0,80952380952381
HEM;UTI;2021;5;1,1666666666666667;0,6857142857142845
HEM;UTI;2021;6;0,9333333333333333;4,071428571428573
HEM;UTI;2021;7;1,0666666666666667;3,9062499999999996
HEM;UTI;2021;8;0,34444444444444444;14,999999999999995
HEM;UTI - ADULTO;2021;8;0,6642857142857143;16,0
HEM;UTI - ADULTO;2021;9;0,3;51,55555555555555
HEM;UTI - ADULTO;2021;10;0,5333333333333333;24,937500000000004
HEM;UTI - ADULTO;2021;11;0,6333333333333333;18,36842105263158
HEM;UTI - ADULTO;2021;12;0,7;17,71428571428572
HEM;UTI - ADULTO;2022;1;1,1959876543209877;3,1199999999999997
HEM;UTI - ADULTO;2022;2;1,05;3,333333333333333
HEM;UTI - ADULTO;2022;3;1,05;8,42857142857143
HEM;UTI - ADULTO;2022;4;0,8013355592654424;22,312500000000004
HEM;UTI - ADULTO;2022;5;0,9983050847457627;14,10526315789474
HEM;UTI - ADULTO;2022;6;1,2;1,3333333333333337
HEM;UTI - ADULTO;2022;7;1,749216300940439;2,2222222222222223
HEM;UTI - ADULTO;2022;8;1,140468227424749;6,363636363636362
HEM;UTI - ADULTO;2022;9;1,2286689419795223;6,499999999999999
HEM;UTI - ADULTO;2022;10;0,4412811387900356;17,249999999999996
HEM;UTI - ADULTO;2022;11;0,5190311418685121;10,600000000000003
HEM;UTI - ADULTO;2022;12;1,2441471571906355;3,1666666666666674
HEM;UTI - ADULTO;2023;1;1,3944636678200693;2,9999999999999987
HEM;UTI - ADULTO;2023;2;1,0;5,000000000000001
HEM;UTI - ADULTO;2023;3;1,4965517241379311;3,0714285714285703
HEM;UTI - ADULTO;2023;4;0,4;11,5
HEM;UTI - ADULTO;2023;5;1,3;3,5384615384615397
HEM;UTI - ADULTO;2023;6;0,3;8,999999999999996
HEM;UTI - ADULTO;2023;7;1,0;2,399999999999999
HEM;UTI - ADULTO;2023;8;1,4;2,1428571428571437
HEM;UTI - ADULTO;2023;9;1,0;2,0999999999999983
HEM;UTI - ADULTO;2023;10;1,0;4,299999999999999
HEM;UTI - ADULTO;2023;11;0,6;2,0000000000000018
HEM;UTI - ADULTO;2023;12;1,6;1,687499999999999
HEM;UTI - ADULTO;2024;1;1,1923076923076923;4,333333333333333
HEM;UTI - ADULTO;2024;2;0,90625;6,333333333333332
HEM;UTI - ADULTO;2024;3;1,1;2,6363636363636354
HEM;UTI - ADULTO;2024;4;1,2;1,8333333333333341
HEM;UTI - ADULTO;2024;5;1,1;3,0
HEM;UTI - ADULTO;2024;6;1,4;2,285714285714286
HEM;UTI - ADULTO;2024;7;0,2;14,000000000000002
HEM;UTI - ADULTO;2024;8;0,4;3,7499999999999964
HEM;UTI - ADULTO;2024;9;1,3;2,6153846153846136
HEM;UTI - ADULTO;2024;10;0,3;4,333333333333339
HEM;UTI - ADULTO;2024;11;1,0;2,5000000000000013
HEM;UTI - ADULTO;2024;12;1,0;6,899999999999999
HEM;UTI - ADULTO;2025;1;0,6;7,833333333333334
HEM;UTI - ADULTO;2025;2;1,0;4,799999999999998
HEM;UTI - ADULTO;2025;3;1,1;2,454545454545453
HEM;UTI - ADULTO;2025;4;1,3;1,769230769230769
HEM;UTI - ADULTO;2025;5;1,4;1,7857142857142867
HEM;UTI - ADULTO;2025;6;1,4563106796116505;1,5999999999999992
HIJPII;UNIDADE INTERNAÇÃO - CLINICA PEDIÁTRICA;2019;1;2,7333333333333334;1,4439024390243906
HIJPII;UNIDADE INTERNAÇÃO - CLINICA PEDIÁTRICA;2019;2;2,6;1,01025641025641
HIJPII;UNIDADE INTERNAÇÃO - CLINICA PEDIÁTRICA;2019;3;3,378892733564014;0,5079365079365075
HIJPII;UNIDADE INTERNAÇÃO - CLINICA PEDIÁTRICA;2019;4;3,88;0,18900343642611722
HIJPII;UNIDADE INTERNAÇÃO - CLINICA PEDIÁTRICA;2019;5;4,397830802603037;0,5657492354740062
HIJPII;UNIDADE INTERNAÇÃO - CLINICA PEDIÁTRICA;2019;6;3,453333333333333;0,7142857142857141
HIJPII;UNIDADE INTERNAÇÃO - CLINICA PEDIÁTRICA;2019;7;3,4266666666666667;1,0077821011673156
HIJPII;UNIDADE INTERNAÇÃO - CLINICA PEDIÁTRICA;2019;8;2,986666666666667;1,7008928571428568
HIJPII;UNIDADE INTERNAÇÃO - CLINICA PEDIÁTRICA;2019;9;3,1066666666666665;1,7038626609442056
HIJPII;UNIDADE INTERNAÇÃO - CLINICA PEDIÁTRICA;2019;10;3,1346815834767643;2,3702127659574472
HIJPII;UNIDADE INTERNAÇÃO - CLINICA PEDIÁTRICA;2019;11;3,136120996441281;1,7702127659574463
HIJPII;UNIDADE INTERNAÇÃO - CLINICA PEDIÁTRICA;2019;12;3,981651376146789;1,462585034013606
HIJPII;UNIDADE INTERNAÇÃO - CLINICA PEDIÁTRICA;2020;1;3,0161431064572426;2,9955156950672643
HIJPII;UNIDADE INTERNAÇÃO - CLINICA PEDIÁTRICA;2020;2;3,00291686922703;1,929577464788732
HIJPII;UNIDADE INTERNAÇÃO - CLINICA PEDIÁTRICA;2020;3;3,363079615048119;1,8306451612903227
HIJPII;UNIDADE INTERNAÇÃO - CLINICA PEDIÁTRICA;2020;4;2,1350364963503647;5,910256410256411
HIJPII;UNIDADE INTERNAÇÃO - CLINICA PEDIÁTRICA;2020;5;2,2329924410849267;6,487654320987653
HIJPII;UNIDADE INTERNAÇÃO - CLINICA PEDIÁTRICA;2020;6;2,340028024287716;4,479041916167664
HIJPII;UNIDADE INTERNAÇÃO - CLINICA PEDIÁTRICA;2020;7;2,372224846480869;5,469135802469137
HIJPII;UNIDADE INTERNAÇÃO - CLINICA PEDIÁTRICA;2020;8;2,5065055762081783;4,126436781609195
HIJPII;UNIDADE INTERNAÇÃO - CLINICA PEDIÁTRICA;2020;9;2,4592454587796926;3,4090909090909083
HIJPII;UNIDADE INTERNAÇÃO - CLINICA PEDIÁTRICA;2020;10;2,4005340453938584;4,442528735632186
HIJPII;UNIDADE INTERNAÇÃO - CLINICA PEDIÁTRICA;2020;11;2,727272727272727;3,547368421052631
HIJPII;UNIDADE INTERNAÇÃO - CLINICA PEDIÁTRICA;2020;12;2,5821701936064834;4,51891891891892
HIJPII;UNIDADE INTERNAÇÃO - CLINICA PEDIÁTRICA;2021;1;2,524245196706313;3,9943820224719113
HIJPII;UNIDADE INTERNAÇÃO - CLINICA PEDIÁTRICA;2021;2;2,3453237410071943;2,460122699386503
HIJPII;UNIDADE INTERNAÇÃO - CLINICA PEDIÁTRICA;2021;3;2,9874301675977653;1,9710144927536235
HIJPII;UNIDADE INTERNAÇÃO - CLINICA PEDIÁTRICA;2021;4;3,2107957189390413;2,2695652173913037
HIJPII;UNIDADE INTERNAÇÃO - CLINICA PEDIÁTRICA;2021;5;2,8450704225352115;3,3564356435643554
HIJPII;UNIDADE INTERNAÇÃO - CLINICA PEDIÁTRICA;2021;6;2,3857142857142857;3,2455089820359277
HIJPII;UNIDADE INTERNAÇÃO - CLINICA PEDIÁTRICA;2021;7;2,6874414245548266;2,7405405405405405
HIJPII;UNIDADE INTERNAÇÃO - CLINICA PEDIÁTRICA;2021;8;2,3274536408864765;3,5963855421686746
HIJPII;UNIDADE INTERNAÇÃO - CLINICA PEDIÁTRICA;2021;9;2,4908256880733943;2,4254143646408846
HIJPII;UNIDADE INTERNAÇÃO - CLINICA PEDIÁTRICA;2021;10;2,658311345646438;2,497435897435897
HIJPII;UNIDADE INTERNAÇÃO - CLINICA PEDIÁTRICA;2021;11;2,61744966442953;3,328205128205129
HIJPII;UNIDADE INTERNAÇÃO - CLINICA PEDIÁTRICA;2021;12;3,2845884413309983;1,2603305785123968
HIJPII;UNIDADE INTERNAÇÃO - CLINICA PEDIÁTRICA;2022;1;2,7847697218422254;1,756345177664975
HIJPII;UNIDADE INTERNAÇÃO - CLINICA PEDIÁTRICA;2022;2;3,0314666666666668;1,1231527093596063
HIJPII;UNIDADE INTERNAÇÃO - CLINICA PEDIÁTRICA;2022;3;3,1840034965034967;0,6553191489361699
HIJPII;UNIDADE INTERNAÇÃO - CLINICA PEDIÁTRICA;2022;4;3,4243509400179053;1,2196078431372552
HIJPII;UNIDADE INTERNAÇÃO - CLINICA PEDIÁTRICA;2022;5;3,3640293990488543;1,0438247011952195
HIJPII;UNIDADE INTERNAÇÃO - CLINICA PEDIÁTRICA;2022;6;2,791011235955056;1,618357487922705
HIJPII;UNIDADE INTERNAÇÃO - CLINICA PEDIÁTRICA;2022;7;2,866345311130587;0,9857819905213266
HIJPII;UNIDADE INTERNAÇÃO - CLINICA PEDIÁTRICA;2022;8;3,015992892047979;2,0182648401826486
HIJPII;UNIDADE INTERNAÇÃO - CLINICA PEDIÁTRICA;2022;9;3,208053691275168;2,330543933054394
HIJPII;UNIDADE INTERNAÇÃO - CLINICA PEDIÁTRICA;2022;10;2,933333333333333;2,7545454545454544
HIJPII;UNIDADE INTERNAÇÃO - CLINICA PEDIÁTRICA;2022;11;3,2533333333333334;2,1721311475409832
HIJPII;UNIDADE INTERNAÇÃO - CLINICA PEDIÁTRICA;2022;12;2,7066666666666666;3,354679802955664
HIJPII;UNIDADE INTERNAÇÃO - CLINICA PEDIÁTRICA;2023;1;2,72;3,3137254901960786
HIJPII;UNIDADE INTERNAÇÃO - CLINICA PEDIÁTRICA;2023;2;3,64;1,4358974358974357
HIJPII;UNIDADE INTERNAÇÃO - CLINICA PEDIÁTRICA;2023;3;4,4204231830726775;-0,006451612903226425
HIJPII;UNIDADE INTERNAÇÃO - CLINICA PEDIÁTRICA;2023;4;3,519781718963165;1,011627906976744
HIJPII;UNIDADE INTERNAÇÃO - CLINICA PEDIÁTRICA;2023;5;3,576923076923077;1,0112359550561798
HIJPII;UNIDADE INTERNAÇÃO - CLINICA PEDIÁTRICA;2023;6;3,0350719424460433;1,3422222222222226
HIJPII;UNIDADE INTERNAÇÃO - CLINICA PEDIÁTRICA;2023;7;3,27027027027027;0,8760330578512401
HIJPII;UNIDADE INTERNAÇÃO - CLINICA PEDIÁTRICA;2023;8;2,7027027027027026;1,6849999999999994
HIJPII;UNIDADE INTERNAÇÃO - CLINICA PEDIÁTRICA;2023;9;3,0675675675675675;1,590308370044053
HIJPII;UNIDADE INTERNAÇÃO - CLINICA PEDIÁTRICA;2023;10;3,091898954703833;2,323144104803493
HIJPII;UNIDADE INTERNAÇÃO - CLINICA PEDIÁTRICA;2023;11;2,8629579375848033;2,549763033175356
HIJPII;UNIDADE INTERNAÇÃO - CLINICA PEDIÁTRICA;2023;12;2,9672202797202796;3,2191780821917813
HIJPII;UNIDADE INTERNAÇÃO - CLINICA PEDIÁTRICA;2024;1;2,665946413137424;3,2512562814070343
HIJPII;UNIDADE INTERNAÇÃO - CLINICA PEDIÁTRICA;2024;2;2,92;2,150684931506849
HIJPII;UNIDADE INTERNAÇÃO - CLINICA PEDIÁTRICA;2024;3;4,36;0,5902140672782875
HIJPII;UNIDADE INTERNAÇÃO - CLINICA PEDIÁTRICA;2024;4;4,466666666666667;0,3014925373134327
HIJPII;UNIDADE INTERNAÇÃO - CLINICA PEDIÁTRICA;2024;5;3,9466666666666668;0,9222972972972974
HIJPII;UNIDADE INTERNAÇÃO - CLINICA PEDIÁTRICA;2024;6;3,466666666666667;1,219230769230769
HIJPII;UNIDADE INTERNAÇÃO - CLINICA PEDIÁTRICA;2024;7;3,1507321274763136;2,2076271186440675
HIJPII;UNIDADE INTERNAÇÃO - CLINICA PEDIÁTRICA;2024;8;3,1066666666666665;2,085836909871244
HIJPII;UNIDADE INTERNAÇÃO - CLINICA PEDIÁTRICA;2024;9;3,2666666666666666;1,7469387755102037
HIJPII;UNIDADE INTERNAÇÃO - CLINICA PEDIÁTRICA;2024;10;3,0;2,7866666666666666
HIJPII;UNIDADE INTERNAÇÃO - CLINICA PEDIÁTRICA;2024;11;2,96;2,8288288288288284
HIJPII;UNIDADE INTERNAÇÃO - CLINICA PEDIÁTRICA;2024;12;3,2;2,5041666666666673
HIJPII;UNIDADE INTERNAÇÃO - CLINICA PEDIÁTRICA;2025;1;3,1866666666666665;2,95397489539749
HIJPII;UNIDADE INTERNAÇÃO - CLINICA PEDIÁTRICA;2025;2;2,7733333333333334;3,2163461538461546
HIJPII;UNIDADE INTERNAÇÃO - CLINICA PEDIÁTRICA;2025;3;3,506666666666667;1,5057034220532317
HIJPII;UNIDADE INTERNAÇÃO - CLINICA PEDIÁTRICA;2025;4;4,346666666666667;0,6104294478527608
HIJPII;UNIDADE INTERNAÇÃO - CLINICA PEDIÁTRICA;2025;5;4,516556291390729;0,36969696969696975
HIJPII;UNIDADE INTERNAÇÃO - CLINICA PEDIÁTRICA;2025;6;4,123287671232877;1,046511627906977
HIJPII;UNIDADE INTERNAÇÃO - CLINICA PEDIÁTRICA;2025;7;3,2739726027397262;2,753138075313807
HIJPII;UNIDADE INTERNAÇÃO - CLINICA PEDIÁTRICA;2025;8;3,042759961127308;2,5643564356435635
HIJPII;UNIDADE INTERNAÇÃO - CLINICA PEDIÁTRICA;2025;9;2,8110599078341014;2,770491803278689
HIJPII;UNIDADE INTERNAÇÃO - CLINICA PEDIÁTRICA;2025;10;3,0969184890656063;2,3283582089552235
HIJPII;UNIDADE INTERNAÇÃO - CLINICA PEDIÁTRICA;2025;11;3,1495227995758217;1,7777777777777781
HIJPII;UNIDADE INTERNAÇÃO - CLINICA PEDIÁTRICA;2025;12;3,3870967741935485;2,4285714285714284
HIJPII;UNIDADE INTERNAÇÃO - CLINICA PEDIÁTRICA;2026;1;2,733402489626556;3,629411764705882
HIJPII;UNIDADE INTERNAÇÃO - CLINICA PEDIÁTRICA;2026;2;2,123372948500283;4,992537313432837
HIJPII;UNIDADE INTERNAÇÃO - CLINICA PEDIÁTRICA;2026;3;3,1754563894523327;1,0891089108910896
HIJPII;UNIDADE INTERNAÇÃO - CLINICA PEDIÁTRICA;2026;4;3,3475783475783474;0,6638297872340424
HIJPII;UNIDADE INTERNAÇÃO - CLINICA PEDIÁTRICA;2026;5;3,8986899563318778;0,6875000000000003
HIJPII;UNIDADE INTERNAÇÃO - CURTO PRAZO;2019;1;5,904761904761905;-1,5666666666666667
HIJPII;UNIDADE INTERNAÇÃO - CURTO PRAZO;2019;2;6,875444839857651;-1,3768115942028987
HIJPII;UNIDADE INTERNAÇÃO - CURTO PRAZO;2019;3;8,582644628099173;-1,7761194029850746
HIJPII;UNIDADE INTERNAÇÃO - CURTO PRAZO;2019;4;8,64406779661017;-2,452941176470588
HIJPII;UNIDADE INTERNAÇÃO - CURTO PRAZO;2019;5;7,562283737024221;-2,3049645390070923
HIJPII;UNIDADE INTERNAÇÃO - CURTO PRAZO;2019;6;6,957328385899815;-2,3440000000000003
HIJPII;UNIDADE INTERNAÇÃO - CURTO PRAZO;2019;7;7,294117647058823;-1,8068181818181819
HIJPII;UNIDADE INTERNAÇÃO - CURTO PRAZO;2019;8;4,894736842105263;-1,4705882352941178
HIJPII;UNIDADE INTERNAÇÃO - CURTO PRAZO;2019;9;4,903846153846154;-1,4313725490196079
HIJPII;UNIDADE INTERNAÇÃO - CURTO PRAZO;2019;10;2,517094017094017;-0,4210526315789474
HIJPII;UNIDADE INTERNAÇÃO - CURTO PRAZO;2019;11;1,971830985915493;-0,7857142857142857
HIJPII;UNIDADE INTERNAÇÃO - CURTO PRAZO;2019;12;3,2680722891566263;-1,0571428571428572
HIJPII;UNIDADE INTERNAÇÃO - CURTO PRAZO;2020;1;1,521472392638037;2,0
HIJPII;UNIDADE INTERNAÇÃO - CURTO PRAZO;2020;2;2,61;-0,4999999999999999
HIJPII;UNIDADE INTERNAÇÃO - CURTO PRAZO;2020;3;3,1;-0,9210526315789475
HIJPII;UNIDADE INTERNAÇÃO - CURTO PRAZO;2020;4;1,3274336283185841;4,6
HIJPII;UNIDADE INTERNAÇÃO - CURTO PRAZO;2020;5;1,4485981308411215;3,8000000000000003
HIJPII;UNIDADE INTERNAÇÃO - CURTO PRAZO;2020;6;3,103448275862069;0,19999999999999996
HIJPII;UNIDADE INTERNAÇÃO - CURTO PRAZO;2020;7;1,6423841059602649;1,7500000000000002
HIJPII;UNIDADE INTERNAÇÃO - CURTO PRAZO;2020;8;1,537190082644628;3,3333333333333326
HIJPII;UNIDADE INTERNAÇÃO - CURTO PRAZO;2020;9;1,9708029197080292;0,7777777777777775
HIJPII;UNIDADE INTERNAÇÃO - CURTO PRAZO;2020;10;3,6233766233766236;0,11111111111111122
HIJPII;UNIDADE INTERNAÇÃO - CURTO PRAZO;2020;11;3,6956521739130435;-0,05882352941176488
HIJPII;UNIDADE INTERNAÇÃO - CURTO PRAZO;2020;12;1,9941520467836258;0,2727272727272728
HIJPII;UNIDADE INTERNAÇÃO - CURTO PRAZO;2021;1;2,90625;-0,06666666666666661
HIJPII;UNIDADE INTERNAÇÃO - CURTO PRAZO;2021;2;3,69811320754717;-0,5238095238095237
HIJPII;UNIDADE INTERNAÇÃO - CURTO PRAZO;2021;3;3,7392996108949417;-1,3548387096774195
HIJPII;UNIDADE INTERNAÇÃO - CURTO PRAZO;2021;4;3,6206896551724137;-0,9285714285714286
HIJPII;UNIDADE INTERNAÇÃO - CURTO PRAZO;2021;5;2,9892857142857143;-1,740740740740741
HIJPII;UNIDADE INTERNAÇÃO - CURTO PRAZO;2021;6;2,739130434782609;-1,6666666666666665
HIJPII;UNIDADE INTERNAÇÃO - CURTO PRAZO;2021;7;4,284552845528455;-1,0
HIJPII;UNIDADE INTERNAÇÃO - CURTO PRAZO;2021;8;2,2962962962962963;-2,375
HIJPII;UNIDADE INTERNAÇÃO - CURTO PRAZO;2021;9;5,0;
HIJPII;UNIDADE INTERNAÇÃO - CURTO PRAZO;2021;10;4,102941176470588;
HIJPII;UNIDADE INTERNAÇÃO - CURTO PRAZO;2021;11;3,0392156862745097;
HIJPII;UNIDADE INTERNAÇÃO - CURTO PRAZO;2021;12;4,417098445595855;
HIJPII;UNIDADE INTERNAÇÃO - CURTO PRAZO;2022;1;6,413793103448276;
HIJPII;UNIDADE INTERNAÇÃO - CURTO PRAZO;2022;2;4,549019607843137;
HIJPII;UNIDADE INTERNAÇÃO - CURTO PRAZO;2022;3;4,315018315018315;
HIJPII;UNIDADE INTERNAÇÃO - CURTO PRAZO;2022;4;2,907488986784141;
HIJPII;UNIDADE INTERNAÇÃO - CURTO PRAZO;2022;5;4,298828125;
HIJPII;UNIDADE INTERNAÇÃO - CURTO PRAZO;2022;6;3,406374501992032;
HIJPII;UNIDADE INTERNAÇÃO - CURTO PRAZO;2022;7;4,271111111111111;
HIJPII;UNIDADE INTERNAÇÃO - CURTO PRAZO;2022;8;3,3556701030927836;
HIJPII;UNIDADE INTERNAÇÃO - CURTO PRAZO;2022;9;2,8287841191067;
HIJPII;UNIDADE INTERNAÇÃO - CURTO PRAZO;2022;10;3,134831460674157;
HIJPII;UNIDADE INTERNAÇÃO - CURTO PRAZO;2022;11;3,869047619047619;
HIJPII;UNIDADE INTERNAÇÃO - CURTO PRAZO;2022;12;2,061926605504587;
HIJPII;UNIDADE INTERNAÇÃO - CURTO PRAZO;2023;1;1,9834123222748816;
HIJPII;UNIDADE INTERNAÇÃO - CURTO PRAZO;2023;2;1,961089494163424;
HIJPII;UNIDADE INTERNAÇÃO - CURTO PRAZO;2023;3;3,319516407599309;
HIJPII;UNIDADE INTERNAÇÃO - CURTO PRAZO;2023;4;3,4980237154150196;
HIJPII;UNIDADE INTERNAÇÃO - CURTO PRAZO;2023;5;4,412199630314233;
HIJPII;UNIDADE INTERNAÇÃO - CURTO PRAZO;2023;6;3,2779097387173395;
HIJPII;UNIDADE INTERNAÇÃO - CURTO PRAZO;2023;7;4,804670912951168;
HIJPII;UNIDADE INTERNAÇÃO - CURTO PRAZO;2023;8;3,3791469194312795;
HIJPII;UNIDADE INTERNAÇÃO - CURTO PRAZO;2023;9;3,2142857142857144;
HIJPII;UNIDADE INTERNAÇÃO - CURTO PRAZO;2023;10;2,5905292479108635;
HIJPII;UNIDADE INTERNAÇÃO - CURTO PRAZO;2023;11;2,413793103448276;
HIJPII;UNIDADE INTERNAÇÃO - CURTO PRAZO;2023;12;1,6402116402116402;
HIJPII;UNIDADE INTERNAÇÃO - CURTO PRAZO;2024;1;2,8012048192771086;
HIJPII;UNIDADE INTERNAÇÃO - CURTO PRAZO;2024;2;3,802056555269923;
HIJPII;UNIDADE INTERNAÇÃO - CURTO PRAZO;2024;3;6,046439628482972;
HIJPII;UNIDADE INTERNAÇÃO - CURTO PRAZO;2024;4;4,756671899529042;
HIJPII;UNIDADE INTERNAÇÃO - CURTO PRAZO;2024;5;3,1683366733466936;
HIJPII;UNIDADE INTERNAÇÃO - CURTO PRAZO;2024;6;2,543640897755611;
HIJPII;UNIDADE INTERNAÇÃO - CURTO PRAZO;2024;7;2,824940047961631;
HIJPII;UNIDADE INTERNAÇÃO - CURTO PRAZO;2024;8;1,7092731829573935;
HIJPII;UNIDADE INTERNAÇÃO - CURTO PRAZO;2024;9;3,0;
HIJPII;UNIDADE INTERNAÇÃO - CURTO PRAZO;2024;10;2,699208443271768;
HIJPII;UNIDADE INTERNAÇÃO - CURTO PRAZO;2024;11;3,394160583941606;
HIJPII;UNIDADE INTERNAÇÃO - CURTO PRAZO;2024;12;6,0;
HIJPII;UNIDADE INTERNAÇÃO - CURTO PRAZO;2025;1;3,1548672566371683;
HIJPII;UNIDADE INTERNAÇÃO - CURTO PRAZO;2025;2;1,8823529411764706;
HIJPII;UNIDADE INTERNAÇÃO - CURTO PRAZO;2025;3;3,6336996336996337;
HIJPII;UNIDADE INTERNAÇÃO - CURTO PRAZO;2025;4;3,721518987341772;
HIJPII;UNIDADE INTERNAÇÃO - CURTO PRAZO;2025;5;3,9232365145228214;
HIJPII;UNIDADE INTERNAÇÃO - CURTO PRAZO;2025;6;4,761904761904762;
HIJPII;UNIDADE INTERNAÇÃO - CURTO PRAZO;2025;7;3,463687150837989;
HIJPII;UNIDADE INTERNAÇÃO - CURTO PRAZO;2025;8;4,144385026737968;
HIJPII;UNIDADE INTERNAÇÃO - CURTO PRAZO;2025;9;4,230769230769231;
HIJPII;UNIDADE INTERNAÇÃO - CURTO PRAZO;2025;10;3,4831460674157304;
HIJPII;UNIDADE INTERNAÇÃO - CURTO PRAZO;2025;11;3,508771929824561;
HIJPII;UNIDADE INTERNAÇÃO - CURTO PRAZO;2025;12;4,65;
HIJPII;UNIDADE INTERNAÇÃO - CURTO PRAZO;2026;1;5,429378531073446;
HIJPII;UNIDADE INTERNAÇÃO - CURTO PRAZO;2026;2;3,2516129032258063;
HIJPII;UNIDADE INTERNAÇÃO - CURTO PRAZO;2026;3;3,768627450980392;
HIJPII;UNIDADE INTERNAÇÃO - CURTO PRAZO;2026;4;5,97972972972973;
HIJPII;UNIDADE INTERNAÇÃO - CURTO PRAZO;2026;5;4,9296636085626915;
HIJPII;UNIDADE INTERNAÇÃO - DOENÇAS INFECTO-CONTAGIOSAS E PARASITÁRIAS;2019;1;3,5887541345093714;3,6095238095238087
HIJPII;UNIDADE INTERNAÇÃO - DOENÇAS INFECTO-CONTAGIOSAS E PARASITÁRIAS;2019;2;3,677819083023544;2,3396226415094334
HIJPII;UNIDADE INTERNAÇÃO - DOENÇAS INFECTO-CONTAGIOSAS E PARASITÁRIAS;2019;3;4,796359499431172;1,9338235294117643
HIJPII;UNIDADE INTERNAÇÃO - DOENÇAS INFECTO-CONTAGIOSAS E PARASITÁRIAS;2019;4;4,947368421052632;1,2978723404255317
HIJPII;UNIDADE INTERNAÇÃO - DOENÇAS INFECTO-CONTAGIOSAS E PARASITÁRIAS;2019;5;6,1012514220705345;0,7456647398843929
HIJPII;UNIDADE INTERNAÇÃO - DOENÇAS INFECTO-CONTAGIOSAS E PARASITÁRIAS;2019;6;5,316901408450704;0,9999999999999998
HIJPII;UNIDADE INTERNAÇÃO - DOENÇAS INFECTO-CONTAGIOSAS E PARASITÁRIAS;2019;7;4,947187141216992;1,5251798561151084
HIJPII;UNIDADE INTERNAÇÃO - DOENÇAS INFECTO-CONTAGIOSAS E PARASITÁRIAS;2019;8;4,7069988137603795;1,4687499999999993
HIJPII;UNIDADE INTERNAÇÃO - DOENÇAS INFECTO-CONTAGIOSAS E PARASITÁRIAS;2019;9;5,333333333333333;1,5855263157894732
HIJPII;UNIDADE INTERNAÇÃO - DOENÇAS INFECTO-CONTAGIOSAS E PARASITÁRIAS;2019;10;4,443807339449541;2,08
HIJPII;UNIDADE INTERNAÇÃO - DOENÇAS INFECTO-CONTAGIOSAS E PARASITÁRIAS;2019;11;3,8267148014440435;2,2830188679245276
HIJPII;UNIDADE INTERNAÇÃO - DOENÇAS INFECTO-CONTAGIOSAS E PARASITÁRIAS;2019;12;5,266818700114025;1,7583892617449661
HIJPII;UNIDADE INTERNAÇÃO - DOENÇAS INFECTO-CONTAGIOSAS E PARASITÁRIAS;2020;1;3,545108005082592;4,822222222222222
HIJPII;UNIDADE INTERNAÇÃO - DOENÇAS INFECTO-CONTAGIOSAS E PARASITÁRIAS;2020;2;3,969173859432799;2,153153153153153
HIJPII;UNIDADE INTERNAÇÃO - DOENÇAS INFECTO-CONTAGIOSAS E PARASITÁRIAS;2020;3;6,1647727272727275;1,9599999999999997
HIJPII;UNIDADE INTERNAÇÃO - DOENÇAS INFECTO-CONTAGIOSAS E PARASITÁRIAS;2020;4;2,5;7,759493670886077
HIJPII;UNIDADE INTERNAÇÃO - DOENÇAS INFECTO-CONTAGIOSAS E PARASITÁRIAS;2020;5;2,5357873210633946;7,7250000000000005
HIJPII;UNIDADE INTERNAÇÃO - DOENÇAS INFECTO-CONTAGIOSAS E PARASITÁRIAS;2020;6;4,6875;3,013333333333333
HIJPII;UNIDADE INTERNAÇÃO - DOENÇAS INFECTO-CONTAGIOSAS E PARASITÁRIAS;2020;7;6,03125;1,9326424870466319
HIJPII;UNIDADE INTERNAÇÃO - DOENÇAS INFECTO-CONTAGIOSAS E PARASITÁRIAS;2020;8;4,21875;4,029629629629629
HIJPII;UNIDADE INTERNAÇÃO - DOENÇAS INFECTO-CONTAGIOSAS E PARASITÁRIAS;2020;9;3,3891213389121337;4,453703703703703
HIJPII;UNIDADE INTERNAÇÃO - DOENÇAS INFECTO-CONTAGIOSAS E PARASITÁRIAS;2020;10;3,7333333333333334;3,8124999999999996
HIJPII;UNIDADE INTERNAÇÃO - DOENÇAS INFECTO-CONTAGIOSAS E PARASITÁRIAS;2020;11;4,566666666666666;2,6715328467153276
HIJPII;UNIDADE INTERNAÇÃO - DOENÇAS INFECTO-CONTAGIOSAS E PARASITÁRIAS;2020;12;4,5;3,7333333333333334
HIJPII;UNIDADE INTERNAÇÃO - DOENÇAS INFECTO-CONTAGIOSAS E PARASITÁRIAS;2021;1;4,266666666666667;3,539062499999999
HIJPII;UNIDADE INTERNAÇÃO - DOENÇAS INFECTO-CONTAGIOSAS E PARASITÁRIAS;2021;2;4,766666666666667;2,027972027972028
HIJPII;UNIDADE INTERNAÇÃO - DOENÇAS INFECTO-CONTAGIOSAS E PARASITÁRIAS;2021;3;6,092872570194385;0,5934065934065936
HIJPII;UNIDADE INTERNAÇÃO - DOENÇAS INFECTO-CONTAGIOSAS E PARASITÁRIAS;2021;4;5,543113101903695;1,4848484848484844
HIJPII;UNIDADE INTERNAÇÃO - DOENÇAS INFECTO-CONTAGIOSAS E PARASITÁRIAS;2021;5;4,805166846071044;1,1388888888888888
HIJPII;UNIDADE INTERNAÇÃO - DOENÇAS INFECTO-CONTAGIOSAS E PARASITÁRIAS;2021;6;4,506726457399103;1,6492537313432836
HIJPII;UNIDADE INTERNAÇÃO - DOENÇAS INFECTO-CONTAGIOSAS E PARASITÁRIAS;2021;7;4,566666666666666;1,8540145985401453
HIJPII;UNIDADE INTERNAÇÃO - DOENÇAS INFECTO-CONTAGIOSAS E PARASITÁRIAS;2021;8;4,333333333333333;2,6307692307692316
HIJPII;UNIDADE INTERNAÇÃO - DOENÇAS INFECTO-CONTAGIOSAS E PARASITÁRIAS;2021;9;4,414715719063545;1,8939393939393938
HIJPII;UNIDADE INTERNAÇÃO - DOENÇAS INFECTO-CONTAGIOSAS E PARASITÁRIAS;2021;10;4,833333333333333;1,6137931034482755
HIJPII;UNIDADE INTERNAÇÃO - DOENÇAS INFECTO-CONTAGIOSAS E PARASITÁRIAS;2021;11;5,005561735261401;0,9066666666666665
HIJPII;UNIDADE INTERNAÇÃO - DOENÇAS INFECTO-CONTAGIOSAS E PARASITÁRIAS;2021;12;6,433333333333334;0,6735751295336786
HIJPII;UNIDADE INTERNAÇÃO - DOENÇAS INFECTO-CONTAGIOSAS E PARASITÁRIAS;2022;1;4,9490022172949;0,6180555555555554
HIJPII;UNIDADE INTERNAÇÃO - DOENÇAS INFECTO-CONTAGIOSAS E PARASITÁRIAS;2022;2;3,915106117353308;1,6160714285714284
HIJPII;UNIDADE INTERNAÇÃO - DOENÇAS INFECTO-CONTAGIOSAS E PARASITÁRIAS;2022;3;6,5210355987055015;0,8923076923076924
HIJPII;UNIDADE INTERNAÇÃO - DOENÇAS INFECTO-CONTAGIOSAS E PARASITÁRIAS;2022;4;4,816053511705686;1,326388888888889
HIJPII;UNIDADE INTERNAÇÃO - DOENÇAS INFECTO-CONTAGIOSAS E PARASITÁRIAS;2022;5;4,366666666666666;1,3587786259541985
HIJPII;UNIDADE INTERNAÇÃO - DOENÇAS INFECTO-CONTAGIOSAS E PARASITÁRIAS;2022;6;4,6;0,8623188405797102
HIJPII;UNIDADE INTERNAÇÃO - DOENÇAS INFECTO-CONTAGIOSAS E PARASITÁRIAS;2022;7;4,266666666666667;0,9531250000000003
HIJPII;UNIDADE INTERNAÇÃO - DOENÇAS INFECTO-CONTAGIOSAS E PARASITÁRIAS;2022;8;4,266666666666667;2,6875
HIJPII;UNIDADE INTERNAÇÃO - DOENÇAS INFECTO-CONTAGIOSAS E PARASITÁRIAS;2022;9;3,8;2,7807017543859645
HIJPII;UNIDADE INTERNAÇÃO - DOENÇAS INFECTO-CONTAGIOSAS E PARASITÁRIAS;2022;10;4,066666666666666;2,467213114754098
HIJPII;UNIDADE INTERNAÇÃO - DOENÇAS INFECTO-CONTAGIOSAS E PARASITÁRIAS;2022;11;4,6;2,2391304347826093
HIJPII;UNIDADE INTERNAÇÃO - DOENÇAS INFECTO-CONTAGIOSAS E PARASITÁRIAS;2022;12;4,766666666666667;2,062937062937064
HIJPII;UNIDADE INTERNAÇÃO - DOENÇAS INFECTO-CONTAGIOSAS E PARASITÁRIAS;2023;1;3,1666666666666665;3,5473684210526306
HIJPII;UNIDADE INTERNAÇÃO - DOENÇAS INFECTO-CONTAGIOSAS E PARASITÁRIAS;2023;2;4,466666666666667;1,3283582089552242
HIJPII;UNIDADE INTERNAÇÃO - DOENÇAS INFECTO-CONTAGIOSAS E PARASITÁRIAS;2023;3;5,4036697247706424;0,480263157894737
HIJPII;UNIDADE INTERNAÇÃO - DOENÇAS INFECTO-CONTAGIOSAS E PARASITÁRIAS;2023;4;5,066666666666666;1,1315789473684212
HIJPII;UNIDADE INTERNAÇÃO - DOENÇAS INFECTO-CONTAGIOSAS E PARASITÁRIAS;2023;5;4,633333333333334;1,0503597122302157
HIJPII;UNIDADE INTERNAÇÃO - DOENÇAS INFECTO-CONTAGIOSAS E PARASITÁRIAS;2023;6;3,933333333333333;1,3644067796610166
HIJPII;UNIDADE INTERNAÇÃO - DOENÇAS INFECTO-CONTAGIOSAS E PARASITÁRIAS;2023;7;4,442887931034483;1,082706766917293
HIJPII;UNIDADE INTERNAÇÃO - DOENÇAS INFECTO-CONTAGIOSAS E PARASITÁRIAS;2023;8;3,9838012958963285;2,6470588235294112
HIJPII;UNIDADE INTERNAÇÃO - DOENÇAS INFECTO-CONTAGIOSAS E PARASITÁRIAS;2023;9;4,149659863945578;1,9098360655737703
HIJPII;UNIDADE INTERNAÇÃO - DOENÇAS INFECTO-CONTAGIOSAS E PARASITÁRIAS;2023;10;3,0352035203520353;3,955056179775281
HIJPII;UNIDADE INTERNAÇÃO - DOENÇAS INFECTO-CONTAGIOSAS E PARASITÁRIAS;2023;11;3,2655502392344498;3,1978021978021984
HIJPII;UNIDADE INTERNAÇÃO - DOENÇAS INFECTO-CONTAGIOSAS E PARASITÁRIAS;2023;12;3,103373231773667;4,804347826086957
HIJPII;UNIDADE INTERNAÇÃO - DOENÇAS INFECTO-CONTAGIOSAS E PARASITÁRIAS;2024;1;2,6276824034334765;5,962025316455696
HIJPII;UNIDADE INTERNAÇÃO - DOENÇAS INFECTO-CONTAGIOSAS E PARASITÁRIAS;2024;2;4,6;2,057971014492754
HIJPII;UNIDADE INTERNAÇÃO - DOENÇAS INFECTO-CONTAGIOSAS E PARASITÁRIAS;2024;3;4,966666666666667;0,657718120805369
HIJPII;UNIDADE INTERNAÇÃO - DOENÇAS INFECTO-CONTAGIOSAS E PARASITÁRIAS;2024;4;5,666666666666667;0,3294117647058821
HIJPII;UNIDADE INTERNAÇÃO - DOENÇAS INFECTO-CONTAGIOSAS E PARASITÁRIAS;2024;5;4,733333333333333;1,323943661971831
HIJPII;UNIDADE INTERNAÇÃO - DOENÇAS INFECTO-CONTAGIOSAS E PARASITÁRIAS;2024;6;3,5091743119266057;3,009803921568628
HIJPII;UNIDADE INTERNAÇÃO - DOENÇAS INFECTO-CONTAGIOSAS E PARASITÁRIAS;2024;7;4,1923076923076925;2,4403669724770642
HIJPII;UNIDADE INTERNAÇÃO - DOENÇAS INFECTO-CONTAGIOSAS E PARASITÁRIAS;2024;8;3,3846153846153846;3,2272727272727266
HIJPII;UNIDADE INTERNAÇÃO - DOENÇAS INFECTO-CONTAGIOSAS E PARASITÁRIAS;2024;9;3,8461538461538463;1,4999999999999998
HIJPII;UNIDADE INTERNAÇÃO - DOENÇAS INFECTO-CONTAGIOSAS E PARASITÁRIAS;2024;10;4,576923076923077;1,7647058823529413
HIJPII;UNIDADE INTERNAÇÃO - DOENÇAS INFECTO-CONTAGIOSAS E PARASITÁRIAS;2024;11;3,5294117647058822;3,1979166666666665
HIJPII;UNIDADE INTERNAÇÃO - DOENÇAS INFECTO-CONTAGIOSAS E PARASITÁRIAS;2024;12;3,7;3,4054054054054057
HIJPII;UNIDADE INTERNAÇÃO - DOENÇAS INFECTO-CONTAGIOSAS E PARASITÁRIAS;2025;1;2,6;5,102564102564103
HIJPII;UNIDADE INTERNAÇÃO - DOENÇAS INFECTO-CONTAGIOSAS E PARASITÁRIAS;2025;2;3,966666666666667;2,9243697478991595
HIJPII;UNIDADE INTERNAÇÃO - DOENÇAS INFECTO-CONTAGIOSAS E PARASITÁRIAS;2025;3;5,0;1,84
HIJPII;UNIDADE INTERNAÇÃO - DOENÇAS INFECTO-CONTAGIOSAS E PARASITÁRIAS;2025;4;5,0550660792951545;0,6405228758169934
HIJPII;UNIDADE INTERNAÇÃO - DOENÇAS INFECTO-CONTAGIOSAS E PARASITÁRIAS;2025;5;5,047206165703275;-0,1065088757396446
HIJPII;UNIDADE INTERNAÇÃO - DOENÇAS INFECTO-CONTAGIOSAS E PARASITÁRIAS;2025;6;4,926315789473684;0,9423076923076924
HIJPII;UNIDADE INTERNAÇÃO - DOENÇAS INFECTO-CONTAGIOSAS E PARASITÁRIAS;2025;7;3,966666666666667;2,8151260504201683
HIJPII;UNIDADE INTERNAÇÃO - DOENÇAS INFECTO-CONTAGIOSAS E PARASITÁRIAS;2025;8;3,4875;2,922222222222222
HIJPII;UNIDADE INTERNAÇÃO - DOENÇAS INFECTO-CONTAGIOSAS E PARASITÁRIAS;2025;9;3,72;2,7311827956989245
HIJPII;UNIDADE INTERNAÇÃO - DOENÇAS INFECTO-CONTAGIOSAS E PARASITÁRIAS;2025;10;4,167733674775929;1,8857142857142857
HIJPII;UNIDADE INTERNAÇÃO - DOENÇAS INFECTO-CONTAGIOSAS E PARASITÁRIAS;2025;11;4,264884568651276;2,094017094017094
HIJPII;UNIDADE INTERNAÇÃO - DOENÇAS INFECTO-CONTAGIOSAS E PARASITÁRIAS;2025;12;4,448275862068965;2,224806201550388
HIJPII;UNIDADE INTERNAÇÃO - DOENÇAS INFECTO-CONTAGIOSAS E PARASITÁRIAS;2026;1;2,793103448275862;5,469135802469134
HIJPII;UNIDADE INTERNAÇÃO - DOENÇAS INFECTO-CONTAGIOSAS E PARASITÁRIAS;2026;2;3,0689655172413794;4,359550561797753
HIJPII;UNIDADE INTERNAÇÃO - DOENÇAS INFECTO-CONTAGIOSAS E PARASITÁRIAS;2026;3;5,2894168466522675;1,462025316455696
HIJPII;UNIDADE INTERNAÇÃO - DOENÇAS INFECTO-CONTAGIOSAS E PARASITÁRIAS;2026;4;5,333333333333333;0,8812499999999999
HIJPII;UNIDADE INTERNAÇÃO - DOENÇAS INFECTO-CONTAGIOSAS E PARASITÁRIAS;2026;5;4,6929637526652455;0,9014084507042257
HIJPII;UTI;2019;1;0,25;10,249999999999998
HIJPII;UTI;2019;2;0,375;4,166666666666664
HIJPII;UTI;2019;3;0,375;2,5000000000000027
HIJPII;UTI;2019;4;0,3125;0,0
HIJPII;UTI;2019;5;0,1875;-0,3333333333333239
HIJPII;UTI;2019;6;0,3125;0,3999999999999985
HIJPII;UTI;2019;7;0,25;6,999999999999994
HIJPII;UTI;2019;8;0,5625;4,666666666666669
HIJPII;UTI;2019;9;0,3125;12,999999999999996
HIJPII;UTI;2019;10;0,75;4,333333333333334
HIJPII;UTI;2019;11;0,375;4,833333333333334
HIJPII;UTI;2019;12;0,4375;9,85714285714286
HIJPII;UTI;2020;1;0,5;14,374999999999996
HIJPII;UTI;2020;2;0,625;5,999999999999999
HIJPII;UTI;2020;3;0,5625;3,2222222222222223
HIJPII;UTI;2020;4;0,4375;19,999999999999996
HIJPII;UTI;2020;5;0,8125;12,461538461538465
HIJPII;UTI;2020;6;0,625;13,799999999999999
HIJPII;UTI;2020;7;0,375;9,166666666666663
HIJPII;UTI;2020;8;0,5;10,249999999999996
HIJPII;UTI;2020;9;0,4375;21,71428571428571
HIJPII;UTI;2020;10;0,3125;7,399999999999999
HIJPII;UTI;2020;11;0,6875;9,181818181818183
HIJPII;UTI;2020;12;0,5625;17,22222222222222
HIJPII;UTI;2021;1;0,4375;13,428571428571434
HIJPII;UTI;2021;2;0,5625;9,22222222222222
HIJPII;UTI;2021;3;0,125;19,499999999999996
HIJPII;UTI;2021;4;0,1875;11,333333333333327
HIJPII;UTI;2021;5;0,3125;9,200000000000003
HIJPII;UTI;2021;6;0,3125;10,800000000000006
HIJPII;UTI;2021;7;0,25;14,0
HIJPII;UTI;2021;8;0,5625;7,111111111111111
HIJPII;UTI;2021;9;0,5;5,125000000000003
HIJPII;UTI;2021;10;0,5;7,0
HIJPII;UTI;2021;11;0,5;3,999999999999999
HIJPII;UTI;2021;12;0,25;8,000000000000007
HIJPII;UTI;2022;1;0,4375;0,7142857142857175
HIJPII;UTI;2022;2;0,375;5,833333333333333
HIJPII;UTI;2022;3;0,6875;-1,0000000000000018
HIJPII;UTI;2022;4;0,625;2,099999999999998
HIJPII;UTI;2022;5;0,4375;8,0
HIJPII;UTI;2022;6;0,5;2,7499999999999964
HIJPII;UTI;2022;7;0,3125;11,399999999999995
HIJPII;UTI;2022;8;0,13839285714285715;67,5
HIJPII;UTI;2022;9;0,7803468208092486;10,111111111111109
HIJPII;UTI;2022;10;0,512396694214876;18,666666666666668
HIJPII;UTI;2022;11;0,45454545454545453;7,714285714285717
HIJPII;UTI;2022;12;0,125;25,499999999999993
HIJPII;UTI;2023;1;0,25;16,250000000000007
HIJPII;UTI;2023;2;0,125;18,499999999999996
HIJPII;UTI;2023;3;0,40086206896551724;-2,166666666666661
HIJPII;UTI;2023;4;0,375;4,833333333333334
HIJPII;UTI;2023;5;0,25;8,000000000000007
HIJPII;UTI;2023;6;0,4375;-0,7142857142857194
HIJPII;UTI;2023;7;0,1875;4,333333333333339
HIJPII;UTI;2023;8;0,5625;4,999999999999998
HIJPII;UTI;2023;9;0,375;11,16666666666666
HIJPII;UTI;2023;10;0,375;21,16666666666667
HIJPII;UTI;2023;11;0,4375;7,142857142857141
HIJPII;UTI;2023;12;0,4375;12,285714285714281
HIJPII;UTI;2024;1;0,3112449799196787;40,599999999999994
HIJPII;UTI;2024;2;0,3125;22,999999999999996
HIJPII;UTI;2024;3;0,1875;9,000000000000002
HIJPII;UTI;2024;4;0,1875;1,3333333333333286
HIJPII;UTI;2024;5;0,4375;6,714285714285712
HIJPII;UTI;2024;6;0,25;31,74999999999999
HIJPII;UTI;2024;7;0,375;12,33333333333333
HIJPII;UTI;2024;8;0,4375;22,142857142857142
HIJPII;UTI;2024;9;0,375;19,666666666666668
HIJPII;UTI;2024;10;0,4375;17,999999999999996
HIJPII;UTI;2024;11;0,3125;29,4
HIJPII;UTI;2024;12;0,5625;15,88888888888889
HIJPII;UTI;2025;1;0,25;31,250000000000007
HIJPII;UTI;2025;2;0,1875;54,99999999999999
HIJPII;UTI;2025;3;0,25;35,49999999999999
HIJPII;UTI;2025;4;0,5625;2,666666666666669
HIJPII;UTI;2025;5;0,4375;-0,8571428571428641
HIJPII;UTI;2025;6;0,25;9,500000000000007
HIJPII;UTI;2025;7;0,3125;24,59999999999999
HIJPII;UTI;2025;8;0,12326043737574553;66,0
HIJPII;UTI;2025;9;0,17647058823529413;74,0
HIJPII;UTI;2025;10;0,302734375;42,4
HIJPII;UTI;2025;11;0,75;10,916666666666668
HIJPII;UTI;2025;12;0,4375;13,0
HIJPII;UTI;2026;1;0,4375;30,714285714285715
HIJPII;UTI;2026;2;0,1875;47,000000000000014
HIJPII;UTI;2026;3;0,25;33,75000000000001
HIJPII;UTI;2026;4;0,4918032786885246;11,999999999999998
HIJPII;UTI;2026;5;0,4375;8,285714285714286
HJK;ALOJAMENTO CONJUNTO;2019;1;6,635702746365105;1,5962264150943395
HJK;ALOJAMENTO CONJUNTO;2019;2;6,969325153374233;0,8521126760563381
HJK;ALOJAMENTO CONJUNTO;2019;3;8,534728033472803;0,7629179331306993
HJK;ALOJAMENTO CONJUNTO;2019;4;7,93010752688172;0,7186440677966103
HJK;ALOJAMENTO CONJUNTO;2019;5;7,526173285198556;1,0780669144981414
HJK;ALOJAMENTO CONJUNTO;2019;6;8,259109311740891;0,7352941176470589
HJK;ALOJAMENTO CONJUNTO;2019;7;8,344864864864865;0,8915662650602411
HJK;ALOJAMENTO CONJUNTO;2019;8;8,232126276694522;0,8391608391608391
HJK;ALOJAMENTO CONJUNTO;2019;9;8,312912346842602;0,9693877551020408
HJK;ALOJAMENTO CONJUNTO;2019;10;7,290893015030946;1,0375939849624058
HJK;ALOJAMENTO CONJUNTO;2019;11;7,615593834995467;1,1928571428571426
HJK;ALOJAMENTO CONJUNTO;2019;12;8,31159420289855;1,3344594594594594
HJK;ALOJAMENTO CONJUNTO;2020;1;7,921586715867159;1,3935018050541512
HJK;ALOJAMENTO CONJUNTO;2020;2;7,347784200385356;1,288973384030418
HJK;ALOJAMENTO CONJUNTO;2020;3;7,932751091703056;1,3378839590443685
HJK;ALOJAMENTO CONJUNTO;2020;4;6,167664670658683;2,0679611650485437
HJK;ALOJAMENTO CONJUNTO;2020;5;7,246753246753247;1,2991452991452994
HJK;ALOJAMENTO CONJUNTO;2020;6;7,3963133640553;1,6308411214953271
HJK;ALOJAMENTO CONJUNTO;2020;7;6,9989690721649485;1,9406392694063928
HJK;ALOJAMENTO CONJUNTO;2020;8;6,342315369261477;2,034146341463415
HJK;ALOJAMENTO CONJUNTO;2020;9;6,711340206185567;1,8801843317972347
HJK;ALOJAMENTO CONJUNTO;2020;10;6,638786764705882;2,094420600858369
HJK;ALOJAMENTO CONJUNTO;2020;11;6,482820976491863;2,062761506276151
HJK;ALOJAMENTO CONJUNTO;2020;12;6,5732984293193715;2,2098765432098766
HJK;ALOJAMENTO CONJUNTO;2021;1;5,865657521286661;2,7199999999999998
HJK;ALOJAMENTO CONJUNTO;2021;2;6,301369863013699;1,9782608695652175
HJK;ALOJAMENTO CONJUNTO;2021;3;7,4910025706940875;1,7482269503546095
HJK;ALOJAMENTO CONJUNTO;2021;4;5,2958292919495635;2,7692307692307683
HJK;ALOJAMENTO CONJUNTO;2021;5;6,425155004428698;2,0726495726495724
HJK;ALOJAMENTO CONJUNTO;2021;6;5,714285714285714;1,8773584905660379
HJK;ALOJAMENTO CONJUNTO;2021;7;6,551965065502183;1,7107438016528926
HJK;ALOJAMENTO CONJUNTO;2021;8;6,8584070796460175;1,9000000000000004
HJK;ALOJAMENTO CONJUNTO;2021;9;5,838150289017341;2,6930693069306937
HJK;ALOJAMENTO CONJUNTO;2021;10;7,177477477477478;1,6848249027237359
HJK;ALOJAMENTO CONJUNTO;2021;11;7,05685618729097;1,8483412322274886
HJK;ALOJAMENTO CONJUNTO;2021;12;7,148777895855473;1,8847926267281103
HJK;ALOJAMENTO CONJUNTO;2022;1;5,93436645396536;2,5000000000000004
HJK;ALOJAMENTO CONJUNTO;2022;2;5,395537525354969;2,5842105263157893
HJK;ALOJAMENTO CONJUNTO;2022;3;7,238009049773756;1,7480620155038762
HJK;ALOJAMENTO CONJUNTO;2022;4;6,787072243346008;1,7773109243697478
HJK;ALOJAMENTO CONJUNTO;2022;5;5,833948339483395;2,5980392156862746
HJK;ALOJAMENTO CONJUNTO;2022;6;5,64638783269962;2,7929292929292933
HJK;ALOJAMENTO CONJUNTO;2022;7;5,778696051423324;2,413793103448276
HJK;ALOJAMENTO CONJUNTO;2022;8;6,065217391304348;2,625
HJK;ALOJAMENTO CONJUNTO;2022;9;6,2430939226519335;2,1902654867256635
HJK;ALOJAMENTO CONJUNTO;2022;10;5,728893058161351;2,83756345177665
HJK;ALOJAMENTO CONJUNTO;2022;11;5,8765915768854065;2,2500000000000004
HJK;ALOJAMENTO CONJUNTO;2022;12;7,365141187925998;1,237704918032787
HJK;ALOJAMENTO CONJUNTO;2023;1;6,830508474576271;1,8990384615384615
HJK;ALOJAMENTO CONJUNTO;2023;2;6,235294117647059;1,6745283018867925
HJK;ALOJAMENTO CONJUNTO;2023;3;7,264223722275796;1,1851851851851853
HJK;ALOJAMENTO CONJUNTO;2023;4;6,7975830815709966;1,302222222222222
HJK;ALOJAMENTO CONJUNTO;2023;5;7,836901121304791;1,1653225806451613
HJK;ALOJAMENTO CONJUNTO;2023;6;7,20125786163522;1,4716157205240172
HJK;ALOJAMENTO CONJUNTO;2023;7;7,361477572559367;1,6444444444444446
HJK;ALOJAMENTO CONJUNTO;2023;8;7,393526405451448;1,525
HJK;ALOJAMENTO CONJUNTO;2023;9;6,9835111542192045;1,7250000000000003
HJK;ALOJAMENTO CONJUNTO;2023;10;7,956032719836401;1,159362549800797
HJK;ALOJAMENTO CONJUNTO;2023;11;6,6371681415929205;1,428
HJK;ALOJAMENTO CONJUNTO;2023;12;6,497928748964375;1,6363636363636365
HJK;ALOJAMENTO CONJUNTO;2024;1;6,952506596306069;1,7411764705882353
HJK;ALOJAMENTO CONJUNTO;2024;2;6,308684436801376;1,5928853754940715
HJK;ALOJAMENTO CONJUNTO;2024;3;7,665264928511354;0,870748299319728
HJK;ALOJAMENTO CONJUNTO;2024;4;6,99341021416804;1,3215547703180215
HJK;ALOJAMENTO CONJUNTO;2024;5;8,030277544154751;1,3474025974025972
HJK;ALOJAMENTO CONJUNTO;2024;6;7,579250720461095;1,775665399239544
HJK;ALOJAMENTO CONJUNTO;2024;7;8,734126984126984;1,102112676056338
HJK;ALOJAMENTO CONJUNTO;2024;8;8,782791185729275;1,0333333333333334
HJK;ALOJAMENTO CONJUNTO;2024;9;7,588046958377801;1,556962025316456
HJK;ALOJAMENTO CONJUNTO;2024;10;8,573080967402735;0,9695817490494295
HJK;ALOJAMENTO CONJUNTO;2024;11;7,15359828141783;1,4594594594594592
HJK;ALOJAMENTO CONJUNTO;2024;12;8,115346038114343;0,8199233716475095
HJK;ALOJAMENTO CONJUNTO;2025;1;8,721618953603159;0,6
HJK;ALOJAMENTO CONJUNTO;2025;2;8,541353383458647;0,4401408450704226
HJK;ALOJAMENTO CONJUNTO;2025;3;9,05761316872428;0,26056338028169
HJK;ALOJAMENTO CONJUNTO;2025;4;9,944933920704846;0,1993355481727574
HJK;ALOJAMENTO CONJUNTO;2025;5;9,152380952380952;0,4121863799283153
HJK;ALOJAMENTO CONJUNTO;2025;6;9,072847682119205;0,5620437956204377
HJK;ALOJAMENTO CONJUNTO;2025;7;9,096398305084746;0,5812274368231047
HJK;ALOJAMENTO CONJUNTO;2025;8;8,660205245153934;0,5795918367346938
HJK;ALOJAMENTO CONJUNTO;2025;9;9,545454545454545;0,61003861003861
HJK;ALOJAMENTO CONJUNTO;2025;10;8,353293413173652;1,0533333333333332
HJK;ALOJAMENTO CONJUNTO;2025;11;8,458646616541353;1,386666666666667
HJK;ALOJAMENTO CONJUNTO;2025;12;9,235653235653235;0,9385245901639347
HJK;ALOJAMENTO CONJUNTO;2026;1;8,736711990111248;0,8684210526315789
HJK;ALOJAMENTO CONJUNTO;2026;2;8,582375478927203;0,5000000000000001
HJK;ALOJAMENTO CONJUNTO;2026;3;9,115560640732266;0,4396887159533073
HJK;ALOJAMENTO CONJUNTO;2026;4;8,566176470588236;0,6824034334763946
HJK;ALOJAMENTO CONJUNTO;2026;5;8,261704681872748;0,707207207207207
HJK;CLINICA CIRÚRGICA - ALA A;2026;2;6,86;0,9795918367346937
HJK;CLINICA CIRÚRGICA - ALA A;2026;3;5,575;0,6591928251121075
HJK;CLINICA CIRÚRGICA - ALA A;2026;4;5,025;0,6019900497512438
HJK;CLINICA CIRÚRGICA - ALA A;2026;5;6,0580539656582175;0,3974895397489539
HJK;CLINICA MEDICA - ALA C;2026;2;3,85;0,15151515151515177
HJK;CLINICA MEDICA - ALA C;2026;3;2,4775016789791806;0,4033613445378158
HJK;CLINICA MEDICA - ALA C;2026;4;2,287798408488064;-0,1913043478260863
HJK;CLINICA MEDICA - ALA C;2026;5;2,639564660691421;-0,17293233082706672
HJK;CLINICA MÉDICA - ALA E;2026;2;3,393939393939394;0,3500000000000005
HJK;CLINICA MÉDICA - ALA E;2026;3;2,6055396370582615;0,3977272727272728
HJK;CLINICA MÉDICA - ALA E;2026;4;2,2;0,37662337662337714
HJK;CLINICA MÉDICA - ALA E;2026;5;2,7289812067260137;0,2808988764044949
HJK;CLINICA MÉDICA - ALA G;2026;2;4,705882352941177;0,4499999999999997
HJK;CLINICA MÉDICA - ALA G;2026;3;2,2172185430463576;0,6481481481481485
HJK;CLINICA MÉDICA - ALA G;2026;4;1,9209809264305178;0,787234042553192
HJK;CLINICA MÉDICA - ALA G;2026;5;1,5048543689320388;0,7428571428571424
HJK;CLINICA PNEUMOLÓGICA - ALA D;2026;2;3,36;0,62962962962963
HJK;CLINICA PNEUMOLÓGICA - ALA D;2026;3;2,577777777777778;0,2758620689655169
HJK;CLINICA PNEUMOLÓGICA - ALA D;2026;4;2,488888888888889;0,5267857142857141
HJK;CLINICA PNEUMOLÓGICA - ALA D;2026;5;2,8222222222222224;0,377952755905512
HJK;CLINICA TISIOLÓGICA - ALA G;2026;2;3,58974358974359;0,5999999999999996
HJK;CLINICA TISIOLÓGICA - ALA G;2026;3;0,9964285714285714;1,2222222222222212
HJK;CLINICA TISIOLÓGICA - ALA G;2026;4;1,098901098901099;1,7999999999999998
HJK;CLINICA TISIOLÓGICA - ALA G;2026;5;1,5667870036101084;2,3571428571428577
HJK;PRÉ PARTO / PPP;2026;2;0,7567567567567568;20,999999999999996
HJK;PRÉ PARTO / PPP;2026;3;2,780269058295964;1,4
HJK;PRÉ PARTO / PPP;2026;4;2,132701421800948;3,933333333333332
HJK;PRÉ PARTO / PPP;2026;5;3,5350877192982457;1,3461538461538467
HJK;PRÉ-PARTO;2025;8;4,242105263157895;
HJK;PRÉ-PARTO;2025;9;4,117647058823529;
HJK;PRÉ-PARTO;2025;10;5,069182389937107;
HJK;PRÉ-PARTO;2025;11;6,183206106870229;
HJK;PRÉ-PARTO;2025;12;6,466257668711656;
HJK;PRÉ-PARTO;2026;1;4,592592592592593;
HJK;PRÉ-PARTO;2026;2;4,36697247706422;
HJK;UCI - UNIDADE DE CUIDADO INTERMEDIARIO NEONATAL CANGURU;2025;8;3,875;1,7999999999999996
HJK;UCI - UNIDADE DE CUIDADO INTERMEDIARIO NEONATAL CANGURU;2025;9;7,105263157894737;1,2222222222222223
HJK;UCI - UNIDADE DE CUIDADO INTERMEDIARIO NEONATAL CANGURU;2025;10;7,322834645669292;1,1333333333333333
HJK;UCI - UNIDADE DE CUIDADO INTERMEDIARIO NEONATAL CANGURU;2025;11;4,2;3,7142857142857144
HJK;UCI - UNIDADE DE CUIDADO INTERMEDIARIO NEONATAL CANGURU;2025;12;6,8;1,411764705882353
HJK;UCI - UNIDADE DE CUIDADO INTERMEDIARIO NEONATAL CANGURU;2026;1;6,6;1,4545454545454546
HJK;UCI - UNIDADE DE CUIDADO INTERMEDIARIO NEONATAL CANGURU;2026;2;3,8956521739130436;1,4374999999999996
HJK;UCI - UNIDADE DE CUIDADO INTERMEDIARIO NEONATAL CONVENCIONAL;2022;5;3,1;5,999999999999999
HJK;UCI - UNIDADE DE CUIDADO INTERMEDIARIO NEONATAL CONVENCIONAL;2022;6;0,8;32,0
HJK;UCI - UNIDADE DE CUIDADO INTERMEDIARIO NEONATAL CONVENCIONAL;2022;7;0,3;65,0
HJK;UCI - UNIDADE DE CUIDADO INTERMEDIARIO NEONATAL CONVENCIONAL;2022;8;0,6;28,500000000000007
HJK;UCI - UNIDADE DE CUIDADO INTERMEDIARIO NEONATAL CONVENCIONAL;2022;9;0,3;56,0
HJK;UCI - UNIDADE DE CUIDADO INTERMEDIARIO NEONATAL CONVENCIONAL;2022;10;0,7;30,428571428571427
HJK;UCI - UNIDADE DE CUIDADO INTERMEDIARIO NEONATAL CONVENCIONAL;2022;11;0,3;77,0
HJK;UCI - UNIDADE DE CUIDADO INTERMEDIARIO NEONATAL CONVENCIONAL;2022;12;0,8;25,625000000000004
HJK;UCI - UNIDADE DE CUIDADO INTERMEDIARIO NEONATAL CONVENCIONAL;2023;1;0,5;51,6
HJK;UCI - UNIDADE DE CUIDADO INTERMEDIARIO NEONATAL CONVENCIONAL;2023;2;1,0;13,1
HJK;UCI - UNIDADE DE CUIDADO INTERMEDIARIO NEONATAL CONVENCIONAL;2023;3;1,282758620689655;8,500000000000002
HJK;UCI - UNIDADE DE CUIDADO INTERMEDIARIO NEONATAL CONVENCIONAL;2023;4;0,6;34,16666666666667
HJK;UCI - UNIDADE DE CUIDADO INTERMEDIARIO NEONATAL CONVENCIONAL;2023;5;0,7;22,571428571428577
HJK;UCI - UNIDADE DE CUIDADO INTERMEDIARIO NEONATAL CONVENCIONAL;2023;6;1,8;10,277777777777779
HJK;UCI - UNIDADE DE CUIDADO INTERMEDIARIO NEONATAL CONVENCIONAL;2023;7;0,8;25,25
HJK;UCI - UNIDADE DE CUIDADO INTERMEDIARIO NEONATAL CONVENCIONAL;2023;8;0,5;27,8
HJK;UCI - UNIDADE DE CUIDADO INTERMEDIARIO NEONATAL CONVENCIONAL;2023;9;0,6;23,333333333333336
HJK;UCI - UNIDADE DE CUIDADO INTERMEDIARIO NEONATAL CONVENCIONAL;2023;10;1,2;10,333333333333334
HJK;UCI - UNIDADE DE CUIDADO INTERMEDIARIO NEONATAL CONVENCIONAL;2023;11;0,9;19,777777777777775
HJK;UCI - UNIDADE DE CUIDADO INTERMEDIARIO NEONATAL CONVENCIONAL;2023;12;1,7;9,294117647058824
HJK;UCI - UNIDADE DE CUIDADO INTERMEDIARIO NEONATAL CONVENCIONAL;2024;1;1,0;17,3
HJK;UCI - UNIDADE DE CUIDADO INTERMEDIARIO NEONATAL CONVENCIONAL;2024;2;0,8;7,875
HJK;UCI - UNIDADE DE CUIDADO INTERMEDIARIO NEONATAL CONVENCIONAL;2024;3;1,0;2,599999999999999
HJK;UCI - UNIDADE DE CUIDADO INTERMEDIARIO NEONATAL CONVENCIONAL;2024;4;1,0;15,600000000000001
HJK;UCI - UNIDADE DE CUIDADO INTERMEDIARIO NEONATAL CONVENCIONAL;2024;5;1,3;14,23076923076923
HJK;UCI - UNIDADE DE CUIDADO INTERMEDIARIO NEONATAL CONVENCIONAL;2024;6;0,7;22,714285714285715
HJK;UCI - UNIDADE DE CUIDADO INTERMEDIARIO NEONATAL CONVENCIONAL;2024;7;1,373961218836565;7,187499999999998
HJK;UCI - UNIDADE DE CUIDADO INTERMEDIARIO NEONATAL CONVENCIONAL;2024;8;2,1538461538461537;6,2857142857142865
HJK;UCI - UNIDADE DE CUIDADO INTERMEDIARIO NEONATAL CONVENCIONAL;2024;9;1,3076923076923077;14,823529411764703
HJK;UCI - UNIDADE DE CUIDADO INTERMEDIARIO NEONATAL CONVENCIONAL;2024;10;1,4615384615384615;11,368421052631579
HJK;UCI - UNIDADE DE CUIDADO INTERMEDIARIO NEONATAL CONVENCIONAL;2024;11;1,0;21,53846153846154
HJK;UCI - UNIDADE DE CUIDADO INTERMEDIARIO NEONATAL CONVENCIONAL;2024;12;1,6153846153846154;7,3809523809523805
HJK;UCI - UNIDADE DE CUIDADO INTERMEDIARIO NEONATAL CONVENCIONAL;2025;1;2,1538461538461537;7,928571428571428
HJK;UCI - UNIDADE DE CUIDADO INTERMEDIARIO NEONATAL CONVENCIONAL;2025;2;1,0520231213872833;16,461538461538463
HJK;UCI - UNIDADE DE CUIDADO INTERMEDIARIO NEONATAL CONVENCIONAL;2025;3;3,042440318302387;3,027027027027028
HJK;UCI - UNIDADE DE CUIDADO INTERMEDIARIO NEONATAL CONVENCIONAL;2025;4;1,6304347826086956;9,100000000000001
HJK;UCI - UNIDADE DE CUIDADO INTERMEDIARIO NEONATAL CONVENCIONAL;2025;5;2,665158371040724;3,4736842105263155
HJK;UCI - UNIDADE DE CUIDADO INTERMEDIARIO NEONATAL CONVENCIONAL;2025;6;4,838709677419355;1,6666666666666663
HJK;UCI - UNIDADE DE CUIDADO INTERMEDIARIO NEONATAL CONVENCIONAL;2025;7;5,121739130434783;2,0
HJK;UCI - UNIDADE DE CUIDADO INTERMEDIARIO NEONATAL CONVENCIONAL;2025;8;1,5414364640883977;13,222222222222221
HJK;UCI - UNIDADE DE CUIDADO INTERMEDIARIO NEONATAL CONVENCIONAL;2025;9;0,9;16,55555555555556
HJK;UCI - UNIDADE DE CUIDADO INTERMEDIARIO NEONATAL CONVENCIONAL;2025;10;0,9;19,555555555555554
HJK;UCI - UNIDADE DE CUIDADO INTERMEDIARIO NEONATAL CONVENCIONAL;2025;11;1,7142857142857142;6,599999999999999
HJK;UCI - UNIDADE DE CUIDADO INTERMEDIARIO NEONATAL CONVENCIONAL;2025;12;1,2;4,666666666666667
HJK;UCI - UNIDADE DE CUIDADO INTERMEDIARIO NEONATAL CONVENCIONAL;2026;1;1,4;2,0000000000000004
HJK;UCI - UNIDADE DE CUIDADO INTERMEDIARIO NEONATAL CONVENCIONAL;2026;2;2,1913043478260867;2,2222222222222223
HJK;UCINCA - UNIDADE DE CUIDADO INTERMEDIÁRIO NEONATAL CANGURU;2026;2;4,48;2,5
HJK;UCINCA - UNIDADE DE CUIDADO INTERMEDIÁRIO NEONATAL CANGURU;2026;3;4,6;3,0869565217391295
HJK;UCINCA - UNIDADE DE CUIDADO INTERMEDIÁRIO NEONATAL CANGURU;2026;4;6,4;2,1250000000000004
HJK;UCINCA - UNIDADE DE CUIDADO INTERMEDIÁRIO NEONATAL CANGURU;2026;5;5,4;1,9629629629629626
HJK;UCINCO - UNIDADE DE CUIDADO INTERMEDIÁRIO NEONATAL CONVENCIONAL;2026;2;2,8;5,333333333333333
HJK;UCINCO - UNIDADE DE CUIDADO INTERMEDIÁRIO NEONATAL CONVENCIONAL;2026;3;1,2994011976047903;5,8571428571428585
HJK;UCINCO - UNIDADE DE CUIDADO INTERMEDIÁRIO NEONATAL CONVENCIONAL;2026;4;0,8823529411764706;8,166666666666668
HJK;UCINCO - UNIDADE DE CUIDADO INTERMEDIÁRIO NEONATAL CONVENCIONAL;2026;5;1,375;8,454545454545455
HJK;UE - INTERNAÇÃO SALA DE EMERGÊNCIA;2026;2;9,8;
HJK;UE - INTERNAÇÃO SALA DE EMERGÊNCIA;2026;3;6,702702702702703;
HJK;UE - INTERNAÇÃO SALA DE EMERGÊNCIA;2026;4;5,346534653465347;
HJK;UE - INTERNAÇÃO SALA DE EMERGÊNCIA;2026;5;7,60377358490566;
HJK;UE - INTERNAÇÃO SALA DE MEDICAÇÃO;2026;2;2,5;-6,800000000000001
HJK;UE - INTERNAÇÃO SALA DE MEDICAÇÃO;2026;3;2,9324324324324325;
HJK;UE - INTERNAÇÃO SALA DE MEDICAÇÃO;2026;4;3,808049535603715;
HJK;UE - INTERNAÇÃO SALA DE MEDICAÇÃO;2026;5;3,4444444444444446;
HJK;UE - INTERNAÇÃO UDC-CRD;2026;2;2,413793103448276;-4,4
HJK;UE - INTERNAÇÃO UDC-CRD;2026;3;3,8652392947103276;
HJK;UE - INTERNAÇÃO UDC-CRD;2026;4;3,6975857687420586;
HJK;UE - INTERNAÇÃO UDC-CRD;2026;5;3,8346354166666665;
HJK;UNIDADE DE URGENCIA - CLINICA MEDICA;2019;1;2,339622641509434;-6,209677419354839
HJK;UNIDADE DE URGENCIA - CLINICA MEDICA;2019;2;2,971187631763879;-4,801324503311259
HJK;UNIDADE DE URGENCIA - CLINICA MEDICA;2019;3;3,0555555555555554;-5,903030303030303
HJK;UNIDADE DE URGENCIA - CLINICA MEDICA;2019;4;3,1445209105346743;-5,767676767676767
HJK;UNIDADE DE URGENCIA - CLINICA MEDICA;2019;5;3,7307878202029965;-5,433734939759036
HJK;UNIDADE DE URGENCIA - CLINICA MEDICA;2019;6;2,9567642956764297;-6,264150943396226
HJK;UNIDADE DE URGENCIA - CLINICA MEDICA;2019;7;2,320202588632527;-7,616541353383458
HJK;UNIDADE DE URGENCIA - CLINICA MEDICA;2019;8;2,8181818181818183;-6,6000000000000005
HJK;UNIDADE DE URGENCIA - CLINICA MEDICA;2019;9;2,5546605293440736;-6,837837837837838
HJK;UNIDADE DE URGENCIA - CLINICA MEDICA;2019;10;3,3585029546946816;-4,933333333333333
HJK;UNIDADE DE URGENCIA - CLINICA MEDICA;2019;11;2,6898047722342735;-5,564516129032258
HJK;UNIDADE DE URGENCIA - CLINICA MEDICA;2019;12;3,42;-4,7251461988304095
HJK;UNIDADE DE URGENCIA - CLINICA MEDICA;2020;1;2,147806004618938;-9,066666666666666
HJK;UNIDADE DE URGENCIA - CLINICA MEDICA;2020;2;2,4100456621004565;-12,45054945054945
HJK;UNIDADE DE URGENCIA - CLINICA MEDICA;2020;3;3,52992700729927;-8,833333333333332
HJK;UNIDADE DE URGENCIA - CLINICA MEDICA;2020;4;5,172413793103448;-4,8
HJK;UNIDADE DE URGENCIA - CLINICA MEDICA;2020;5;3,5858208955223883;-0,3870967741935482
HJK;UNIDADE DE URGENCIA - CLINICA MEDICA;2020;6;6,591549295774648;-0,038461538461538325
HJK;UNIDADE DE URGENCIA - CLINICA MEDICA;2021;2;0,546875;37,2
HJK;UNIDADE DE URGENCIA - CLINICA MEDICA;2021;3;0,9780521262002744;16,73913043478261
HJK;UNIDADE DE URGENCIA - CLINICA MEDICA;2021;4;1,3924050632911393;9,272727272727272
HJK;UNIDADE DE URGENCIA - CLINICA MEDICA;2021;5;0,9185185185185185;18,791666666666668
HJK;UNIDADE DE URGENCIA - CLINICA MEDICA;2021;6;1,4946619217081851;11,095238095238097
HJK;UNIDADE DE URGENCIA - CLINICA MEDICA;2021;7;2,9510166358595193;3,1844660194174748
HJK;UNIDADE DE URGENCIA - CLINICA MEDICA;2021;8;2,6361406377759606;3,105769230769231
HJK;UNIDADE DE URGENCIA - CLINICA MEDICA;2021;9;2,25;2,5555555555555554
HJK;UNIDADE DE URGENCIA - CLINICA MEDICA;2021;10;2,382686084142395;1,9789473684210523
HJK;UNIDADE DE URGENCIA - CLINICA MEDICA;2021;11;1,6382252559726962;2,250000000000001
HJK;UNIDADE DE URGENCIA - CLINICA MEDICA;2021;12;2,320585842148088;3,532608695652173
HJK;UNIDADE DE URGENCIA - CLINICA MEDICA;2022;1;1,5529865125240847;6,365384615384616
HJK;UNIDADE DE URGENCIA - CLINICA MEDICA;2022;2;1,9487179487179487;4,723684210526318
HJK;UNIDADE DE URGENCIA - CLINICA MEDICA;2022;3;2,339115351257589;2,344827586206897
HJK;UNIDADE DE URGENCIA - CLINICA MEDICA;2022;4;1,8584070796460177;8,0
HJK;UNIDADE INTERNAÇÃO - CLINICA CIRURGICA;2019;1;4,4609756097560975;2,1412429378531073
HJK;UNIDADE INTERNAÇÃO - CLINICA CIRURGICA;2019;2;5,125;1,3268292682926832
HJK;UNIDADE INTERNAÇÃO - CLINICA CIRURGICA;2019;3;4,6;1,5923913043478262
HJK;UNIDADE INTERNAÇÃO - CLINICA CIRURGICA;2019;4;5,100502512562814;1,6847290640394088
HJK;UNIDADE INTERNAÇÃO - CLINICA CIRURGICA;2019;5;5,275;1,2701421800947872
HJK;UNIDADE INTERNAÇÃO - CLINICA CIRURGICA;2019;6;5,325;1,403755868544601
HJK;UNIDADE INTERNAÇÃO - CLINICA CIRURGICA;2019;7;5,375;1,474418604651163
HJK;UNIDADE INTERNAÇÃO - CLINICA CIRURGICA;2019;8;5,451724137931034;1,5098039215686274
HJK;UNIDADE INTERNAÇÃO - CLINICA CIRURGICA;2019;9;6,207920792079208;0,8947368421052634
HJK;UNIDADE INTERNAÇÃO - CLINICA CIRURGICA;2019;10;5,499080882352941;1,6683937823834194
HJK;UNIDADE INTERNAÇÃO - CLINICA CIRURGICA;2019;11;5,276518585675431;1,4484536082474226
HJK;UNIDADE INTERNAÇÃO - CLINICA CIRURGICA;2019;12;5,088235294117647;1,872832369942196
HJK;UNIDADE INTERNAÇÃO - CLINICA CIRURGICA;2020;1;4,228451882845189;2,239263803680981
HJK;UNIDADE INTERNAÇÃO - CLINICA CIRURGICA;2020;2;4,6911764705882355;1,6844919786096257
HJK;UNIDADE INTERNAÇÃO - CLINICA CIRURGICA;2020;3;4,25686591276252;2,6705882352941166
HJK;UNIDADE INTERNAÇÃO - CLINICA CIRURGICA;2020;4;2,7857142857142856;5,182692307692307
HJK;UNIDADE INTERNAÇÃO - CLINICA CIRURGICA;2020;5;3,05222602739726;3,4434782608695658
HJK;UNIDADE INTERNAÇÃO - CLINICA CIRURGICA;2020;6;2,3163841807909606;6,682926829268293
HJK;UNIDADE INTERNAÇÃO - CLINICA CIRURGICA;2020;7;2,89058039961941;4,591836734693877
HJK;UNIDADE INTERNAÇÃO - CLINICA CIRURGICA;2020;8;2,588235294117647;3,511363636363637
HJK;UNIDADE INTERNAÇÃO - CLINICA CIRURGICA;2020;9;3,3421052631578947;2,952755905511811
HJK;UNIDADE INTERNAÇÃO - CLINICA CIRURGICA;2020;10;3,6254237288135593;3,2246376811594204
HJK;UNIDADE INTERNAÇÃO - CLINICA CIRURGICA;2020;11;2,6;5,5480769230769225
HJK;UNIDADE INTERNAÇÃO - CLINICA CIRURGICA;2020;12;2,475;4,707070707070708
HJK;UNIDADE INTERNAÇÃO - CLINICA CIRURGICA;2021;1;3,206026058631922;3,1574803149606305
HJK;UNIDADE INTERNAÇÃO - CLINICA CIRURGICA;2021;2;2,6690647482014387;3,283018867924529
HJK;UNIDADE INTERNAÇÃO - CLINICA CIRURGICA;2021;3;2,8959074733096086;4,6380952380952385
HJK;UNIDADE INTERNAÇÃO - CLINICA CIRURGICA;2021;4;0,7211538461538461;26,799999999999997
HJK;UNIDADE INTERNAÇÃO - CLINICA CIRURGICA;2021;7;1,3312883435582823;8,357142857142858
HJK;UNIDADE INTERNAÇÃO - CLINICA CIRURGICA;2021;8;2,2242152466367715;4,437500000000001
HJK;UNIDADE INTERNAÇÃO - CLINICA CIRURGICA;2021;9;2,159383033419023;9,339285714285715
HJK;UNIDADE INTERNAÇÃO - CLINICA CIRURGICA;2021;10;2,5297372060857537;5,694915254237288
HJK;UNIDADE INTERNAÇÃO - CLINICA CIRURGICA;2021;11;2,7358490566037736;1,7241379310344824
HJK;UNIDADE INTERNAÇÃO - CLINICA CIRURGICA;2021;12;2,8474074074074074;3,20967741935484
HJK;UNIDADE INTERNAÇÃO - CLINICA CIRURGICA;2022;1;2,174626865671642;3,680851063829786
HJK;UNIDADE INTERNAÇÃO - CLINICA CIRURGICA;2022;2;1,578523489932886;2,595238095238096
HJK;UNIDADE INTERNAÇÃO - CLINICA CIRURGICA;2022;3;2,468152866242038;2,6799999999999997
HJK;UNIDADE INTERNAÇÃO - CLINICA CIRURGICA;2022;4;2,705357142857143;2,613861386138615
HJK;UNIDADE INTERNAÇÃO - CLINICA CIRURGICA;2022;5;3,124031007751938;2,76923076923077
HJK;UNIDADE INTERNAÇÃO - CLINICA CIRURGICA;2022;6;3,344103392568659;1,8695652173913044
HJK;UNIDADE INTERNAÇÃO - CLINICA CIRURGICA;2022;7;2,931782945736434;2,7868852459016398
HJK;UNIDADE INTERNAÇÃO - CLINICA CIRURGICA;2022;8;3,785919540229885;1,9999999999999993
HJK;UNIDADE INTERNAÇÃO - CLINICA CIRURGICA;2022;9;3,8664596273291925;2,0240963855421694
HJK;UNIDADE INTERNAÇÃO - CLINICA CIRURGICA;2022;10;4,339035769828927;1,0444444444444443
HJK;UNIDADE INTERNAÇÃO - CLINICA CIRURGICA;2022;11;3,3385579937304075;1,4366197183098586
HJK;UNIDADE INTERNAÇÃO - CLINICA CIRURGICA;2022;12;2,8181818181818183;2,919354838709677
HJK;UNIDADE INTERNAÇÃO - CLINICA CIRURGICA;2023;1;3,7122861586314153;1,3766233766233766
HJK;UNIDADE INTERNAÇÃO - CLINICA CIRURGICA;2023;2;2,9931034482758623;1,725806451612903
HJK;UNIDADE INTERNAÇÃO - CLINICA CIRURGICA;2023;3;3,5369127516778525;0,3676470588235291
HJK;UNIDADE INTERNAÇÃO - CLINICA CIRURGICA;2023;4;3,3962264150943398;0,7638888888888892
HJK;UNIDADE INTERNAÇÃO - CLINICA CIRURGICA;2023;5;4,2446153846153845;0,9325842696629212
HJK;UNIDADE INTERNAÇÃO - CLINICA CIRURGICA;2023;6;3,967741935483871;0,9756097560975608
HJK;UNIDADE INTERNAÇÃO - CLINICA CIRURGICA;2023;7;3,8566929133858268;0,9999999999999997
HJK;UNIDADE INTERNAÇÃO - CLINICA CIRURGICA;2023;8;4,982142857142857;1,314814814814815
HJK;UNIDADE INTERNAÇÃO - CLINICA CIRURGICA;2023;9;3,8520408163265305;2,105960264900663
HJK;UNIDADE INTERNAÇÃO - CLINICA CIRURGICA;2023;10;3,5405405405405403;2,5190839694656484
HJK;UNIDADE INTERNAÇÃO - CLINICA CIRURGICA;2023;11;3,7;2,608108108108108
HJK;UNIDADE INTERNAÇÃO - CLINICA CIRURGICA;2023;12;3,3026634382566584;4,674242424242423
HJK;UNIDADE INTERNAÇÃO - CLINICA CIRURGICA;2024;1;3,5594462540716614;2,957446808510639
HJK;UNIDADE INTERNAÇÃO - CLINICA CIRURGICA;2024;2;3,7936786654960493;1,6510067114093958
HJK;UNIDADE INTERNAÇÃO - CLINICA CIRURGICA;2024;3;4,320796460176991;0,6137566137566135
HJK;UNIDADE INTERNAÇÃO - CLINICA CIRURGICA;2024;4;4,4356120826709065;0,4731182795698928
HJK;UNIDADE INTERNAÇÃO - CLINICA CIRURGICA;2024;5;4,220421393841167;1,517857142857143
HJK;UNIDADE INTERNAÇÃO - CLINICA CIRURGICA;2024;6;4,75;0,963157894736842
HJK;UNIDADE INTERNAÇÃO - CLINICA CIRURGICA;2024;7;4,746792130025663;1,7932960893854748
HJK;UNIDADE INTERNAÇÃO - CLINICA CIRURGICA;2024;8;4,979015334947539;1,778894472361809
HJK;UNIDADE INTERNAÇÃO - CLINICA CIRURGICA;2024;9;4,512605042016807;2,139664804469273
HJK;UNIDADE INTERNAÇÃO - CLINICA CIRURGICA;2024;10;5,2292171105730425;1,1818181818181814
HJK;UNIDADE INTERNAÇÃO - CLINICA CIRURGICA;2024;11;4,95;1,2929292929292933
HJK;UNIDADE INTERNAÇÃO - CLINICA CIRURGICA;2024;12;4,297853309481217;2,658064516129032
HJK;UNIDADE INTERNAÇÃO - CLINICA CIRURGICA;2025;1;4,424717145343777;1,7134146341463419
HJK;UNIDADE INTERNAÇÃO - CLINICA CIRURGICA;2025;2;4,590604026845638;1,0116959064327482
HJK;UNIDADE INTERNAÇÃO - CLINICA CIRURGICA;2025;3;5,409211691762621;1,5228426395939083
HJK;UNIDADE INTERNAÇÃO - CLINICA CIRURGICA;2025;4;5,2734375;0,6518518518518521
HJK;UNIDADE INTERNAÇÃO - CLINICA CIRURGICA;2025;5;4,591586327782647;1,2603550295857984
HJK;UNIDADE INTERNAÇÃO - CLINICA CIRURGICA;2025;6;4,388297872340425;0,933333333333333
HJK;UNIDADE INTERNAÇÃO - CLINICA CIRURGICA;2025;7;4,823529411764706;1,054878048780488
HJK;UNIDADE INTERNAÇÃO - CLINICA CIRURGICA;2025;8;5,067877629063098;1,3216374269005848
HJK;UNIDADE INTERNAÇÃO - CLINICA CIRURGICA;2025;9;4,640394088669951;1,2101910828025477
HJK;UNIDADE INTERNAÇÃO - CLINICA CIRURGICA;2025;10;5,419981498612396;1,6931216931216924
HJK;UNIDADE INTERNAÇÃO - CLINICA CIRURGICA;2025;11;4,3428571428571425;2,0986842105263164
HJK;UNIDADE INTERNAÇÃO - CLINICA CIRURGICA;2025;12;4,8;1,9642857142857142
HJK;UNIDADE INTERNAÇÃO - CLINICA CIRURGICA;2026;1;5,196680497925311;1,2574257425742577
HJK;UNIDADE INTERNAÇÃO - CLINICA CIRURGICA;2026;2;4,413043478260869;1,6068965517241383
HJK;UNIDADE INTERNAÇÃO - CLINICA MÉDICA;2019;1;2,2293080054274084;0,7075471698113214
HJK;UNIDADE INTERNAÇÃO - CLINICA MÉDICA;2019;2;2,1234200743494425;0,7745098039215679
HJK;UNIDADE INTERNAÇÃO - CLINICA MÉDICA;2019;3;2,7383681726230615;0,4351145038167941
HJK;UNIDADE INTERNAÇÃO - CLINICA MÉDICA;2019;4;2,801635991820041;0,19708029197080296
HJK;UNIDADE INTERNAÇÃO - CLINICA MÉDICA;2019;5;2,7178642056690836;0,3383458646616539
HJK;UNIDADE INTERNAÇÃO - CLINICA MÉDICA;2019;6;1,7708333333333333;0,2117647058823522
HJK;UNIDADE INTERNAÇÃO - CLINICA MÉDICA;2019;7;2,395640686922061;0,1538461538461535
HJK;UNIDADE INTERNAÇÃO - CLINICA MÉDICA;2019;8;2,3894101876675604;0,26086956521739146
HJK;UNIDADE INTERNAÇÃO - CLINICA MÉDICA;2019;9;2,3868312757201644;0,12068965517241419
HJK;UNIDADE INTERNAÇÃO - CLINICA MÉDICA;2019;10;2,707333333333333;0,09923664122137456
HJK;UNIDADE INTERNAÇÃO - CLINICA MÉDICA;2019;11;2,9183673469387754;0,03496503496503463
HJK;UNIDADE INTERNAÇÃO - CLINICA MÉDICA;2019;12;2,4354194407456724;0,13559322033898252
HJK;UNIDADE INTERNAÇÃO - CLINICA MÉDICA;2020;1;2,6630872483221477;0,19531249999999978
HJK;UNIDADE INTERNAÇÃO - CLINICA MÉDICA;2020;2;2,055438596491228;-0,029702970297028553
HJK;UNIDADE INTERNAÇÃO - CLINICA MÉDICA;2020;3;2,8144736842105265;0,7898550724637684
HJK;UNIDADE INTERNAÇÃO - CLINICA MÉDICA;2020;4;2,4710982658959537;2,456140350877192
HJK;UNIDADE INTERNAÇÃO - CLINICA MÉDICA;2020;5;2,7551020408163267;1,2370370370370365
HJK;UNIDADE INTERNAÇÃO - CLINICA MÉDICA;2020;6;1,856330014224751;5,471264367816091
HJK;UNIDADE INTERNAÇÃO - CLINICA MÉDICA;2020;7;1,925314465408805;5,253164556962024
HJK;UNIDADE INTERNAÇÃO - CLINICA MÉDICA;2020;8;1,3782969103240392;9,711864406779661
HJK;UNIDADE INTERNAÇÃO - CLINICA MÉDICA;2020;9;1,847507331378299;5,392857142857144
HJK;UNIDADE INTERNAÇÃO - CLINICA MÉDICA;2020;10;2,0816326530612246;5,627450980392158
HJK;UNIDADE INTERNAÇÃO - CLINICA MÉDICA;2020;11;1,8920812894183603;5,655555555555555
HJK;UNIDADE INTERNAÇÃO - CLINICA MÉDICA;2020;12;1,7341160220994476;8,419753086419751
HJK;UNIDADE INTERNAÇÃO - CLINICA MÉDICA;2021;1;1,507399577167019;9,072463768115943
HJK;UNIDADE INTERNAÇÃO - CLINICA MÉDICA;2021;2;1,028125;12,531914893617024
HJK;UNIDADE INTERNAÇÃO - CLINICA MÉDICA;2021;3;1,2783505154639174;8,316666666666668
HJK;UNIDADE INTERNAÇÃO - CLINICA MÉDICA;2021;4;1,9591836734693877;5,552083333333333
HJK;UNIDADE INTERNAÇÃO - CLINICA MÉDICA;2021;5;1,829644533869886;8,215909090909088
HJK;UNIDADE INTERNAÇÃO - CLINICA MÉDICA;2021;6;2,0816326530612246;7,303921568627451
HJK;UNIDADE INTERNAÇÃO - CLINICA MÉDICA;2021;7;1,6326530612244898;9,537499999999998
HJK;UNIDADE INTERNAÇÃO - CLINICA MÉDICA;2021;8;1,469387755102041;10,63888888888889
HJK;UNIDADE INTERNAÇÃO - CLINICA MÉDICA;2021;9;0,8775510204081632;23,465116279069765
HJK;UNIDADE INTERNAÇÃO - CLINICA MÉDICA;2021;10;1,6938775510204083;8,253012048192772
HJK;UNIDADE INTERNAÇÃO - CLINICA MÉDICA;2021;11;1,998582565556343;2,712765957446809
HJK;UNIDADE INTERNAÇÃO - CLINICA MÉDICA;2021;12;2,142857142857143;2,78095238095238
HJK;UNIDADE INTERNAÇÃO - CLINICA MÉDICA;2022;1;2,463431786216596;2,964601769911504
HJK;UNIDADE INTERNAÇÃO - CLINICA MÉDICA;2022;2;1,5285359801488834;6,022727272727273
HJK;UNIDADE INTERNAÇÃO - CLINICA MÉDICA;2022;3;2,2059925093632957;3,3859649122807025
HJK;UNIDADE INTERNAÇÃO - CLINICA MÉDICA;2022;4;2,1755725190839694;2,4
HJK;UNIDADE INTERNAÇÃO - CLINICA MÉDICA;2022;5;2,3383121732636294;2,4257425742574257
HJK;UNIDADE INTERNAÇÃO - CLINICA MÉDICA;2022;6;2,2116788321167884;2,4059405940594063
HJK;UNIDADE INTERNAÇÃO - CLINICA MÉDICA;2022;7;2,3059649122807016;1,594339622641509
HJK;UNIDADE INTERNAÇÃO - CLINICA MÉDICA;2022;8;2,2142857142857144;0,9999999999999996
HJK;UNIDADE INTERNAÇÃO - CLINICA MÉDICA;2022;9;2,6264150943396225;1,258620689655172
HJK;UNIDADE INTERNAÇÃO - CLINICA MÉDICA;2022;10;2,7173119065010956;0,6083333333333337
HJK;UNIDADE INTERNAÇÃO - CLINICA MÉDICA;2022;11;2,304147465437788;1,0799999999999996
HJK;UNIDADE INTERNAÇÃO - CLINICA MÉDICA;2022;12;2,407326007326007;2,7735849056603774
HJK;UNIDADE INTERNAÇÃO - CLINICA MÉDICA;2023;1;2,501322751322751;2,2459016393442615
HJK;UNIDADE INTERNAÇÃO - CLINICA MÉDICA;2023;2;2,3958333333333335;0,6869565217391299
HJK;UNIDADE INTERNAÇÃO - CLINICA MÉDICA;2023;3;2,769835596854896;0,031999999999999446
HJK;UNIDADE INTERNAÇÃO - CLINICA MÉDICA;2023;4;2,2900763358778624;0,7272727272727274
HJK;UNIDADE INTERNAÇÃO - CLINICA MÉDICA;2023;5;2,1702127659574466;0,9019607843137255
HJK;UNIDADE INTERNAÇÃO - CLINICA MÉDICA;2023;6;2,434163701067616;0,8596491228070179
HJK;UNIDADE INTERNAÇÃO - CLINICA MÉDICA;2023;7;2,2533967391304346;0,4859813084112148
HJK;UNIDADE INTERNAÇÃO - CLINICA MÉDICA;2023;8;2,295530353569046;0,5405405405405405
HJK;UNIDADE INTERNAÇÃO - CLINICA MÉDICA;2023;9;2,0887372013651877;0,9607843137254898
HJK;UNIDADE INTERNAÇÃO - CLINICA MÉDICA;2023;10;2,215807560137457;0,8365384615384617
HJK;UNIDADE INTERNAÇÃO - CLINICA MÉDICA;2023;11;2,402506963788301;0,46086956521739125
HJK;UNIDADE INTERNAÇÃO - CLINICA MÉDICA;2023;12;2,4118041582830316;0,8362068965517244
HJK;UNIDADE INTERNAÇÃO - CLINICA MÉDICA;2024;1;2,464261857047428;0,9411764705882353
HJK;UNIDADE INTERNAÇÃO - CLINICA MÉDICA;2024;2;2,578687367678193;0,5634920634920628
HJK;UNIDADE INTERNAÇÃO - CLINICA MÉDICA;2024;3;2,5918367346938775;0,37795275590551153
HJK;UNIDADE INTERNAÇÃO - CLINICA MÉDICA;2024;4;2,4489795918367347;0,5416666666666674
HJK;UNIDADE INTERNAÇÃO - CLINICA MÉDICA;2024;5;2,7346938775510203;0,3283582089552237
HJK;UNIDADE INTERNAÇÃO - CLINICA MÉDICA;2024;6;2,7142857142857144;0,5112781954887214
HJK;UNIDADE INTERNAÇÃO - CLINICA MÉDICA;2024;7;2,8014511873350925;0,4744525547445258
HJK;UNIDADE INTERNAÇÃO - CLINICA MÉDICA;2024;8;2,3469387755102042;0,4869565217391298
HJK;UNIDADE INTERNAÇÃO - CLINICA MÉDICA;2024;9;2,510204081632653;0,26829268292682984
HJK;UNIDADE INTERNAÇÃO - CLINICA MÉDICA;2024;10;2,9183673469387754;0,2937062937062936
HJK;UNIDADE INTERNAÇÃO - CLINICA MÉDICA;2024;11;3,054016620498615;0,34693877551020463
HJK;UNIDADE INTERNAÇÃO - CLINICA MÉDICA;2024;12;3,0363997352746526;0,4054054054054057
HJK;UNIDADE INTERNAÇÃO - CLINICA MÉDICA;2025;1;2,5796897038081807;0,3135593220338978
HJK;UNIDADE INTERNAÇÃO - CLINICA MÉDICA;2025;2;2,4466019417475726;0,20512820512820462
HJK;UNIDADE INTERNAÇÃO - CLINICA MÉDICA;2025;3;2,5208333333333335;0,2975206611570245
HJK;UNIDADE INTERNAÇÃO - CLINICA MÉDICA;2025;4;2,8125;0,22962962962963002
HJK;UNIDADE INTERNAÇÃO - CLINICA MÉDICA;2025;5;2,220505617977528;0,25490196078431315
HJK;UNIDADE INTERNAÇÃO - CLINICA MÉDICA;2025;6;2,4263193968471555;0,25423728813559354
HJK;UNIDADE INTERNAÇÃO - CLINICA MÉDICA;2025;7;2,8979591836734695;0,11971830985915441
HJK;UNIDADE INTERNAÇÃO - CLINICA MÉDICA;2025;8;3,0;0,1768707482993201
HJK;UNIDADE INTERNAÇÃO - CLINICA MÉDICA;2025;9;2,4285714285714284;0,2100840336134456
HJK;UNIDADE INTERNAÇÃO - CLINICA MÉDICA;2025;10;2,6530612244897958;0,2692307692307694
HJK;UNIDADE INTERNAÇÃO - CLINICA MÉDICA;2025;11;2,5510204081632653;0,2479999999999995
HJK;UNIDADE INTERNAÇÃO - CLINICA MÉDICA;2025;12;3,382936507936508;0,23030303030303015
HJK;UNIDADE INTERNAÇÃO - CLINICA MÉDICA;2026;1;2,469416785206259;0,2857142857142855
HJK;UNIDADE INTERNAÇÃO - CLINICA MÉDICA;2026;2;2,296774193548387;0,6067415730337077
HJK;UNIDADE INTERNAÇÃO - CLINICA PNEUMOLOGICA;2019;1;1,7685245901639344;1,60919540229885
HJK;UNIDADE INTERNAÇÃO - CLINICA PNEUMOLOGICA;2019;2;1,68;0,7261904761904765
HJK;UNIDADE INTERNAÇÃO - CLINICA PNEUMOLOGICA;2019;3;1,9663430420711974;0,49999999999999933
HJK;UNIDADE INTERNAÇÃO - CLINICA PNEUMOLOGICA;2019;4;1,801200800533689;0,4222222222222225
HJK;UNIDADE INTERNAÇÃO - CLINICA PNEUMOLOGICA;2019;5;2,24;0,3392857142857145
HJK;UNIDADE INTERNAÇÃO - CLINICA PNEUMOLOGICA;2019;6;1,86;0,5806451612903232
HJK;UNIDADE INTERNAÇÃO - CLINICA PNEUMOLOGICA;2019;7;1,88;0,39361702127659653
HJK;UNIDADE INTERNAÇÃO - CLINICA PNEUMOLOGICA;2019;8;1,9148244473342002;0,2526315789473677
HJK;UNIDADE INTERNAÇÃO - CLINICA PNEUMOLOGICA;2019;9;2,02;0,45544554455445474
HJK;UNIDADE INTERNAÇÃO - CLINICA PNEUMOLOGICA;2019;10;2,3;0,3913043478260872
HJK;UNIDADE INTERNAÇÃO - CLINICA PNEUMOLOGICA;2019;11;1,877496671105193;0,2127659574468081
HJK;UNIDADE INTERNAÇÃO - CLINICA PNEUMOLOGICA;2019;12;2,224396607958252;0,4090909090909084
HJK;UNIDADE INTERNAÇÃO - CLINICA PNEUMOLOGICA;2020;1;1,9761751448808758;0,20202020202020254
HJK;UNIDADE INTERNAÇÃO - CLINICA PNEUMOLOGICA;2020;2;1,4519890260631;0,0
HJK;UNIDADE INTERNAÇÃO - CLINICA PNEUMOLOGICA;2020;3;2,478401031592521;1,758064516129032
HJK;UNIDADE INTERNAÇÃO - CLINICA PNEUMOLOGICA;2020;4;0,8;24,625000000000004
HJK;UNIDADE INTERNAÇÃO - CLINICA PNEUMOLOGICA;2020;5;1,8869565217391304;5,846153846153847
HJK;UNIDADE INTERNAÇÃO - CLINICA PNEUMOLOGICA;2020;6;1,6918189038919778;7,112676056338027
HJK;UNIDADE INTERNAÇÃO - CLINICA PNEUMOLOGICA;2020;7;2,9479245283018867;1,9603174603174607
HJK;UNIDADE INTERNAÇÃO - CLINICA PNEUMOLOGICA;2020;8;1,944822373393802;7,42168674698795
HJK;UNIDADE INTERNAÇÃO - CLINICA PNEUMOLOGICA;2020;9;1,8666666666666667;6,773809523809523
HJK;UNIDADE INTERNAÇÃO - CLINICA PNEUMOLOGICA;2020;10;1,8195652173913044;8,999999999999998
HJK;UNIDADE INTERNAÇÃO - CLINICA PNEUMOLOGICA;2020;11;1,77742193755004;5,3243243243243255
HJK;UNIDADE INTERNAÇÃO - CLINICA PNEUMOLOGICA;2020;12;2,3288447909284193;4,584905660377359
HJK;UNIDADE INTERNAÇÃO - CLINICA PNEUMOLOGICA;2021;1;2,336231884057971;4,375000000000001
HJK;UNIDADE INTERNAÇÃO - CLINICA PNEUMOLOGICA;2021;2;1,6444444444444444;7,45945945945946
HJK;UNIDADE INTERNAÇÃO - CLINICA PNEUMOLOGICA;2021;3;2,6691525423728812;1,6692913385826764
HJK;UNIDADE INTERNAÇÃO - CLINICA PNEUMOLOGICA;2021;4;2,54;3,3622047244094477
HJK;UNIDADE INTERNAÇÃO - CLINICA PNEUMOLOGICA;2021;5;1,64;7,902439024390244
HJK;UNIDADE INTERNAÇÃO - CLINICA PNEUMOLOGICA;2021;6;2,06;6,485436893203884
HJK;UNIDADE INTERNAÇÃO - CLINICA PNEUMOLOGICA;2021;7;2,62;4,16030534351145
HJK;UNIDADE INTERNAÇÃO - CLINICA PNEUMOLOGICA;2021;8;1,42;14,873239436619718
HJK;UNIDADE INTERNAÇÃO - CLINICA PNEUMOLOGICA;2021;9;0,44;60,45454545454547
HJK;UNIDADE INTERNAÇÃO - CLINICA PNEUMOLOGICA;2021;10;0,7166446499339498;31,8
HJK;UNIDADE INTERNAÇÃO - CLINICA PNEUMOLOGICA;2021;11;1,889226100151745;6,879518072289156
HJK;UNIDADE INTERNAÇÃO - CLINICA PNEUMOLOGICA;2021;12;2,0444444444444443;5,8478260869565215
HJK;UNIDADE INTERNAÇÃO - CLINICA PNEUMOLOGICA;2022;1;2,323430114787306;3,8918918918918917
HJK;UNIDADE INTERNAÇÃO - CLINICA PNEUMOLOGICA;2022;2;1,515923566878981;7,8382352941176485
HJK;UNIDADE INTERNAÇÃO - CLINICA PNEUMOLOGICA;2022;3;0,9167315175097276;21,44736842105263
HJK;UNIDADE INTERNAÇÃO - CLINICA PNEUMOLOGICA;2022;4;1,678470254957507;6,974683544303796
HJK;UNIDADE INTERNAÇÃO - CLINICA PNEUMOLOGICA;2022;5;2,066666666666667;4,233009708737863
HJK;UNIDADE INTERNAÇÃO - CLINICA PNEUMOLOGICA;2022;6;2,06;3,5242718446601944
HJK;UNIDADE INTERNAÇÃO - CLINICA PNEUMOLOGICA;2022;7;1,62;5,4567901234567895
HJK;UNIDADE INTERNAÇÃO - CLINICA PNEUMOLOGICA;2022;8;1,8897535667963683;5,553191489361702
HJK;UNIDADE INTERNAÇÃO - CLINICA PNEUMOLOGICA;2022;9;1,9826435246995995;3,7777777777777772
HJK;UNIDADE INTERNAÇÃO - CLINICA PNEUMOLOGICA;2022;10;2,3923476005188067;1,5042016806722693
HJK;UNIDADE INTERNAÇÃO - CLINICA PNEUMOLOGICA;2022;11;1,8865345181134654;2,0326086956521747
HJK;UNIDADE INTERNAÇÃO - CLINICA PNEUMOLOGICA;2022;12;2,1122244488977957;3,068627450980393
HJK;UNIDADE INTERNAÇÃO - CLINICA PNEUMOLOGICA;2023;1;1,7733050847457628;3,2345679012345676
HJK;UNIDADE INTERNAÇÃO - CLINICA PNEUMOLOGICA;2023;2;2,0348837209302326;1,7100000000000009
HJK;UNIDADE INTERNAÇÃO - CLINICA PNEUMOLOGICA;2023;3;2,5353159851301115;-0,14545454545454484
HJK;UNIDADE INTERNAÇÃO - CLINICA PNEUMOLOGICA;2023;4;2,3889739663093414;0,5384615384615383
HJK;UNIDADE INTERNAÇÃO - CLINICA PNEUMOLOGICA;2023;5;2,482683982683983;0,684684684684684
HJK;UNIDADE INTERNAÇÃO - CLINICA PNEUMOLOGICA;2023;6;2,283737024221453;0,8000000000000005
HJK;UNIDADE INTERNAÇÃO - CLINICA PNEUMOLOGICA;2023;7;2,309162821357943;0,4159292035398238
HJK;UNIDADE INTERNAÇÃO - CLINICA PNEUMOLOGICA;2023;8;2,5268389662027833;0,861788617886179
HJK;UNIDADE INTERNAÇÃO - CLINICA PNEUMOLOGICA;2023;9;2,24848075624578;0,5675675675675679
HJK;UNIDADE INTERNAÇÃO - CLINICA PNEUMOLOGICA;2023;10;2,3609271523178808;0,982608695652174
HJK;UNIDADE INTERNAÇÃO - CLINICA PNEUMOLOGICA;2023;11;1,8419195483415667;0,885057471264367
HJK;UNIDADE INTERNAÇÃO - CLINICA PNEUMOLOGICA;2023;12;2,4406077348066297;2,2105263157894743
HJK;UNIDADE INTERNAÇÃO - CLINICA PNEUMOLOGICA;2024;1;2,6956521739130435;1,2321428571428565
HJK;UNIDADE INTERNAÇÃO - CLINICA PNEUMOLOGICA;2024;2;2,4500768049155144;1,0545454545454542
HJK;UNIDADE INTERNAÇÃO - CLINICA PNEUMOLOGICA;2024;3;2,3863471314451705;0,7830188679245288
HJK;UNIDADE INTERNAÇÃO - CLINICA PNEUMOLOGICA;2024;4;2,6077265973254087;0,5726495726495732
HJK;UNIDADE INTERNAÇÃO - CLINICA PNEUMOLOGICA;2024;5;2,7189072609633356;0,6311475409836064
HJK;UNIDADE INTERNAÇÃO - CLINICA PNEUMOLOGICA;2024;6;2,6666666666666665;0,3583333333333327
HJK;UNIDADE INTERNAÇÃO - CLINICA PNEUMOLOGICA;2024;7;2,3333333333333335;0,485714285714285
HJK;UNIDADE INTERNAÇÃO - CLINICA PNEUMOLOGICA;2024;8;2,876978417266187;0,8217054263565895
HJK;UNIDADE INTERNAÇÃO - CLINICA PNEUMOLOGICA;2024;9;2,4742268041237114;0,6875000000000003
HJK;UNIDADE INTERNAÇÃO - CLINICA PNEUMOLOGICA;2024;10;2,5573888091822097;0,4695652173913039
HJK;UNIDADE INTERNAÇÃO - CLINICA PNEUMOLOGICA;2024;11;2,977777777777778;0,7686567164179106
HJK;UNIDADE INTERNAÇÃO - CLINICA PNEUMOLOGICA;2024;12;3,0;0,9111111111111108
HJK;UNIDADE INTERNAÇÃO - CLINICA PNEUMOLOGICA;2025;1;2,511111111111111;0,7699115044247788
HJK;UNIDADE INTERNAÇÃO - CLINICA PNEUMOLOGICA;2025;2;2,1072858286629303;0,4361702127659573
HJK;UNIDADE INTERNAÇÃO - CLINICA PNEUMOLOGICA;2025;3;2,477272727272727;1,0183486238532113
HJK;UNIDADE INTERNAÇÃO - CLINICA PNEUMOLOGICA;2025;4;2,7555555555555555;0,6854838709677423
HJK;UNIDADE INTERNAÇÃO - CLINICA PNEUMOLOGICA;2025;5;2,7111111111111112;0,44262295081967196
HJK;UNIDADE INTERNAÇÃO - CLINICA PNEUMOLOGICA;2025;6;2,6222222222222222;0,3559322033898303
HJK;UNIDADE INTERNAÇÃO - CLINICA PNEUMOLOGICA;2025;7;2,8444444444444446;0,3046875
HJK;UNIDADE INTERNAÇÃO - CLINICA PNEUMOLOGICA;2025;8;2,6;0,41880341880341826
HJK;UNIDADE INTERNAÇÃO - CLINICA PNEUMOLOGICA;2025;9;2,89532293986637;0,5769230769230771
HJK;UNIDADE INTERNAÇÃO - CLINICA PNEUMOLOGICA;2025;10;2,5664488017429194;0,8157894736842108
HJK;UNIDADE INTERNAÇÃO - CLINICA PNEUMOLOGICA;2025;11;2,486930545182972;0,8648648648648657
HJK;UNIDADE INTERNAÇÃO - CLINICA PNEUMOLOGICA;2025;12;2,3244412400865175;0,7019230769230776
HJK;UNIDADE INTERNAÇÃO - CLINICA PNEUMOLOGICA;2026;1;2,512301013024602;0,839285714285714
HJK;UNIDADE INTERNAÇÃO - CLINICA PNEUMOLOGICA;2026;2;2,3265700483091787;1,1627906976744184
HJK;UNIDADE INTERNAÇÃO - CLINICA TISIOLÓGICA;2019;1;0,8266666666666667;6,5
HJK;UNIDADE INTERNAÇÃO - CLINICA TISIOLÓGICA;2019;2;1,1589403973509933;3,9200000000000013
HJK;UNIDADE INTERNAÇÃO - CLINICA TISIOLÓGICA;2019;3;1,3333333333333333;6,375
HJK;UNIDADE INTERNAÇÃO - CLINICA TISIOLÓGICA;2019;4;0,7550335570469798;4,266666666666665
HJK;UNIDADE INTERNAÇÃO - CLINICA TISIOLÓGICA;2019;5;0,8691588785046729;4,799999999999998
HJK;UNIDADE INTERNAÇÃO - CLINICA TISIOLÓGICA;2019;6;0,7931570762052877;4,764705882352941
HJK;UNIDADE INTERNAÇÃO - CLINICA TISIOLÓGICA;2019;7;1,0616438356164384;3,3000000000000003
HJK;UNIDADE INTERNAÇÃO - CLINICA TISIOLÓGICA;2019;8;0,8596187175043327;6,062500000000002
HJK;UNIDADE INTERNAÇÃO - CLINICA TISIOLÓGICA;2019;9;0,9507042253521126;5,8888888888888875
HJK;UNIDADE INTERNAÇÃO - CLINICA TISIOLÓGICA;2019;10;0,9912790697674418;8,454545454545455
HJK;UNIDADE INTERNAÇÃO - CLINICA TISIOLÓGICA;2019;11;1,1503067484662577;5,360000000000001
HJK;UNIDADE INTERNAÇÃO - CLINICA TISIOLÓGICA;2019;12;0,9562982005141388;6,083333333333331
HJK;UNIDADE INTERNAÇÃO - CLINICA TISIOLÓGICA;2020;1;0,8938401048492791;8,90909090909091
HJK;UNIDADE INTERNAÇÃO - CLINICA TISIOLÓGICA;2020;2;0,7105666156202144;11,687499999999998
HJK;UNIDADE INTERNAÇÃO - CLINICA TISIOLÓGICA;2020;3;0,4782608695652174;14,636363636363637
HJK;UNIDADE INTERNAÇÃO - CLINICA TISIOLÓGICA;2020;4;0,9264705882352942;8,85714285714286
HJK;UNIDADE INTERNAÇÃO - CLINICA TISIOLÓGICA;2020;5;0,5577211394302849;16,833333333333336
HJK;UNIDADE INTERNAÇÃO - CLINICA TISIOLÓGICA;2020;6;0,5357142857142857;26,538461538461533
HJK;UNIDADE INTERNAÇÃO - CLINICA TISIOLÓGICA;2020;7;0,7981029810298103;24,894736842105264
HJK;UNIDADE INTERNAÇÃO - CLINICA TISIOLÓGICA;2020;8;0,5031210986267166;36,846153846153854
HJK;UNIDADE INTERNAÇÃO - CLINICA TISIOLÓGICA;2020;9;0,4675324675324675;30,833333333333343
HJK;UNIDADE INTERNAÇÃO - CLINICA TISIOLÓGICA;2020;10;0,421195652173913;24,100000000000005
HJK;UNIDADE INTERNAÇÃO - CLINICA TISIOLÓGICA;2020;11;0,49429657794676807;25,0
HJK;UNIDADE INTERNAÇÃO - CLINICA TISIOLÓGICA;2020;12;0,5914702581369248;27,882352941176475
HJK;UNIDADE INTERNAÇÃO - CLINICA TISIOLÓGICA;2021;1;0,5432639649507119;30,625000000000004
HJK;UNIDADE INTERNAÇÃO - CLINICA TISIOLÓGICA;2021;2;0,44607843137254904;33,846153846153854
HJK;UNIDADE INTERNAÇÃO - CLINICA TISIOLÓGICA;2021;3;1,7204188481675393;6,962264150943397
HJK;UNIDADE INTERNAÇÃO - CLINICA TISIOLÓGICA;2021;4;2,257142857142857;4,721518987341772
HJK;UNIDADE INTERNAÇÃO - CLINICA TISIOLÓGICA;2021;5;2,142857142857143;3,8799999999999994
HJK;UNIDADE INTERNAÇÃO - CLINICA TISIOLÓGICA;2021;6;1,9714285714285715;4,217391304347826
HJK;UNIDADE INTERNAÇÃO - CLINICA TISIOLÓGICA;2021;7;0,4;56,57142857142856
HJK;UNIDADE INTERNAÇÃO - CLINICA TISIOLÓGICA;2021;8;0,3142857142857143;62,90909090909091
HJK;UNIDADE INTERNAÇÃO - CLINICA TISIOLÓGICA;2021;9;0,5142857142857142;34,833333333333336
HJK;UNIDADE INTERNAÇÃO - CLINICA TISIOLÓGICA;2021;10;0,5919597989949749;35,36842105263159
HJK;UNIDADE INTERNAÇÃO - CLINICA TISIOLÓGICA;2021;11;0,8595988538681948;12,549999999999997
HJK;UNIDADE INTERNAÇÃO - CLINICA TISIOLÓGICA;2021;12;1,154727793696275;11,269230769230772
HJK;UNIDADE INTERNAÇÃO - CLINICA TISIOLÓGICA;2022;1;1,2173913043478262;4,7142857142857135
HJK;UNIDADE INTERNAÇÃO - CLINICA TISIOLÓGICA;2022;2;0,9374090247452693;9,82608695652174
HJK;UNIDADE INTERNAÇÃO - CLINICA TISIOLÓGICA;2022;3;0,6729377713458755;18,400000000000002
HJK;UNIDADE INTERNAÇÃO - CLINICA TISIOLÓGICA;2022;4;0,5365126676602087;28,66666666666666
HJK;UNIDADE INTERNAÇÃO - CLINICA TISIOLÓGICA;2022;5;0,916256157635468;14,125
HJK;UNIDADE INTERNAÇÃO - CLINICA TISIOLÓGICA;2022;6;0,774526678141136;14,666666666666668
HJK;UNIDADE INTERNAÇÃO - CLINICA TISIOLÓGICA;2022;7;0,9346733668341709;12,611111111111114
HJK;UNIDADE INTERNAÇÃO - CLINICA TISIOLÓGICA;2022;8;0,6300813008130082;13,133333333333331
HJK;UNIDADE INTERNAÇÃO - CLINICA TISIOLÓGICA;2022;9;0,6976744186046512;14,764705882352942
HJK;UNIDADE INTERNAÇÃO - CLINICA TISIOLÓGICA;2022;10;1,0432692307692308;11,333333333333332
HJK;UNIDADE INTERNAÇÃO - CLINICA TISIOLÓGICA;2022;11;0,6989247311827957;11,769230769230768
HJK;UNIDADE INTERNAÇÃO - CLINICA TISIOLÓGICA;2022;12;1,2560777957860616;9,92
HJK;UNIDADE INTERNAÇÃO - CLINICA TISIOLÓGICA;2023;1;1,196911196911197;9,400000000000002
HJK;UNIDADE INTERNAÇÃO - CLINICA TISIOLÓGICA;2023;2;0,9734151329243353;6,0
HJK;UNIDADE INTERNAÇÃO - CLINICA TISIOLÓGICA;2023;3;1,6854368932038835;0,2857142857142864
HJK;UNIDADE INTERNAÇÃO - CLINICA TISIOLÓGICA;2023;4;1,064516129032258;1,6363636363636376
HJK;UNIDADE INTERNAÇÃO - CLINICA TISIOLÓGICA;2023;5;1,0623052959501558;1,4999999999999987
HJK;UNIDADE INTERNAÇÃO - CLINICA TISIOLÓGICA;2023;6;0,8528428093645485;2,1764705882352926
HJK;UNIDADE INTERNAÇÃO - CLINICA TISIOLÓGICA;2023;7;0,9203125;1,5263157894736832
HJK;UNIDADE INTERNAÇÃO - CLINICA TISIOLÓGICA;2023;8;1,7284172661870503;0,8387096774193556
HJK;UNIDADE INTERNAÇÃO - CLINICA TISIOLÓGICA;2023;9;0,6635071090047393;1,5714285714285692
HJK;UNIDADE INTERNAÇÃO - CLINICA TISIOLÓGICA;2023;10;0,9292565947242206;1,9199999999999993
HJK;UNIDADE INTERNAÇÃO - CLINICA TISIOLÓGICA;2023;11;1,6202945990180033;1,212121212121211
HJK;UNIDADE INTERNAÇÃO - CLINICA TISIOLÓGICA;2023;12;1,0385259631490786;0,9000000000000006
HJK;UNIDADE INTERNAÇÃO - CLINICA TISIOLÓGICA;2024;1;1,4252873563218391;1,0000000000000013
HJK;UNIDADE INTERNAÇÃO - CLINICA TISIOLÓGICA;2024;2;1,6183035714285714;-5,44
HJK;UNIDADE INTERNAÇÃO - CLINICA TISIOLÓGICA;2024;3;2,242894056847545;-8,321428571428571
HJK;UNIDADE INTERNAÇÃO - CLINICA TISIOLÓGICA;2024;4;2,0095693779904304;-9,107142857142858
HJK;UNIDADE INTERNAÇÃO - CLINICA TISIOLÓGICA;2024;5;2,1636582430806257;-8,96551724137931
HJK;UNIDADE INTERNAÇÃO - CLINICA TISIOLÓGICA;2024;6;2,2255192878338277;-7,92
HJK;UNIDADE INTERNAÇÃO - CLINICA TISIOLÓGICA;2024;7;1,8881506090808415;-3,89090909090909
HJK;UNIDADE INTERNAÇÃO - CLINICA TISIOLÓGICA;2024;8;1,8644240570846076;0,9830508474576263
HJK;UNIDADE INTERNAÇÃO - CLINICA TISIOLÓGICA;2024;9;2,0106382978723403;0,5873015873015869
HJK;UNIDADE INTERNAÇÃO - CLINICA TISIOLÓGICA;2024;10;2,3871657754010696;0,7916666666666661
HJK;UNIDADE INTERNAÇÃO - CLINICA TISIOLÓGICA;2024;11;1,8623024830699775;0,9090909090909098
HJK;UNIDADE INTERNAÇÃO - CLINICA TISIOLÓGICA;2024;12;2,202842377260982;0,7090909090909088
HJK;UNIDADE INTERNAÇÃO - CLINICA TISIOLÓGICA;2025;1;1,363733905579399;0,6341463414634149
HJK;UNIDADE INTERNAÇÃO - CLINICA TISIOLÓGICA;2025;2;1,6528925619834711;0,8199999999999994
HJK;UNIDADE INTERNAÇÃO - CLINICA TISIOLÓGICA;2025;3;1,7645089285714286;0,8823529411764709
HJK;UNIDADE INTERNAÇÃO - CLINICA TISIOLÓGICA;2025;4;1,997816593886463;0,8524590163934429
HJK;UNIDADE INTERNAÇÃO - CLINICA TISIOLÓGICA;2025;5;2,0805369127516777;0,9166666666666672
HJK;UNIDADE INTERNAÇÃO - CLINICA TISIOLÓGICA;2025;6;1,6532721010332951;0,7083333333333337
HJK;UNIDADE INTERNAÇÃO - CLINICA TISIOLÓGICA;2025;7;2,0730452674897117;0,5230769230769232
HJK;UNIDADE INTERNAÇÃO - CLINICA TISIOLÓGICA;2025;8;1,8271119842829076;0,38333333333333236
HJK;UNIDADE INTERNAÇÃO - CLINICA TISIOLÓGICA;2025;9;2,0959332638164754;0,5223880597014918
HJK;UNIDADE INTERNAÇÃO - CLINICA TISIOLÓGICA;2025;10;2,3773006134969323;0,9200000000000004
HJK;UNIDADE INTERNAÇÃO - CLINICA TISIOLÓGICA;2025;11;1,1269035532994924;0,9729729729729718
HJK;UNIDADE INTERNAÇÃO - CLINICA TISIOLÓGICA;2025;12;2,187116564417178;0,6521739130434776
HJK;UNIDADE INTERNAÇÃO - CLINICA TISIOLÓGICA;2026;1;1,457394711067581;0,7500000000000011
HJK;UNIDADE INTERNAÇÃO - CLINICA TISIOLÓGICA;2026;2;1,7293035479632064;1,0000000000000002
HJK;UNIDADE URGENCIA/EMERGENCIA;2022;5;1,7857142857142858;7,440000000000001
HJK;UNIDADE URGENCIA/EMERGENCIA;2022;6;1,6059957173447537;3,400000000000001
HJK;UNIDADE URGENCIA/EMERGENCIA;2022;7;1,8955108359133126;4,708860759493671
HJK;UNIDADE URGENCIA/EMERGENCIA;2022;8;1,9873654656059898;6,262773722627737
HJK;UNIDADE URGENCIA/EMERGENCIA;2022;9;2,1289424860853434;4,973856209150325
HJK;UNIDADE URGENCIA/EMERGENCIA;2022;10;1,7794561933534743;6,954887218045112
HJK;UNIDADE URGENCIA/EMERGENCIA;2022;11;1,7333333333333334;7,86923076923077
HJK;UNIDADE URGENCIA/EMERGENCIA;2022;12;1,796712802768166;8,768656716417908
HJK;UNIDADE URGENCIA/EMERGENCIA;2023;1;1,596969696969697;10,168067226890756
HJK;UNIDADE URGENCIA/EMERGENCIA;2023;2;2,0042735042735043;5,276119402985074
HJK;UNIDADE URGENCIA/EMERGENCIA;2023;3;3,0279831045406547;2,427027027027027
HJK;UNIDADE URGENCIA/EMERGENCIA;2023;4;2,372159090909091;4,1676646706586835
HJK;UNIDADE URGENCIA/EMERGENCIA;2023;5;3,0425442291491156;3,8583690987124455
HJK;UNIDADE URGENCIA/EMERGENCIA;2023;6;2,4069148936170213;5,154696132596685
HJK;UNIDADE URGENCIA/EMERGENCIA;2023;7;2,89193752638244;3,990950226244344
HJK;UNIDADE URGENCIA/EMERGENCIA;2023;8;2,8940285954583684;3,9639639639639643
HJK;UNIDADE URGENCIA/EMERGENCIA;2023;9;2,457737321196359;4,687830687830687
HJK;UNIDADE URGENCIA/EMERGENCIA;2023;10;3,2624845233182005;3,8705882352941177
HJK;UNIDADE URGENCIA/EMERGENCIA;2023;11;2,906486941870261;4,343478260869565
HJK;UNIDADE URGENCIA/EMERGENCIA;2023;12;2,6741947426878934;5,304721030042919
HJK;UNIDADE URGENCIA/EMERGENCIA;2024;1;2,5546932742054693;6,2959641255605385
HJK;UNIDADE URGENCIA/EMERGENCIA;2024;2;4,399033816425121;-2,0764331210191083
HJK;UNIDADE URGENCIA/EMERGENCIA;2024;3;5,382417582417583;-3,0025316455696207
HJK;UNIDADE URGENCIA/EMERGENCIA;2024;4;3,800080938891137;-4,495207667731629
HJK;UNIDADE URGENCIA/EMERGENCIA;2024;5;4,554008641382621;-3,2581699346405233
HJK;UNIDADE URGENCIA/EMERGENCIA;2024;6;3,973190348525469;-3,2550607287449393
HJK;UNIDADE URGENCIA/EMERGENCIA;2024;7;4,091012514220705;-3,146551724137931
HJK;UNIDADE URGENCIA/EMERGENCIA;2024;8;3,5072992700729926;-3,8064516129032255
HJK;UNIDADE URGENCIA/EMERGENCIA;2024;9;3,8197183098591547;-3,1769911504424777
HJK;UNIDADE URGENCIA/EMERGENCIA;2024;10;3,6008447729672652;-3,6545454545454548
HJK;UNIDADE URGENCIA/EMERGENCIA;2024;11;3,213096559378468;-3,7098445595854925
HJK;UNIDADE URGENCIA/EMERGENCIA;2024;12;4,151304347826087;-2,7316017316017316
HJK;UNIDADE URGENCIA/EMERGENCIA;2025;1;4,024729520865534;-3,4722222222222228
HJK;UNIDADE URGENCIA/EMERGENCIA;2025;2;3,297812675266405;-3,8380952380952387
HJK;UNIDADE URGENCIA/EMERGENCIA;2025;3;4,037425149700598;-3,716475095785441
HJK;UNIDADE URGENCIA/EMERGENCIA;2025;4;3,9440337909186907;-3,7871485943775105
HJK;UNIDADE URGENCIA/EMERGENCIA;2025;5;3,4241738343141694;-4,930327868852459
HJK;UNIDADE URGENCIA/EMERGENCIA;2025;6;3,6786786786786787;-4,212244897959183
HJK;UNIDADE URGENCIA/EMERGENCIA;2025;7;3,4347417840375587;-4,822033898305085
HJK;UNIDADE URGENCIA/EMERGENCIA;2025;8;3,755851307939422;-4,401515151515151
HJK;UNIDADE URGENCIA/EMERGENCIA;2025;9;3,3426183844011144;-4,929166666666666
HJK;UNIDADE URGENCIA/EMERGENCIA;2025;10;3,6577279375914187;-4,322314049586777
HJK;UNIDADE URGENCIA/EMERGENCIA;2025;11;3,2928606119475474;-4,818584070796461
HJK;UNIDADE URGENCIA/EMERGENCIA;2025;12;3,6761335326357747;-4,222689075630252
HJK;UNIDADE URGENCIA/EMERGENCIA;2026;1;3,3659517426273458;-5,102880658436214
HJK;UNIDADE URGENCIA/EMERGENCIA;2026;2;3,3352240499149177;-4,623809523809523
HJK;UNIDADE URGENCIA/EMERGENCIA CLÍNICA MÉDICA - INTERNAÇÃO;2020;1;2,8933333333333335;2,714285714285714
HJK;UNIDADE URGENCIA/EMERGENCIA CLÍNICA MÉDICA - INTERNAÇÃO;2020;2;2,5963581183611533;1,050847457627119
HJK;UNIDADE URGENCIA/EMERGENCIA CLÍNICA MÉDICA - INTERNAÇÃO;2020;3;2,272727272727273;4,840000000000001
HJK;UNIDADE URGENCIA/EMERGENCIA CLÍNICA MÉDICA - INTERNAÇÃO;2020;4;1,4688427299703264;14,27272727272727
HJK;UNIDADE URGENCIA/EMERGENCIA CLÍNICA MÉDICA - INTERNAÇÃO;2020;5;2,0335276967930027;12,4
HJK;UNIDADE URGENCIA/EMERGENCIA CLÍNICA MÉDICA - INTERNAÇÃO;2020;6;2,278481012658228;5,13888888888889
HJK;UTI - ADULTO;2022;5;0,5535714285714286;9,800000000000004
HJK;UTI - ADULTO;2022;6;0,95;8,368421052631579
HJK;UTI - ADULTO;2022;7;1,073076923076923;4,333333333333334
HJK;UTI - ADULTO;2022;8;1,0;4,299999999999999
HJK;UTI - ADULTO;2022;9;0,9;2,666666666666665
HJK;UTI - ADULTO;2022;10;1,3;1,6153846153846154
HJK;UTI - ADULTO;2022;11;1,1;3,2727272727272725
HJK;UTI - ADULTO;2022;12;0,6;3,9999999999999987
HJK;UTI - ADULTO;2023;1;1,2;3,5
HJK;UTI - ADULTO;2023;2;1,6;2,000000000000001
HJK;UTI - ADULTO;2023;3;0,9342465753424658;1,1818181818181805
HJK;UTI - ADULTO;2023;4;0,75;5,666666666666669
HJK;UTI - ADULTO;2023;5;1,2;2,6249999999999987
HJK;UTI - ADULTO;2023;6;1,4;2,8928571428571432
HJK;UTI - ADULTO;2023;7;0,9;2,72222222222222
HJK;UTI - ADULTO;2023;8;1,2320512820512821;2,3225806451612905
HJK;UTI - ADULTO;2023;9;0,8666666666666667;4,115384615384618
HJK;UTI - ADULTO;2023;10;1,0333333333333334;4,516129032258064
HJK;UTI - ADULTO;2023;11;1,2333333333333334;2,8108108108108096
HJK;UTI - ADULTO;2023;12;1,3333333333333333;2,875
HJK;UTI - ADULTO;2024;1;0,9293361884368309;4,071428571428573
HJK;UTI - ADULTO;2024;2;1,1;1,8787878787878776
HJK;UTI - ADULTO;2024;3;1,1666666666666667;1,6571428571428575
HJK;UTI - ADULTO;2024;4;0,9;2,0740740740740726
HJK;UTI - ADULTO;2024;5;1,3666666666666667;2,609756097560977
HJK;UTI - ADULTO;2024;6;1,2666666666666666;1,868421052631579
HJK;UTI - ADULTO;2024;7;1,2333333333333334;2,7837837837837824
HJK;UTI - ADULTO;2024;8;1,3333333333333333;1,7999999999999992
HJK;UTI - ADULTO;2024;9;1,1333333333333333;2,6764705882352953
HJK;UTI - ADULTO;2024;10;1,33764832793959;2,6750000000000007
HJK;UTI - ADULTO;2024;11;0,9333333333333333;2,7500000000000018
HJK;UTI - ADULTO;2024;12;1,6333333333333333;2,1632653061224496
HJK;UTI - ADULTO;2025;1;1,0666666666666667;2,2187499999999982
HJK;UTI - ADULTO;2025;2;1,0333333333333334;2,0322580645161277
HJK;UTI - ADULTO;2025;3;1,3;2,2820512820512824
HJK;UTI - ADULTO;2025;4;0,9597156398104265;2,0370370370370363
HJK;UTI - ADULTO;2025;5;1,1238670694864048;1,611111111111111
HJK;UTI - ADULTO;2025;6;1,1306532663316582;1,8000000000000005
HJK;UTI - ADULTO;2025;7;1,3260694108151736;1,5660377358490574
HJK;UTI - ADULTO;2025;8;0,975;1,7692307692307698
HJK;UTI - ADULTO;2025;9;1,1;1,8636363636363644
HJK;UTI - ADULTO;2025;10;1,2520193861066236;2,4199999999999995
HJK;UTI - ADULTO;2025;11;1,45;1,4137931034482762
HJK;UTI - ADULTO;2025;12;1,4;1,7142857142857135
HJK;UTI - ADULTO;2026;1;1,1254125412541254;2,431818181818183
HJK;UTI - ADULTO;2026;2;1,2529680365296805;2,3673469387755097
HJK;UTI - ADULTO;2026;3;1,2031379025598679;2,063829787234044
HJK;UTI - ADULTO;2026;4;1,241554054054054;2,0000000000000004
HJK;UTI - ADULTO;2026;5;1,2009685230024214;1,4791666666666679
HJK;UTI - ADULTO COVID-19 (CTI 03);2021;4;0,45454545454545453;0,6666666666666636
HJK;UTI - ADULTO COVID-19 (CTI 03);2021;5;0,7209302325581395;9,000000000000002
HJK;UTI - ADULTO COVID-19 (CTI 03);2021;7;3,84070796460177;2,428571428571429
HJK;UTI - ADULTO COVID-19 (CTI 03);2021;10;3,4444444444444446;3,0
HJK;UTI - NEONATAL;2022;6;0,5;16,000000000000004
HJK;UTI - NEONATAL;2022;7;0,5;8,800000000000002
HJK;UTI - NEONATAL;2022;8;0,3;14,0
HJK;UTI - NEONATAL;2022;10;0,3;33,33333333333334
HJK;UTI - NEONATAL;2022;11;0,3;32,99999999999999
HJK;UTI - NEONATAL;2022;12;0,5;20,8
HJK;UTI - NEONATAL;2023;1;0,6;16,499999999999996
HJK;UTI - NEONATAL;2023;2;0,2;11,500000000000005
HJK;UTI - NEONATAL;2023;3;0,10689655172413794;24,999999999999982
HJK;UTI - NEONATAL;2023;4;0,3;34,666666666666664
HJK;UTI - NEONATAL;2023;5;0,1;79,00000000000001
HJK;UTI - NEONATAL;2023;6;0,4;26,500000000000007
HJK;UTI - NEONATAL;2023;7;0,2012987012987013;47,000000000000014
HJK;UTI - NEONATAL;2023;8;0,1;44,99999999999999
HJK;UTI - NEONATAL;2023;9;0,2;34,49999999999999
HJK;UTI - NEONATAL;2023;11;0,2;52,00000000000001
HJK;UTI - NEONATAL;2023;12;0,2;37,000000000000014
HJK;UTI - NEONATAL;2024;2;0,2;1,000000000000002
HJK;UTI - NEONATAL;2024;3;0,09567901234567901;-4,9999999999999964
HJK;UTI - NEONATAL;2024;4;0,36923076923076925;4,750000000000001
HJK;UTI - NEONATAL;2024;5;0,6718266253869969;5,285714285714287
HJK;UTI - NEONATAL;2024;6;0,6862745098039216;7,1428571428571415
HJK;UTI - NEONATAL;2024;7;0,3;15,999999999999993
HJK;UTI - NEONATAL;2024;8;0,3;38,00000000000001
HJK;UTI - NEONATAL;2024;9;0,3;43,99999999999999
HJK;UTI - NEONATAL;2024;10;0,4;20,249999999999993
HJK;UTI - NEONATAL;2024;11;0,1;80,00000000000003
HJK;UTI - NEONATAL;2024;12;0,3;24,333333333333332
HJK;UTI - NEONATAL;2025;1;0,3;27,666666666666664
HJK;UTI - NEONATAL;2025;2;0,21292775665399238;33,49999999999999
HJK;UTI - NEONATAL;2025;3;0,5344827586206896;-3,1666666666666665
HJK;UTI - NEONATAL;2025;4;0,18808777429467086;11,000000000000004
HJK;UTI - NEONATAL;2025;5;1,066921606118547;0,44444444444444586
HJK;UTI - NEONATAL;2025;6;0,7;6,499999999999997
HJK;UTI - NEONATAL;2025;7;0,9;13,333333333333332
HJK;UTI - NEONATAL;2025;8;0,3875;32,75000000000001
HJK;UTI - NEONATAL;2025;9;0,5;16,200000000000003
HJK;UTI - NEONATAL;2025;10;0,1;104,0
HJK;UTI - NEONATAL;2025;11;0,3;34,33333333333334
HJK;UTI - NEONATAL;2025;12;0,4;13,5
HJK;UTI - NEONATAL;2026;1;0,29337539432176657;13,000000000000005
HJK;UTI - NEONATAL;2026;2;0,09688581314878893;45,99999999999999
HJK;UTI - NEONATAL;2026;3;0,6;11,499999999999996
HJK;UTI - NEONATAL;2026;4;0,1;39,0
HJK;UTI - NEONATAL E PEDIATRICO UTIN E UCIN;2019;1;0,25;37,2
HJK;UTI - NEONATAL E PEDIATRICO UTIN E UCIN;2019;2;0,5;14,399999999999997
HJK;UTI - NEONATAL E PEDIATRICO UTIN E UCIN;2019;3;0,7;7,785714285714285
HJK;UTI - NEONATAL E PEDIATRICO UTIN E UCIN;2019;4;0,6;10,083333333333332
HJK;UTI - NEONATAL E PEDIATRICO UTIN E UCIN;2019;5;0,65;21,307692307692307
HJK;UTI - NEONATAL E PEDIATRICO UTIN E UCIN;2019;6;0,7;11,857142857142854
HJK;UTI - NEONATAL E PEDIATRICO UTIN E UCIN;2019;7;0,4;23,250000000000004
HJK;UTI - NEONATAL E PEDIATRICO UTIN E UCIN;2019;8;0,15;92,00000000000001
HJK;UTI - NEONATAL E PEDIATRICO UTIN E UCIN;2019;9;0,4;35,875000000000014
HJK;UTI - NEONATAL E PEDIATRICO UTIN E UCIN;2019;10;0,35;41,71428571428571
HJK;UTI - NEONATAL E PEDIATRICO UTIN E UCIN;2019;11;0,4;24,250000000000004
HJK;UTI - NEONATAL E PEDIATRICO UTIN E UCIN;2019;12;0,2;50,999999999999986
HJK;UTI - NEONATAL E PEDIATRICO UTIN E UCIN;2020;1;0,35;27,857142857142865
HJK;UTI - NEONATAL E PEDIATRICO UTIN E UCIN;2020;2;0,4;12,874999999999998
HJK;UTI - NEONATAL E PEDIATRICO UTIN E UCIN;2020;3;0,4;19,624999999999996
HJK;UTI - NEONATAL E PEDIATRICO UTIN E UCIN;2020;4;0,45;24,333333333333336
HJK;UTI - NEONATAL E PEDIATRICO UTIN E UCIN;2020;5;0,45;34,22222222222223
HJK;UTI - NEONATAL E PEDIATRICO UTIN E UCIN;2020;6;0,3;30,50000000000001
HJK;UTI - NEONATAL E PEDIATRICO UTIN E UCIN;2020;7;0,65;14,384615384615385
HJK;UTI - NEONATAL E PEDIATRICO UTIN E UCIN;2020;8;0,5;17,099999999999994
HJK;UTI - NEONATAL E PEDIATRICO UTIN E UCIN;2020;9;0,55;24,363636363636367
HJK;UTI - NEONATAL E PEDIATRICO UTIN E UCIN;2020;10;0,2;66,75000000000001
HJK;UTI - NEONATAL E PEDIATRICO UTIN E UCIN;2020;11;0,55;29,54545454545455
HJK;UTI - NEONATAL E PEDIATRICO UTIN E UCIN;2020;12;0,4;33,25000000000001
HJK;UTI - NEONATAL E PEDIATRICO UTIN E UCIN;2021;1;0,4;25,375
HJK;UTI - NEONATAL E PEDIATRICO UTIN E UCIN;2021;2;0,4;18,124999999999996
HJK;UTI - NEONATAL E PEDIATRICO UTIN E UCIN;2021;3;0,85;11,47058823529412
HJK;UTI - NEONATAL E PEDIATRICO UTIN E UCIN;2021;4;0,55;19,72727272727273
HJK;UTI - NEONATAL E PEDIATRICO UTIN E UCIN;2021;5;0,65;19,307692307692303
HJK;UTI - NEONATAL E PEDIATRICO UTIN E UCIN;2021;6;0,35;40,42857142857142
HJK;UTI - NEONATAL E PEDIATRICO UTIN E UCIN;2021;7;0,55;26,999999999999996
HJK;UTI - NEONATAL E PEDIATRICO UTIN E UCIN;2021;8;0,7;24,071428571428566
HJK;UTI - NEONATAL E PEDIATRICO UTIN E UCIN;2021;9;0,2;73,24999999999999
HJK;UTI - NEONATAL E PEDIATRICO UTIN E UCIN;2021;10;0,55;23,454545454545453
HJK;UTI - NEONATAL E PEDIATRICO UTIN E UCIN;2021;11;0,4;39,75000000000001
HJK;UTI - NEONATAL E PEDIATRICO UTIN E UCIN;2021;12;0,55;28,90909090909091
HJK;UTI - NEONATAL E PEDIATRICO UTIN E UCIN;2022;1;0,45;26,888888888888893
HJK;UTI - NEONATAL E PEDIATRICO UTIN E UCIN;2022;2;0,4;26,125
HJK;UTI - NEONATAL E PEDIATRICO UTIN E UCIN;2022;3;0,65;18,61538461538462
HJK;UTI - NEONATAL E PEDIATRICO UTIN E UCIN;2022;4;0,4;41,62499999999999
HJK;UTI - NEONATAL E PEDIATRICO UTIN E UCIN;2022;5;0,8783333333333333;16,823529411764707
HJK;UTI COVID-19;2020;7;1,201291711517761;1,9999999999999998
HJK;UTI COVID-19;2020;8;1,0200642054574638;12,073170731707316
HJK;UTI COVID-19;2020;9;0,6190476190476191;23,461538461538456
HJK;UTI COVID-19;2020;10;0,6190476190476191;29,30769230769231
HJK;UTI COVID-19;2020;11;0,42857142857142855;40,61111111111111
HJK;UTI COVID-19;2020;12;1,1290322580645162;7,1999999999999975
HJK;UTI COVID-19;2021;1;0,841506129597198;11,516129032258066
HJK;UTI COVID-19;2021;2;0,8561151079136691;9,323529411764707
HJK;UTI COVID-19;2021;3;1,211818181818182;1,558139534883721
HJK;UTI COVID-19;2021;4;1,25;1,4000000000000006
HJK;UTI COVID-19;2021;5;0,65;2,8846153846153815
HJK;UTI COVID-19;2021;6;0,975;5,076923076923079
HJK;UTI COVID-19;2021;7;0,62;13,095238095238091
HJK;UTI COVID-19;2021;8;0,6666666666666666;15,849999999999996
HJK;UTI COVID-19;2021;9;0,43333333333333335;48,00000000000001
HJK;UTI COVID-19;2021;10;0,570771001150748;35,625
HJK;UTI COVID-19;2021;11;0,8557046979865772;5,411764705882353
HJK;UTI COVID-19;2021;12;1,0;4,799999999999999
HJK;UTI COVID-19;2022;1;1,0281923714759535;6,149999999999999
HJK;UTI COVID-19;2022;2;0,6;8,416666666666668
HJK;UTI COVID-19;2022;3;0,6458333333333334;10,750000000000002
HJK;UTI COVID-19;2022;4;1,4;5,571428571428571
HJK;UTI COVID-19;2022;5;1,1598639455782314;9,545454545454543
HJK;UTI CTI;2019;1;1,105263157894737;2,0000000000000004
HJK;UTI CTI;2019;2;0,9473684210526315;1,4444444444444453
HJK;UTI CTI;2019;3;0,8421052631578947;1,4375000000000013
HJK;UTI CTI;2019;4;0,9473684210526315;1,8888888888888877
HJK;UTI CTI;2019;5;0,7368421052631579;1,0
HJK;UTI CTI;2019;6;0,9473684210526315;0,9444444444444439
HJK;UTI CTI;2019;7;1,263157894736842;1,0000000000000013
HJK;UTI CTI;2019;8;0,8421052631578947;0,7499999999999989
HJK;UTI CTI;2019;9;0,8421052631578947;0,625000000000002
HJK;UTI CTI;2019;10;1,5263157894736843;2,0689655172413786
HJK;UTI CTI;2019;11;1,263157894736842;0,6249999999999992
HJK;UTI CTI;2019;12;0,7894736842105263;0,7333333333333314
HJK;UTI CTI;2020;1;1,206429780033841;1,7826086956521745
HJK;UTI CTI;2020;2;1,0;1,2105263157894737
HJK;UTI CTI;2020;3;1,3157894736842106;3,6
HJK;UTI CTI;2020;4;1,105263157894737;9,04761904761905
HJK;UTI CTI;2020;5;0,8947368421052632;10,176470588235293
HJK;UTI CTI;2020;6;0,7446808510638298;5,499999999999997
HJK;UTI CTI;2020;7;0,48742138364779874;15,399999999999997
HJK;UTI CTI;2020;8;0,4;14,000000000000002
HJK;UTI CTI;2020;9;0,8;5,625000000000001
HJK;UTI CTI;2020;10;1,2;8,166666666666668
HJK;UTI CTI;2020;11;0,7;9,571428571428575
HJK;UTI CTI;2020;12;0,9;7,666666666666665
HJK;UTI CTI;2021;1;1,1;6,1818181818181825
HJK;UTI CTI;2021;2;1,1;2,8181818181818192
HJK;UTI CTI;2021;3;1,8;1,4444444444444442
HJK;UTI CTI;2021;4;1,1;2,363636363636364
HJK;UTI CTI;2021;5;0,6;1,1666666666666667
HJK;UTI CTI;2021;6;0,9;4,222222222222224
HJK;UTI CTI;2021;7;1,1;4,909090909090909
HJK;UTI CTI;2021;8;0,7;7,2857142857142865
HJK;UTI CTI;2021;9;1,4;3,7142857142857144
HJK;UTI CTI;2021;10;0,7;9,000000000000002
HJK;UTI CTI;2021;11;0,7;18,857142857142854
HJK;UTI CTI;2021;12;0,8322147651006712;11,625000000000004
HJK;UTI CTI;2022;1;0,8157894736842105;5,124999999999997
HJK;UTI CTI;2022;2;1,5;7,266666666666665
HJK;UTI CTI;2022;3;1,0;17,0
HJK;UTI CTI;2022;4;0,4;30,750000000000004
HJK;UTI CTI;2022;5;0,6739130434782609;21,000000000000004
HJXXIII;PRONTO SOCORRO;2019;1;7,375;
HJXXIII;PRONTO SOCORRO;2019;2;7,270549809471965;
HJXXIII;PRONTO SOCORRO;2019;3;8,411500449236298;
HJXXIII;PRONTO SOCORRO;2019;4;7,107692307692307;
HJXXIII;PRONTO SOCORRO;2019;5;6,739130434782608;
HJXXIII;PRONTO SOCORRO;2019;6;6,362965695315382;
HJXXIII;PRONTO SOCORRO;2019;7;7,600586756077116;
HJXXIII;PRONTO SOCORRO;2019;8;7,711161731207289;
HJXXIII;PRONTO SOCORRO;2019;9;7,896267571497819;
HJXXIII;PRONTO SOCORRO;2019;10;7,692940666955392;
HJXXIII;PRONTO SOCORRO;2019;11;7,863013698630137;
HJXXIII;PRONTO SOCORRO;2019;12;6,913091715976331;
HJXXIII;PRONTO SOCORRO;2020;1;7,026848591549296;
HJXXIII;PRONTO SOCORRO;2020;2;7,38996138996139;
HJXXIII;PRONTO SOCORRO;2020;3;7,510945273631841;
HJXXIII;PRONTO SOCORRO;2020;4;9,153094462540716;
HJXXIII;PRONTO SOCORRO;2020;5;8,156339370829361;
HJXXIII;PRONTO SOCORRO;2020;6;7,885615251299827;
HJXXIII;PRONTO SOCORRO;2020;7;7,671466666666666;
HJXXIII;PRONTO SOCORRO;2020;8;7,785583103764922;
HJXXIII;PRONTO SOCORRO;2020;9;7,155595185020062;
HJXXIII;PRONTO SOCORRO;2020;10;7,268800617045893;
HJXXIII;PRONTO SOCORRO;2020;11;7,305151915455746;
HJXXIII;PRONTO SOCORRO;2020;12;9,481960150780829;
HJXXIII;PRONTO SOCORRO;2021;1;8,148383677795442;
HJXXIII;PRONTO SOCORRO;2021;2;6,826112073945696;
HJXXIII;PRONTO SOCORRO;2021;3;8,015271195365981;
HJXXIII;PRONTO SOCORRO;2021;4;7,657784011220197;
HJXXIII;PRONTO SOCORRO;2021;5;6,955291222313372;
HJXXIII;PRONTO SOCORRO;2021;6;7,227327207351179;
HJXXIII;PRONTO SOCORRO;2021;7;5,228915662650603;-0,5340136054421766
HJXXIII;PRONTO SOCORRO;2021;8;5,715887127947429;-0,7861635220125787
HJXXIII;PRONTO SOCORRO;2021;9;5,2927756653992395;-1,4913793103448276
HJXXIII;PRONTO SOCORRO;2021;10;5,301717699775952;-1,5545851528384276
HJXXIII;PRONTO SOCORRO;2021;11;5,208256542572798;-1,753715498938429
HJXXIII;PRONTO SOCORRO;2021;12;5,58843537414966;-2,094339622641509
HJXXIII;PRONTO SOCORRO;2022;1;4,963893249607535;-2,596078431372549
HJXXIII;PRONTO SOCORRO;2022;2;5,0665603826225585;-1,640969162995595
HJXXIII;PRONTO SOCORRO;2022;3;5,47952397619881;-1,392079207920792
HJXXIII;PRONTO SOCORRO;2022;4;5,2631578947368425;-1,3857142857142857
HJXXIII;PRONTO SOCORRO;2022;5;5,241603053435115;-1,0564334085778782
HJXXIII;PRONTO SOCORRO;2022;6;5,469202149648615;-1,4263038548752835
HJXXIII;PRONTO SOCORRO;2022;7;5,72361059306229;-1,8989898989898988
HJXXIII;PRONTO SOCORRO;2022;8;5,0843373493975905;-2,0260663507109005
HJXXIII;PRONTO SOCORRO;2022;9;5,314738032416133;-1,9851063829787234
HJXXIII;PRONTO SOCORRO;2022;10;4,941257299896943;-2,1918103448275863
HJXXIII;PRONTO SOCORRO;2022;11;5,388096066829099;-2,067829457364341
HJXXIII;PRONTO SOCORRO;2022;12;5,324900133155793;-2,0484496124031013
HJXXIII;PRONTO SOCORRO;2023;1;4,762415148267238;-1,8930232558139537
HJXXIII;PRONTO SOCORRO;2023;2;4,483173928444916;-1,6194690265486724
HJXXIII;PRONTO SOCORRO;2023;3;5,096824897830871;-2,1147227533460806
HJXXIII;PRONTO SOCORRO;2023;4;4,47923533289387;-2,2207505518763795
HJXXIII;PRONTO SOCORRO;2023;5;5,490409207161125;-2,382671480144404
HJXXIII;PRONTO SOCORRO;2023;6;4,939879759519038;-2,281947261663286
HJXXIII;PRONTO SOCORRO;2023;7;4,905305367057372;-2,7641325536062378
HJXXIII;PRONTO SOCORRO;2023;8;5,643881293764588;-1,9597069597069594
HJXXIII;PRONTO SOCORRO;2023;9;5,198451113262343;-2,3594040968342647
HJXXIII;PRONTO SOCORRO;2023;10;5,258452722063037;-2,456081081081081
HJXXIII;PRONTO SOCORRO;2023;11;5,542838456507521;-1,9221238938053098
HJXXIII;PRONTO SOCORRO;2023;12;5,214434834476588;-2,2819148936170213
HJXXIII;PRONTO SOCORRO;2024;1;4,729956494717215;-2,034623217922607
HJXXIII;PRONTO SOCORRO;2024;2;4,638466622604098;-1,805785123966942
HJXXIII;PRONTO SOCORRO;2024;3;5,384072295961593;-2,278048780487805
HJXXIII;PRONTO SOCORRO;2024;4;6,009104704097117;-1,3125
HJXXIII;PRONTO SOCORRO;2024;5;5,7407407407407405;-1,6660194174757283
HJXXIII;PRONTO SOCORRO;2024;6;4,995073891625616;-2,2386587771203152
HJXXIII;PRONTO SOCORRO;2024;7;6,116683054736152;-1,6677740863787374
HJXXIII;PRONTO SOCORRO;2024;8;5,934536447275301;-1,6266173752310538
HJXXIII;PRONTO SOCORRO;2024;9;5,199735886431165;-1,8895238095238096
HJXXIII;PRONTO SOCORRO;2024;10;5,67049075844487;-1,7926829268292683
HJXXIII;PRONTO SOCORRO;2024;11;6,0576923076923075;-1,5295238095238095
HJXXIII;PRONTO SOCORRO;2024;12;7,012734082397004;-1,5182119205298015
HJXXIII;PRONTO SOCORRO;2025;1;7,43914981145012;-1,7257142857142858
HJXXIII;PRONTO SOCORRO;2025;2;6,742014742014742;-1,4642857142857144
HJXXIII;PRONTO SOCORRO;2025;3;6,573869346733669;-1,797788309636651
HJXXIII;PRONTO SOCORRO;2025;4;6,854811288677321;-2,001488095238095
HJXXIII;PRONTO SOCORRO;2025;5;6,406734896005283;-2,0910543130990416
HJXXIII;PRONTO SOCORRO;2025;6;6,560196560196561;-1,8924558587479934
HJXXIII;PRONTO SOCORRO;2025;7;7,109525389976767;-1,9551374819102751
HJXXIII;PRONTO SOCORRO;2025;8;7,224030470914127;-1,9331352154531947
HJXXIII;PRONTO SOCORRO;2025;9;6,737481031866464;-1,6537162162162165
HJXXIII;PRONTO SOCORRO;2025;10;7,397606837606838;-1,849570200573066
HJXXIII;PRONTO SOCORRO;2025;11;6,738636363636363;-1,4502529510961215
HJXXIII;PRONTO SOCORRO;2025;12;6,350729335494328;-2,191455696202532
HJXXIII;PRONTO SOCORRO;2026;1;5,998997326203209;-2,2124352331606216
HJXXIII;PRONTO SOCORRO;2026;2;6,343383584589615;-1,5563770794824399
HJXXIII;PRONTO SOCORRO;2026;3;6,994546693933197;-1,9138972809667674
HJXXIII;PRONTO SOCORRO;2026;4;6,9160768452982815;-1,884502923976608
HJXXIII;PRONTO SOCORRO;2026;5;7,543295579101206;-1,533033033033033
HJXXIII;PRONTO SOCORRO SALA 08 - EMERG. CLINICAS;2019;1;5,767441860465116;
HJXXIII;PRONTO SOCORRO SALA 08 - EMERG. CLINICAS;2019;2;3,623529411764706;
HJXXIII;PRONTO SOCORRO SALA 08 - EMERG. CLINICAS;2019;3;3,206896551724138;
HJXXIII;PRONTO SOCORRO SALA 08 - EMERG. CLINICAS;2019;4;2,682926829268293;
HJXXIII;PRONTO SOCORRO SALA 08 - EMERG. CLINICAS;2019;5;3,8271604938271606;
HJXXIII;PRONTO SOCORRO SALA 08 - EMERG. CLINICAS;2019;6;3,0864197530864197;
HJXXIII;PRONTO SOCORRO SALA 08 - EMERG. CLINICAS;2019;7;2,252136752136752;
HJXXIII;PRONTO SOCORRO SALA 08 - EMERG. CLINICAS;2019;8;3,6384976525821595;
HJXXIII;PRONTO SOCORRO SALA 08 - EMERG. CLINICAS;2019;9;3,5779816513761467;
HJXXIII;PRONTO SOCORRO SALA 08 - EMERG. CLINICAS;2019;10;2,9879518072289155;
HJXXIII;PRONTO SOCORRO SALA 08 - EMERG. CLINICAS;2019;11;3,9908256880733943;
HJXXIII;PRONTO SOCORRO SALA 08 - EMERG. CLINICAS;2019;12;3,987551867219917;
HJXXIII;PRONTO SOCORRO SALA 08 - EMERG. CLINICAS;2020;1;7,170068027210885;
HJXXIII;PRONTO SOCORRO SALA 08 - EMERG. CLINICAS;2020;2;4,269938650306749;
HJXXIII;PRONTO SOCORRO SALA 08 - EMERG. CLINICAS;2020;3;5,105882352941176;
HJXXIII;PRONTO SOCORRO SALA 08 - EMERG. CLINICAS;2020;4;6,666666666666667;
HJXXIII;PRONTO SOCORRO SALA 08 - EMERG. CLINICAS;2020;5;2,657142857142857;
HJXXIII;PRONTO SOCORRO SALA 08 - EMERG. CLINICAS;2020;6;4,766355140186916;
HJXXIII;PRONTO SOCORRO SALA 08 - EMERG. CLINICAS;2020;7;4,514563106796117;
HJXXIII;PRONTO SOCORRO SALA 08 - EMERG. CLINICAS;2020;8;1,3191489361702127;
HJXXIII;PRONTO SOCORRO SALA 08 - EMERG. CLINICAS;2020;12;9,3;
HJXXIII;PRONTO SOCORRO SALA 08 - EMERG. CLINICAS;2021;1;6,642857142857143;
HJXXIII;PRONTO SOCORRO SALA 08 - EMERG. CLINICAS;2021;2;18,666666666666668;
HJXXIII;PRONTO SOCORRO SALA 08 - EMERG. CLINICAS;2021;3;3,4444444444444446;
HJXXIII;PRONTO SOCORRO SALA 08 - EMERG. CLINICAS;2021;4;8,571428571428571;
HJXXIII;UNIDADE INTERNAÇÃO - CIRURGIA GERAL 4º ANDAR;2019;1;3,7142857142857144;1,2769230769230773
HJXXIII;UNIDADE INTERNAÇÃO - CIRURGIA GERAL 4º ANDAR;2019;2;2,8857142857142857;2,554455445544555
HJXXIII;UNIDADE INTERNAÇÃO - CIRURGIA GERAL 4º ANDAR;2019;3;2,6857142857142855;1,457446808510639
HJXXIII;UNIDADE INTERNAÇÃO - CIRURGIA GERAL 4º ANDAR;2019;4;2,3714285714285714;1,3975903614457836
HJXXIII;UNIDADE INTERNAÇÃO - CIRURGIA GERAL 4º ANDAR;2019;5;2,6;0,9999999999999999
HJXXIII;UNIDADE INTERNAÇÃO - CIRURGIA GERAL 4º ANDAR;2019;6;3,3142857142857145;1,4827586206896557
HJXXIII;UNIDADE INTERNAÇÃO - CIRURGIA GERAL 4º ANDAR;2019;7;3,4571428571428573;1,3801652892561989
HJXXIII;UNIDADE INTERNAÇÃO - CIRURGIA GERAL 4º ANDAR;2019;8;2,6857142857142855;2,372340425531914
HJXXIII;UNIDADE INTERNAÇÃO - CIRURGIA GERAL 4º ANDAR;2019;9;3,0;1,8666666666666663
HJXXIII;UNIDADE INTERNAÇÃO - CIRURGIA GERAL 4º ANDAR;2019;10;3,257142857142857;1,298245614035088
HJXXIII;UNIDADE INTERNAÇÃO - CIRURGIA GERAL 4º ANDAR;2019;11;3,2;0,9732142857142855
HJXXIII;UNIDADE INTERNAÇÃO - CIRURGIA GERAL 4º ANDAR;2019;12;2,914285714285714;1,9411764705882357
HJXXIII;UNIDADE INTERNAÇÃO - CIRURGIA GERAL 4º ANDAR;2020;1;2,7142857142857144;1,9578947368421045
HJXXIII;UNIDADE INTERNAÇÃO - CIRURGIA GERAL 4º ANDAR;2020;2;2,857142857142857;1,44
HJXXIII;UNIDADE INTERNAÇÃO - CIRURGIA GERAL 4º ANDAR;2020;3;3,0;2,647619047619047
HJXXIII;UNIDADE INTERNAÇÃO - CIRURGIA GERAL 4º ANDAR;2020;4;2,6285714285714286;5,804347826086957
HJXXIII;UNIDADE INTERNAÇÃO - CIRURGIA GERAL 4º ANDAR;2020;5;4,171428571428572;2,191780821917809
HJXXIII;UNIDADE INTERNAÇÃO - CIRURGIA GERAL 4º ANDAR;2020;6;4,0285714285714285;0,8226950354609931
HJXXIII;UNIDADE INTERNAÇÃO - CIRURGIA GERAL 4º ANDAR;2020;7;4,714285714285714;0,6787878787878789
HJXXIII;UNIDADE INTERNAÇÃO - CIRURGIA GERAL 4º ANDAR;2020;8;4,2;0,6122448979591835
HJXXIII;UNIDADE INTERNAÇÃO - CIRURGIA GERAL 4º ANDAR;2020;9;3,742857142857143;0,564885496183206
HJXXIII;UNIDADE INTERNAÇÃO - CIRURGIA GERAL 4º ANDAR;2020;10;3,5142857142857142;0,43089430894308917
HJXXIII;UNIDADE INTERNAÇÃO - CIRURGIA GERAL 4º ANDAR;2020;11;3,4571428571428573;0,5371900826446281
HJXXIII;UNIDADE INTERNAÇÃO - CIRURGIA GERAL 4º ANDAR;2020;12;3,9963167587476978;0,7928571428571431
HJXXIII;UNIDADE INTERNAÇÃO - CIRURGIA GERAL 4º ANDAR;2021;1;3,342857142857143;1,179487179487179
HJXXIII;UNIDADE INTERNAÇÃO - CIRURGIA GERAL 4º ANDAR;2021;2;3,367991845056065;0,7796610169491528
HJXXIII;UNIDADE INTERNAÇÃO - CIRURGIA GERAL 4º ANDAR;2021;3;4,257142857142857;0,8456375838926172
HJXXIII;UNIDADE INTERNAÇÃO - CIRURGIA GERAL 4º ANDAR;2021;4;4,628571428571429;0,771604938271605
HJXXIII;UNIDADE INTERNAÇÃO - CIRURGIA GERAL 4º ANDAR;2021;5;4,338858195211786;0,5657894736842106
HJXXIII;UNIDADE INTERNAÇÃO - CIRURGIA GERAL 4º ANDAR;2021;6;4,0285714285714285;0,37588652482269486
HJXXIII;UNIDADE INTERNAÇÃO - CIRURGIA GERAL 4º ANDAR;2021;7;3,9926402943882247;0,30714285714285716
HJXXIII;UNIDADE INTERNAÇÃO - CIRURGIA GERAL 4º ANDAR;2021;8;4,257142857142857;0,38926174496644256
HJXXIII;UNIDADE INTERNAÇÃO - CIRURGIA GERAL 4º ANDAR;2021;9;4,428571428571429;0,5870967741935484
HJXXIII;UNIDADE INTERNAÇÃO - CIRURGIA GERAL 4º ANDAR;2021;10;4,3428571428571425;0,39473684210526305
HJXXIII;UNIDADE INTERNAÇÃO - CIRURGIA GERAL 4º ANDAR;2021;11;4,2;0,6258503401360542
HJXXIII;UNIDADE INTERNAÇÃO - CIRURGIA GERAL 4º ANDAR;2021;12;3,742857142857143;0,6793893129770988
HJXXIII;UNIDADE INTERNAÇÃO - CIRURGIA GERAL 4º ANDAR;2022;1;3,5428571428571427;0,82258064516129
HJXXIII;UNIDADE INTERNAÇÃO - CIRURGIA GERAL 4º ANDAR;2022;2;2,9714285714285715;0,7211538461538465
HJXXIII;UNIDADE INTERNAÇÃO - CIRURGIA GERAL 4º ANDAR;2022;3;4,457142857142857;0,5448717948717948
HJXXIII;UNIDADE INTERNAÇÃO - CIRURGIA GERAL 4º ANDAR;2022;4;4,085714285714285;0,6083916083916083
HJXXIII;UNIDADE INTERNAÇÃO - CIRURGIA GERAL 4º ANDAR;2022;5;4,485714285714286;0,5222929936305736
HJXXIII;UNIDADE INTERNAÇÃO - CIRURGIA GERAL 4º ANDAR;2022;6;4,4;0,8051948051948055
HJXXIII;UNIDADE INTERNAÇÃO - CIRURGIA GERAL 4º ANDAR;2022;7;3,857142857142857;0,4888888888888887
HJXXIII;UNIDADE INTERNAÇÃO - CIRURGIA GERAL 4º ANDAR;2022;8;4,457142857142857;0,2948717948717945
HJXXIII;UNIDADE INTERNAÇÃO - CIRURGIA GERAL 4º ANDAR;2022;9;4,228571428571429;0,4391891891891892
HJXXIII;UNIDADE INTERNAÇÃO - CIRURGIA GERAL 4º ANDAR;2022;10;4,257142857142857;0,3758389261744969
HJXXIII;UNIDADE INTERNAÇÃO - CIRURGIA GERAL 4º ANDAR;2022;11;4,2;0,4693877551020409
HJXXIII;UNIDADE INTERNAÇÃO - CIRURGIA GERAL 4º ANDAR;2022;12;4,3428571428571425;0,4342105263157893
HJXXIII;UNIDADE INTERNAÇÃO - CIRURGIA GERAL 4º ANDAR;2023;1;5,0285714285714285;0,3920454545454548
HJXXIII;UNIDADE INTERNAÇÃO - CIRURGIA GERAL 4º ANDAR;2023;2;3,5142857142857142;0,21138211382113808
HJXXIII;UNIDADE INTERNAÇÃO - CIRURGIA GERAL 4º ANDAR;2023;3;4,58128078817734;-0,1666666666666672
HJXXIII;UNIDADE INTERNAÇÃO - CIRURGIA GERAL 4º ANDAR;2023;4;3,914285714285714;0,24087591240875947
HJXXIII;UNIDADE INTERNAÇÃO - CIRURGIA GERAL 4º ANDAR;2023;5;4,857142857142857;0,25882352941176484
HJXXIII;UNIDADE INTERNAÇÃO - CIRURGIA GERAL 4º ANDAR;2023;6;4,0;0,3071428571428572
HJXXIII;UNIDADE INTERNAÇÃO - CIRURGIA GERAL 4º ANDAR;2023;7;4,285714285714286;0,19333333333333313
HJXXIII;UNIDADE INTERNAÇÃO - CIRURGIA GERAL 4º ANDAR;2023;8;2,942857142857143;0,17475728155339798
HJXXIII;UNIDADE INTERNAÇÃO - CIRURGIA GERAL 4º ANDAR;2023;9;4,085714285714285;0,28671328671328633
HJXXIII;UNIDADE INTERNAÇÃO - CIRURGIA GERAL 4º ANDAR;2023;10;3,8857142857142857;0,40441176470588236
HJXXIII;UNIDADE INTERNAÇÃO - CIRURGIA GERAL 4º ANDAR;2023;11;3,8285714285714287;0,37313432835820937
HJXXIII;UNIDADE INTERNAÇÃO - CIRURGIA GERAL 4º ANDAR;2023;12;3,3714285714285714;0,25423728813559315
HJXXIII;UNIDADE INTERNAÇÃO - CIRURGIA GERAL 4º ANDAR;2024;1;3,3367065317387303;0,45299145299145316
HJXXIII;UNIDADE INTERNAÇÃO - CIRURGIA GERAL 4º ANDAR;2024;2;2,942857142857143;0,5339805825242723
HJXXIII;UNIDADE INTERNAÇÃO - CIRURGIA GERAL 4º ANDAR;2024;3;3,4571428571428573;0,24793388429752058
HJXXIII;UNIDADE INTERNAÇÃO - CIRURGIA GERAL 4º ANDAR;2024;4;4,142857142857143;0,6965517241379309
HJXXIII;UNIDADE INTERNAÇÃO - CIRURGIA GERAL 4º ANDAR;2024;5;4,057142857142857;0,5774647887323948
HJXXIII;UNIDADE INTERNAÇÃO - CIRURGIA GERAL 4º ANDAR;2024;6;4,371428571428571;0,4052287581699344
HJXXIII;UNIDADE INTERNAÇÃO - CIRURGIA GERAL 4º ANDAR;2024;7;3,4;0,30252100840336127
HJXXIII;UNIDADE INTERNAÇÃO - CIRURGIA GERAL 4º ANDAR;2024;8;3,742857142857143;0,5648854961832062
HJXXIII;UNIDADE INTERNAÇÃO - CIRURGIA GERAL 4º ANDAR;2024;9;3,4285714285714284;0,5583333333333329
HJXXIII;UNIDADE INTERNAÇÃO - CIRURGIA GERAL 4º ANDAR;2024;10;3,5714285714285716;1,1519999999999995
HJXXIII;UNIDADE INTERNAÇÃO - CIRURGIA GERAL 4º ANDAR;2024;11;3,5142857142857142;0,5040650406504062
HJXXIII;UNIDADE INTERNAÇÃO - CIRURGIA GERAL 4º ANDAR;2024;12;3,8;0,6240601503759394
HJXXIII;UNIDADE INTERNAÇÃO - CIRURGIA GERAL 4º ANDAR;2025;1;3,1142857142857143;0,5137614678899084
HJXXIII;UNIDADE INTERNAÇÃO - CIRURGIA GERAL 4º ANDAR;2025;2;3,257142857142857;0,6666666666666671
HJXXIII;UNIDADE INTERNAÇÃO - CIRURGIA GERAL 4º ANDAR;2025;3;3,6;0,476190476190476
HJXXIII;UNIDADE INTERNAÇÃO - CIRURGIA GERAL 4º ANDAR;2025;4;3,2285714285714286;0,26548672566371695
HJXXIII;UNIDADE INTERNAÇÃO - CIRURGIA GERAL 4º ANDAR;2025;5;3,742857142857143;0,4274809160305345
HJXXIII;UNIDADE INTERNAÇÃO - CIRURGIA GERAL 4º ANDAR;2025;6;3,257142857142857;0,403508771929825
HJXXIII;UNIDADE INTERNAÇÃO - CIRURGIA GERAL 4º ANDAR;2025;7;2,6857142857142855;0,28723404255319207
HJXXIII;UNIDADE INTERNAÇÃO - CIRURGIA GERAL 4º ANDAR;2025;8;3,0285714285714285;0,3962264150943395
HJXXIII;UNIDADE INTERNAÇÃO - CIRURGIA GERAL 4º ANDAR;2025;9;3,0285714285714285;0,41509433962264136
HJXXIII;UNIDADE INTERNAÇÃO - CIRURGIA GERAL 4º ANDAR;2025;10;3,1142857142857143;0,4036697247706424
HJXXIII;UNIDADE INTERNAÇÃO - CIRURGIA GERAL 4º ANDAR;2025;11;2,2285714285714286;0,41025641025640963
HJXXIII;UNIDADE INTERNAÇÃO - CIRURGIA GERAL 4º ANDAR;2025;12;3,6;0,18253968253968234
HJXXIII;UNIDADE INTERNAÇÃO - CIRURGIA GERAL 4º ANDAR;2026;1;2,6;0,28571428571428603
HJXXIII;UNIDADE INTERNAÇÃO - CIRURGIA GERAL 4º ANDAR;2026;2;2,7142857142857144;0,3894736842105264
HJXXIII;UNIDADE INTERNAÇÃO - CIRURGIA GERAL 4º ANDAR;2026;3;3,1714285714285713;0,3243243243243242
HJXXIII;UNIDADE INTERNAÇÃO - CIRURGIA GERAL 4º ANDAR;2026;4;2,8285714285714287;0,21212121212121232
HJXXIII;UNIDADE INTERNAÇÃO - CIRURGIA GERAL 4º ANDAR;2026;5;2,6285714285714286;0,228260869565218
HJXXIII;UNIDADE INTERNAÇÃO - CIRURGIA PLÁSTICA 7º ANDAR;2019;1;3,0285714285714285;0,7735849056603779
HJXXIII;UNIDADE INTERNAÇÃO - CIRURGIA PLÁSTICA 7º ANDAR;2019;2;2,914285714285714;0,9215686274509808
HJXXIII;UNIDADE INTERNAÇÃO - CIRURGIA PLÁSTICA 7º ANDAR;2019;3;2,1142857142857143;0,5945945945945951
HJXXIII;UNIDADE INTERNAÇÃO - CIRURGIA PLÁSTICA 7º ANDAR;2019;4;2,6;0,5494505494505502
HJXXIII;UNIDADE INTERNAÇÃO - CIRURGIA PLÁSTICA 7º ANDAR;2019;5;2,3714285714285714;0,5903614457831327
HJXXIII;UNIDADE INTERNAÇÃO - CIRURGIA PLÁSTICA 7º ANDAR;2019;6;2,3142857142857145;0,46913580246913617
HJXXIII;UNIDADE INTERNAÇÃO - CIRURGIA PLÁSTICA 7º ANDAR;2019;7;2,257142857142857;0,7088607594936711
HJXXIII;UNIDADE INTERNAÇÃO - CIRURGIA PLÁSTICA 7º ANDAR;2019;8;2,857142857142857;0,9200000000000002
HJXXIII;UNIDADE INTERNAÇÃO - CIRURGIA PLÁSTICA 7º ANDAR;2019;9;2,8285714285714287;0,696969696969697
HJXXIII;UNIDADE INTERNAÇÃO - CIRURGIA PLÁSTICA 7º ANDAR;2019;10;2,8857142857142857;0,47524752475247506
HJXXIII;UNIDADE INTERNAÇÃO - CIRURGIA PLÁSTICA 7º ANDAR;2019;11;2,5714285714285716;0,3666666666666672
HJXXIII;UNIDADE INTERNAÇÃO - CIRURGIA PLÁSTICA 7º ANDAR;2019;12;3,1142857142857143;0,9082568807339453
HJXXIII;UNIDADE INTERNAÇÃO - CIRURGIA PLÁSTICA 7º ANDAR;2020;1;2,142857142857143;0,946666666666666
HJXXIII;UNIDADE INTERNAÇÃO - CIRURGIA PLÁSTICA 7º ANDAR;2020;2;2,3714285714285714;0,7831325301204823
HJXXIII;UNIDADE INTERNAÇÃO - CIRURGIA PLÁSTICA 7º ANDAR;2020;3;3,4571428571428573;1,0247933884297524
HJXXIII;UNIDADE INTERNAÇÃO - CIRURGIA PLÁSTICA 7º ANDAR;2020;4;3,2;2,500000000000001
HJXXIII;UNIDADE INTERNAÇÃO - CIRURGIA PLÁSTICA 7º ANDAR;2020;5;4,228571428571429;0,9797297297297296
HJXXIII;UNIDADE INTERNAÇÃO - CIRURGIA PLÁSTICA 7º ANDAR;2020;6;3,8857142857142857;0,514705882352941
HJXXIII;UNIDADE INTERNAÇÃO - CIRURGIA PLÁSTICA 7º ANDAR;2020;7;2,742857142857143;0,479166666666666
HJXXIII;UNIDADE INTERNAÇÃO - CIRURGIA PLÁSTICA 7º ANDAR;2020;8;2,8285714285714287;0,45454545454545503
HJXXIII;UNIDADE INTERNAÇÃO - CIRURGIA PLÁSTICA 7º ANDAR;2020;9;3,142857142857143;0,4545454545454551
HJXXIII;UNIDADE INTERNAÇÃO - CIRURGIA PLÁSTICA 7º ANDAR;2020;10;3,4857142857142858;0,442622950819672
HJXXIII;UNIDADE INTERNAÇÃO - CIRURGIA PLÁSTICA 7º ANDAR;2020;11;3,085714285714286;0,44444444444444436
HJXXIII;UNIDADE INTERNAÇÃO - CIRURGIA PLÁSTICA 7º ANDAR;2020;12;3,710865561694291;0,7384615384615382
HJXXIII;UNIDADE INTERNAÇÃO - CIRURGIA PLÁSTICA 7º ANDAR;2021;1;3,825046040515654;0,5820895522388058
HJXXIII;UNIDADE INTERNAÇÃO - CIRURGIA PLÁSTICA 7º ANDAR;2021;2;4,114285714285714;0,3819444444444445
HJXXIII;UNIDADE INTERNAÇÃO - CIRURGIA PLÁSTICA 7º ANDAR;2021;3;5,0;0,6971428571428572
HJXXIII;UNIDADE INTERNAÇÃO - CIRURGIA PLÁSTICA 7º ANDAR;2021;4;4,485714285714286;0,5605095541401272
HJXXIII;UNIDADE INTERNAÇÃO - CIRURGIA PLÁSTICA 7º ANDAR;2021;5;4,519626168224299;0,37820512820512814
HJXXIII;UNIDADE INTERNAÇÃO - CIRURGIA PLÁSTICA 7º ANDAR;2021;6;3,9904306220095696;0,35971223021582754
HJXXIII;UNIDADE INTERNAÇÃO - CIRURGIA PLÁSTICA 7º ANDAR;2021;7;4,297597042513863;0,23999999999999996
HJXXIII;UNIDADE INTERNAÇÃO - CIRURGIA PLÁSTICA 7º ANDAR;2021;8;4,075117370892019;0,2428571428571428
HJXXIII;UNIDADE INTERNAÇÃO - CIRURGIA PLÁSTICA 7º ANDAR;2021;9;4,0285714285714285;0,31914893617021245
HJXXIII;UNIDADE INTERNAÇÃO - CIRURGIA PLÁSTICA 7º ANDAR;2021;10;3,8285714285714287;0,3059701492537311
HJXXIII;UNIDADE INTERNAÇÃO - CIRURGIA PLÁSTICA 7º ANDAR;2021;11;4,0285714285714285;0,40425531914893603
HJXXIII;UNIDADE INTERNAÇÃO - CIRURGIA PLÁSTICA 7º ANDAR;2021;12;2,711026615969582;0,38043478260869606
HJXXIII;UNIDADE INTERNAÇÃO - CIRURGIA PLÁSTICA 7º ANDAR;2022;1;3,909090909090909;0,38759689922480584
HJXXIII;UNIDADE INTERNAÇÃO - CIRURGIA PLÁSTICA 7º ANDAR;2022;2;3,212121212121212;0,3867924528301889
HJXXIII;UNIDADE INTERNAÇÃO - CIRURGIA PLÁSTICA 7º ANDAR;2022;3;3,757575757575758;0,4435483870967738
HJXXIII;UNIDADE INTERNAÇÃO - CIRURGIA PLÁSTICA 7º ANDAR;2022;4;4,333333333333333;0,4965034965034967
HJXXIII;UNIDADE INTERNAÇÃO - CIRURGIA PLÁSTICA 7º ANDAR;2022;5;4,515151515151516;0,2684563758389259
HJXXIII;UNIDADE INTERNAÇÃO - CIRURGIA PLÁSTICA 7º ANDAR;2022;6;4,7272727272727275;0,506410256410256
HJXXIII;UNIDADE INTERNAÇÃO - CIRURGIA PLÁSTICA 7º ANDAR;2022;7;4,393939393939394;0,2482758620689653
HJXXIII;UNIDADE INTERNAÇÃO - CIRURGIA PLÁSTICA 7º ANDAR;2022;8;3,9393939393939394;0,33846153846153815
HJXXIII;UNIDADE INTERNAÇÃO - CIRURGIA PLÁSTICA 7º ANDAR;2022;9;2,9366602687140113;0,3431372549019613
HJXXIII;UNIDADE INTERNAÇÃO - CIRURGIA PLÁSTICA 7º ANDAR;2022;10;2,3714285714285714;0,14457831325301201
HJXXIII;UNIDADE INTERNAÇÃO - CIRURGIA PLÁSTICA 7º ANDAR;2022;11;2,8;0,23469387755102003
HJXXIII;UNIDADE INTERNAÇÃO - CIRURGIA PLÁSTICA 7º ANDAR;2022;12;3,1638576779026217;0,4036697247706421
HJXXIII;UNIDADE INTERNAÇÃO - CIRURGIA PLÁSTICA 7º ANDAR;2023;1;3,6363636363636362;0,31666666666666643
HJXXIII;UNIDADE INTERNAÇÃO - CIRURGIA PLÁSTICA 7º ANDAR;2023;2;3,0606060606060606;0,2673267326732677
HJXXIII;UNIDADE INTERNAÇÃO - CIRURGIA PLÁSTICA 7º ANDAR;2023;3;3,4131313131313132;-0,4311926605504585
HJXXIII;UNIDADE INTERNAÇÃO - CIRURGIA PLÁSTICA 7º ANDAR;2023;4;3,4242424242424243;0,15929203539823014
HJXXIII;UNIDADE INTERNAÇÃO - CIRURGIA PLÁSTICA 7º ANDAR;2023;5;3,484848484848485;0,13913043478260856
HJXXIII;UNIDADE INTERNAÇÃO - CIRURGIA PLÁSTICA 7º ANDAR;2023;6;2,6363636363636362;0,32183908045976967
HJXXIII;UNIDADE INTERNAÇÃO - CIRURGIA PLÁSTICA 7º ANDAR;2023;7;3,022200772200772;0,2574257425742569
HJXXIII;UNIDADE INTERNAÇÃO - CIRURGIA PLÁSTICA 7º ANDAR;2023;8;2,8682242990654205;0,20202020202020202
HJXXIII;UNIDADE INTERNAÇÃO - CIRURGIA PLÁSTICA 7º ANDAR;2023;9;2,142857142857143;0,3466666666666667
HJXXIII;UNIDADE INTERNAÇÃO - CIRURGIA PLÁSTICA 7º ANDAR;2023;10;2,8;0,1938775510204083
HJXXIII;UNIDADE INTERNAÇÃO - CIRURGIA PLÁSTICA 7º ANDAR;2023;11;2,3714285714285714;0,36144578313253023
HJXXIII;UNIDADE INTERNAÇÃO - CIRURGIA PLÁSTICA 7º ANDAR;2023;12;2,8;0,2857142857142852
HJXXIII;UNIDADE INTERNAÇÃO - CIRURGIA PLÁSTICA 7º ANDAR;2024;1;2,5546296296296296;0,629213483146067
HJXXIII;UNIDADE INTERNAÇÃO - CIRURGIA PLÁSTICA 7º ANDAR;2024;2;3,0864067439409903;0,23762376237623786
HJXXIII;UNIDADE INTERNAÇÃO - CIRURGIA PLÁSTICA 7º ANDAR;2024;3;3,0303030303030303;0,19999999999999982
HJXXIII;UNIDADE INTERNAÇÃO - CIRURGIA PLÁSTICA 7º ANDAR;2024;4;3,303030303030303;0,3119266055045871
HJXXIII;UNIDADE INTERNAÇÃO - CIRURGIA PLÁSTICA 7º ANDAR;2024;5;4,242424242424242;0,264285714285714
HJXXIII;UNIDADE INTERNAÇÃO - CIRURGIA PLÁSTICA 7º ANDAR;2024;6;2,9246231155778895;0,24742268041237084
HJXXIII;UNIDADE INTERNAÇÃO - CIRURGIA PLÁSTICA 7º ANDAR;2024;7;3,090909090909091;0,3039215686274507
HJXXIII;UNIDADE INTERNAÇÃO - CIRURGIA PLÁSTICA 7º ANDAR;2024;8;2,212121212121212;0,17808219178082174
HJXXIII;UNIDADE INTERNAÇÃO - CIRURGIA PLÁSTICA 7º ANDAR;2024;9;3,090909090909091;0,2745098039215682
HJXXIII;UNIDADE INTERNAÇÃO - CIRURGIA PLÁSTICA 7º ANDAR;2024;10;2,5229186155285315;0,5172413793103446
HJXXIII;UNIDADE INTERNAÇÃO - CIRURGIA PLÁSTICA 7º ANDAR;2024;11;2,342857142857143;1,0731707317073167
HJXXIII;UNIDADE INTERNAÇÃO - CIRURGIA PLÁSTICA 7º ANDAR;2024;12;2,4571428571428573;0,33720930232558105
HJXXIII;UNIDADE INTERNAÇÃO - CIRURGIA PLÁSTICA 7º ANDAR;2025;1;2,4571428571428573;0,41860465116279055
HJXXIII;UNIDADE INTERNAÇÃO - CIRURGIA PLÁSTICA 7º ANDAR;2025;2;2,3142857142857145;0,24691358024691384
HJXXIII;UNIDADE INTERNAÇÃO - CIRURGIA PLÁSTICA 7º ANDAR;2025;3;2,2857142857142856;0,22499999999999995
HJXXIII;UNIDADE INTERNAÇÃO - CIRURGIA PLÁSTICA 7º ANDAR;2025;4;1,9484240687679084;0,30882352941176405
HJXXIII;UNIDADE INTERNAÇÃO - CIRURGIA PLÁSTICA 7º ANDAR;2025;5;3,2285714285714286;0,31858407079646006
HJXXIII;UNIDADE INTERNAÇÃO - CIRURGIA PLÁSTICA 7º ANDAR;2025;6;2,2285714285714286;0,26923076923076944
HJXXIII;UNIDADE INTERNAÇÃO - CIRURGIA PLÁSTICA 7º ANDAR;2025;7;2,1714285714285713;0,1184210526315797
HJXXIII;UNIDADE INTERNAÇÃO - CIRURGIA PLÁSTICA 7º ANDAR;2025;8;2,4285714285714284;0,2470588235294124
HJXXIII;UNIDADE INTERNAÇÃO - CIRURGIA PLÁSTICA 7º ANDAR;2025;9;3,4285714285714284;0,29166666666666663
HJXXIII;UNIDADE INTERNAÇÃO - CIRURGIA PLÁSTICA 7º ANDAR;2025;10;3,0;0,15238095238095192
HJXXIII;UNIDADE INTERNAÇÃO - CIRURGIA PLÁSTICA 7º ANDAR;2025;11;2,342857142857143;0,15853658536585366
HJXXIII;UNIDADE INTERNAÇÃO - CIRURGIA PLÁSTICA 7º ANDAR;2025;12;2,657142857142857;0,23655913978494572
HJXXIII;UNIDADE INTERNAÇÃO - CIRURGIA PLÁSTICA 7º ANDAR;2026;1;2,203045685279188;0,314285714285714
HJXXIII;UNIDADE INTERNAÇÃO - CIRURGIA PLÁSTICA 7º ANDAR;2026;2;2,7;0,45679012345678965
HJXXIII;UNIDADE INTERNAÇÃO - CIRURGIA PLÁSTICA 7º ANDAR;2026;3;3,3333333333333335;0,13999999999999965
HJXXIII;UNIDADE INTERNAÇÃO - CIRURGIA PLÁSTICA 7º ANDAR;2026;4;2,34375;0,11428571428571388
HJXXIII;UNIDADE INTERNAÇÃO - CIRURGIA PLÁSTICA 7º ANDAR;2026;5;3,3333333333333335;0,1100000000000001
HJXXIII;UNIDADE INTERNAÇÃO - CLINICA CUIDADOS PROGRESSIVOS 3º ANDAR;2019;1;0,25;1,3333333333333321
HJXXIII;UNIDADE INTERNAÇÃO - CLINICA CUIDADOS PROGRESSIVOS 3º ANDAR;2019;2;0,16666666666666666;1,999999999999993
HJXXIII;UNIDADE INTERNAÇÃO - CLINICA CUIDADOS PROGRESSIVOS 3º ANDAR;2019;3;0,125;2,6666666666666643
HJXXIII;UNIDADE INTERNAÇÃO - CLINICA CUIDADOS PROGRESSIVOS 3º ANDAR;2019;4;0,125;0,3333333333333321
HJXXIII;UNIDADE INTERNAÇÃO - CLINICA CUIDADOS PROGRESSIVOS 3º ANDAR;2019;5;0,3333333333333333;1,4999999999999987
HJXXIII;UNIDADE INTERNAÇÃO - CLINICA CUIDADOS PROGRESSIVOS 3º ANDAR;2019;6;0,20833333333333334;3,400000000000004
HJXXIII;UNIDADE INTERNAÇÃO - CLINICA CUIDADOS PROGRESSIVOS 3º ANDAR;2019;7;0,20833333333333334;3,999999999999997
HJXXIII;UNIDADE INTERNAÇÃO - CLINICA CUIDADOS PROGRESSIVOS 3º ANDAR;2019;8;0,20833333333333334;2,7999999999999976
HJXXIII;UNIDADE INTERNAÇÃO - CLINICA CUIDADOS PROGRESSIVOS 3º ANDAR;2019;9;0,20833333333333334;1,7999999999999934
HJXXIII;UNIDADE INTERNAÇÃO - CLINICA CUIDADOS PROGRESSIVOS 3º ANDAR;2019;10;0,25;0,6666666666666661
HJXXIII;UNIDADE INTERNAÇÃO - CLINICA CUIDADOS PROGRESSIVOS 3º ANDAR;2019;11;0,125;2,333333333333325
HJXXIII;UNIDADE INTERNAÇÃO - CLINICA CUIDADOS PROGRESSIVOS 3º ANDAR;2019;12;0,125;1,6666666666666652
HJXXIII;UNIDADE INTERNAÇÃO - CLINICA CUIDADOS PROGRESSIVOS 3º ANDAR;2020;1;0,08333333333333333;1,4999999999999987
HJXXIII;UNIDADE INTERNAÇÃO - CLINICA CUIDADOS PROGRESSIVOS 3º ANDAR;2020;2;0,16666666666666666;1,0000000000000084
HJXXIII;UNIDADE INTERNAÇÃO - CLINICA CUIDADOS PROGRESSIVOS 3º ANDAR;2020;3;0,375;1,4444444444444433
HJXXIII;UNIDADE INTERNAÇÃO - CLINICA CUIDADOS PROGRESSIVOS 3º ANDAR;2020;4;0,375;8,22222222222222
HJXXIII;UNIDADE INTERNAÇÃO - CLINICA CUIDADOS PROGRESSIVOS 3º ANDAR;2020;5;0,3333333333333333;9,750000000000002
HJXXIII;UNIDADE INTERNAÇÃO - CLINICA CUIDADOS PROGRESSIVOS 3º ANDAR;2020;6;0,16666666666666666;4,7500000000000036
HJXXIII;UNIDADE INTERNAÇÃO - CLINICA CUIDADOS PROGRESSIVOS 3º ANDAR;2020;7;0,625;1,5333333333333319
HJXXIII;UNIDADE INTERNAÇÃO - CLINICA CUIDADOS PROGRESSIVOS 3º ANDAR;2020;8;0,4166666666666667;0,4999999999999996
HJXXIII;UNIDADE INTERNAÇÃO - CLINICA CUIDADOS PROGRESSIVOS 3º ANDAR;2020;9;0,5833333333333334;0,5714285714285694
HJXXIII;UNIDADE INTERNAÇÃO - CLINICA CUIDADOS PROGRESSIVOS 3º ANDAR;2020;10;0,375;1,888888888888887
HJXXIII;UNIDADE INTERNAÇÃO - CLINICA CUIDADOS PROGRESSIVOS 3º ANDAR;2020;11;0,3333333333333333;0,9999999999999964
HJXXIII;UNIDADE INTERNAÇÃO - CLINICA CUIDADOS PROGRESSIVOS 3º ANDAR;2020;12;0,20833333333333334;2,1999999999999975
HJXXIII;UNIDADE INTERNAÇÃO - CLINICA CUIDADOS PROGRESSIVOS 3º ANDAR;2021;1;0,6666666666666666;0,5624999999999996
HJXXIII;UNIDADE INTERNAÇÃO - CLINICA CUIDADOS PROGRESSIVOS 3º ANDAR;2021;2;0,16666666666666666;-0,9999999999999964
HJXXIII;UNIDADE INTERNAÇÃO - CLINICA CUIDADOS PROGRESSIVOS 3º ANDAR;2021;3;0,375;0,6666666666666661
HJXXIII;UNIDADE INTERNAÇÃO - CLINICA CUIDADOS PROGRESSIVOS 3º ANDAR;2021;4;0,16666666666666666;1,7499999999999936
HJXXIII;UNIDADE INTERNAÇÃO - CLINICA CUIDADOS PROGRESSIVOS 3º ANDAR;2021;5;0,5416666666666666;2,2307692307692286
HJXXIII;UNIDADE INTERNAÇÃO - CLINICA CUIDADOS PROGRESSIVOS 3º ANDAR;2021;6;0,4166666666666667;0,1999999999999993
HJXXIII;UNIDADE INTERNAÇÃO - CLINICA CUIDADOS PROGRESSIVOS 3º ANDAR;2021;7;0,5;0,49999999999999956
HJXXIII;UNIDADE INTERNAÇÃO - CLINICA CUIDADOS PROGRESSIVOS 3º ANDAR;2021;8;0,4583333333333333;1,4545454545454535
HJXXIII;UNIDADE INTERNAÇÃO - CLINICA CUIDADOS PROGRESSIVOS 3º ANDAR;2021;9;0,375;0,777777777777775
HJXXIII;UNIDADE INTERNAÇÃO - CLINICA CUIDADOS PROGRESSIVOS 3º ANDAR;2021;10;0,20833333333333334;0,5999999999999994
HJXXIII;UNIDADE INTERNAÇÃO - CLINICA CUIDADOS PROGRESSIVOS 3º ANDAR;2021;11;0,4166666666666667;1,700000000000002
HJXXIII;UNIDADE INTERNAÇÃO - CLINICA CUIDADOS PROGRESSIVOS 3º ANDAR;2021;12;0,3333333333333333;1,1249999999999991
HJXXIII;UNIDADE INTERNAÇÃO - CLINICA CUIDADOS PROGRESSIVOS 3º ANDAR;2022;1;0,375;4,444444444444441
HJXXIII;UNIDADE INTERNAÇÃO - CLINICA CUIDADOS PROGRESSIVOS 3º ANDAR;2022;2;0,4166666666666667;0,5999999999999979
HJXXIII;UNIDADE INTERNAÇÃO - CLINICA CUIDADOS PROGRESSIVOS 3º ANDAR;2022;3;0,25;0,33333333333333304
HJXXIII;UNIDADE INTERNAÇÃO - CLINICA CUIDADOS PROGRESSIVOS 3º ANDAR;2022;4;0,25;0,6666666666666642
HJXXIII;UNIDADE INTERNAÇÃO - CLINICA CUIDADOS PROGRESSIVOS 3º ANDAR;2022;5;0,4166666666666667;1,0999999999999988
HJXXIII;UNIDADE INTERNAÇÃO - CLINICA CUIDADOS PROGRESSIVOS 3º ANDAR;2022;6;0,375;0,777777777777775
HJXXIII;UNIDADE INTERNAÇÃO - CLINICA CUIDADOS PROGRESSIVOS 3º ANDAR;2022;7;0,25;0,16666666666666652
HJXXIII;UNIDADE INTERNAÇÃO - CLINICA CUIDADOS PROGRESSIVOS 3º ANDAR;2022;8;0,25;0,9999999999999991
HJXXIII;UNIDADE INTERNAÇÃO - CLINICA CUIDADOS PROGRESSIVOS 3º ANDAR;2022;9;0,3333333333333333;0,2499999999999991
HJXXIII;UNIDADE INTERNAÇÃO - CLINICA CUIDADOS PROGRESSIVOS 3º ANDAR;2022;10;0,4583333333333333;0,9090909090909084
HJXXIII;UNIDADE INTERNAÇÃO - CLINICA CUIDADOS PROGRESSIVOS 3º ANDAR;2022;11;0,20833333333333334;1,999999999999993
HJXXIII;UNIDADE INTERNAÇÃO - CLINICA CUIDADOS PROGRESSIVOS 3º ANDAR;2022;12;0,5;0,9166666666666659
HJXXIII;UNIDADE INTERNAÇÃO - CLINICA CUIDADOS PROGRESSIVOS 3º ANDAR;2023;1;0,16666666666666666;0,7499999999999993
HJXXIII;UNIDADE INTERNAÇÃO - CLINICA CUIDADOS PROGRESSIVOS 3º ANDAR;2023;2;0,2916666666666667;0,5714285714285694
HJXXIII;UNIDADE INTERNAÇÃO - CLINICA CUIDADOS PROGRESSIVOS 3º ANDAR;2023;3;0,3117816091954023;-6,285714285714294
HJXXIII;UNIDADE INTERNAÇÃO - CLINICA CUIDADOS PROGRESSIVOS 3º ANDAR;2023;4;0,5;0,7499999999999973
HJXXIII;UNIDADE INTERNAÇÃO - CLINICA CUIDADOS PROGRESSIVOS 3º ANDAR;2023;5;0,5833333333333334;0,7142857142857137
HJXXIII;UNIDADE INTERNAÇÃO - CLINICA CUIDADOS PROGRESSIVOS 3º ANDAR;2023;6;0,25;1,4999999999999947
HJXXIII;UNIDADE INTERNAÇÃO - CLINICA CUIDADOS PROGRESSIVOS 3º ANDAR;2023;7;0,2129120879120879;3,6000000000000036
HJXXIII;UNIDADE INTERNAÇÃO - CLINICA CUIDADOS PROGRESSIVOS 3º ANDAR;2023;8;0,11293260473588343;3,9999999999999942
HJXXIII;UNIDADE INTERNAÇÃO - CLINICA CUIDADOS PROGRESSIVOS 3º ANDAR;2023;9;0,4;1,1666666666666656
HJXXIII;UNIDADE INTERNAÇÃO - CLINICA CUIDADOS PROGRESSIVOS 3º ANDAR;2023;10;0,2;1,3333333333333253
HJXXIII;UNIDADE INTERNAÇÃO - CLINICA CUIDADOS PROGRESSIVOS 3º ANDAR;2023;11;0,3333333333333333;2,799999999999998
HJXXIII;UNIDADE INTERNAÇÃO - CLINICA CUIDADOS PROGRESSIVOS 3º ANDAR;2023;12;0,4239316239316239;0,2499999999999991
HJXXIII;UNIDADE INTERNAÇÃO - CLINICA CUIDADOS PROGRESSIVOS 3º ANDAR;2024;1;0,2857142857142857;1,3333333333333357
HJXXIII;UNIDADE INTERNAÇÃO - CLINICA CUIDADOS PROGRESSIVOS 3º ANDAR;2024;2;0,5714285714285714;1,083333333333332
HJXXIII;UNIDADE INTERNAÇÃO - CLINICA CUIDADOS PROGRESSIVOS 3º ANDAR;2024;3;0,7619047619047619;1,2500000000000022
HJXXIII;UNIDADE INTERNAÇÃO - CLINICA CUIDADOS PROGRESSIVOS 3º ANDAR;2024;4;0,7619047619047619;2,687499999999999
HJXXIII;UNIDADE INTERNAÇÃO - CLINICA CUIDADOS PROGRESSIVOS 3º ANDAR;2024;5;0,47619047619047616;0,19999999999999674
HJXXIII;UNIDADE INTERNAÇÃO - CLINICA CUIDADOS PROGRESSIVOS 3º ANDAR;2024;6;0,5714285714285714;1,6666666666666665
HJXXIII;UNIDADE INTERNAÇÃO - CLINICA CUIDADOS PROGRESSIVOS 3º ANDAR;2024;7;0,19047619047619047;2,2500000000000084
HJXXIII;UNIDADE INTERNAÇÃO - CLINICA CUIDADOS PROGRESSIVOS 3º ANDAR;2024;8;0,5714285714285714;1,2500000000000007
HJXXIII;UNIDADE INTERNAÇÃO - CLINICA CUIDADOS PROGRESSIVOS 3º ANDAR;2024;9;0,47619047619047616;0,3999999999999986
HJXXIII;UNIDADE INTERNAÇÃO - CLINICA CUIDADOS PROGRESSIVOS 3º ANDAR;2024;10;0,42054263565891475;4,428571428571429
HJXXIII;UNIDADE INTERNAÇÃO - CLINICA CUIDADOS PROGRESSIVOS 3º ANDAR;2024;11;0,6;2,111111111111114
HJXXIII;UNIDADE INTERNAÇÃO - CLINICA CUIDADOS PROGRESSIVOS 3º ANDAR;2024;12;0,5333333333333333;1,0000000000000004
HJXXIII;UNIDADE INTERNAÇÃO - CLINICA CUIDADOS PROGRESSIVOS 3º ANDAR;2025;1;1,0573643410852713;2,136363636363638
HJXXIII;UNIDADE INTERNAÇÃO - CLINICA CUIDADOS PROGRESSIVOS 3º ANDAR;2025;2;0,38095238095238093;7,75
HJXXIII;UNIDADE INTERNAÇÃO - CLINICA CUIDADOS PROGRESSIVOS 3º ANDAR;2025;3;1,0476190476190477;2,590909090909089
HJXXIII;UNIDADE INTERNAÇÃO - CLINICA CUIDADOS PROGRESSIVOS 3º ANDAR;2025;4;0,9523809523809523;1,6500000000000012
HJXXIII;UNIDADE INTERNAÇÃO - CLINICA CUIDADOS PROGRESSIVOS 3º ANDAR;2025;5;0,7142857142857143;1,0666666666666684
HJXXIII;UNIDADE INTERNAÇÃO - CLINICA CUIDADOS PROGRESSIVOS 3º ANDAR;2025;6;0,7619047619047619;1,3124999999999998
HJXXIII;UNIDADE INTERNAÇÃO - CLINICA CUIDADOS PROGRESSIVOS 3º ANDAR;2025;7;1,1904761904761905;1,4800000000000002
HJXXIII;UNIDADE INTERNAÇÃO - CLINICA CUIDADOS PROGRESSIVOS 3º ANDAR;2025;8;1,4761904761904763;1,516129032258064
HJXXIII;UNIDADE INTERNAÇÃO - CLINICA CUIDADOS PROGRESSIVOS 3º ANDAR;2025;9;0,7619047619047619;1,1250000000000004
HJXXIII;UNIDADE INTERNAÇÃO - CLINICA CUIDADOS PROGRESSIVOS 3º ANDAR;2025;10;0,9523809523809523;1,9499999999999988
HJXXIII;UNIDADE INTERNAÇÃO - CLINICA CUIDADOS PROGRESSIVOS 3º ANDAR;2025;11;0,7142857142857143;2,4000000000000012
HJXXIII;UNIDADE INTERNAÇÃO - CLINICA CUIDADOS PROGRESSIVOS 3º ANDAR;2025;12;0,7619047619047619;1,3750000000000002
HJXXIII;UNIDADE INTERNAÇÃO - CLINICA CUIDADOS PROGRESSIVOS 3º ANDAR;2026;1;0,38095238095238093;2,249999999999999
HJXXIII;UNIDADE INTERNAÇÃO - CLINICA CUIDADOS PROGRESSIVOS 3º ANDAR;2026;2;0,7619047619047619;1,874999999999998
HJXXIII;UNIDADE INTERNAÇÃO - CLINICA CUIDADOS PROGRESSIVOS 3º ANDAR;2026;3;0,7142857142857143;1,0000000000000004
HJXXIII;UNIDADE INTERNAÇÃO - CLINICA CUIDADOS PROGRESSIVOS 3º ANDAR;2026;4;0,3333333333333333;3,428571428571426
HJXXIII;UNIDADE INTERNAÇÃO - CLINICA CUIDADOS PROGRESSIVOS 3º ANDAR;2026;5;0,8095238095238095;1,4705882352941169
HJXXIII;UNIDADE INTERNAÇÃO - CLINICA MÉDICA 6º ANDAR;2019;1;1,5833333333333333;0,5263157894736838
HJXXIII;UNIDADE INTERNAÇÃO - CLINICA MÉDICA 6º ANDAR;2019;2;1,8888888888888888;0,5441176470588233
HJXXIII;UNIDADE INTERNAÇÃO - CLINICA MÉDICA 6º ANDAR;2019;3;1,5;0,6111111111111106
HJXXIII;UNIDADE INTERNAÇÃO - CLINICA MÉDICA 6º ANDAR;2019;4;1,5833333333333333;0,7894736842105257
HJXXIII;UNIDADE INTERNAÇÃO - CLINICA MÉDICA 6º ANDAR;2019;5;1,6111111111111112;0,4482758620689666
HJXXIII;UNIDADE INTERNAÇÃO - CLINICA MÉDICA 6º ANDAR;2019;6;1,8333333333333333;0,4090909090909095
HJXXIII;UNIDADE INTERNAÇÃO - CLINICA MÉDICA 6º ANDAR;2019;7;1,8888888888888888;0,36764705882352966
HJXXIII;UNIDADE INTERNAÇÃO - CLINICA MÉDICA 6º ANDAR;2019;8;2,111111111111111;0,4473684210526317
HJXXIII;UNIDADE INTERNAÇÃO - CLINICA MÉDICA 6º ANDAR;2019;9;1,8055555555555556;0,6923076923076916
HJXXIII;UNIDADE INTERNAÇÃO - CLINICA MÉDICA 6º ANDAR;2019;10;1,25;0,2888888888888896
HJXXIII;UNIDADE INTERNAÇÃO - CLINICA MÉDICA 6º ANDAR;2019;11;0,8611111111111112;0,09677419354838675
HJXXIII;UNIDADE INTERNAÇÃO - CLINICA MÉDICA 6º ANDAR;2019;12;1,25;0,5111111111111097
HJXXIII;UNIDADE INTERNAÇÃO - CLINICA MÉDICA 6º ANDAR;2020;1;1,5;0,8148148148148157
HJXXIII;UNIDADE INTERNAÇÃO - CLINICA MÉDICA 6º ANDAR;2020;2;1,3055555555555556;0,4255319148936182
HJXXIII;UNIDADE INTERNAÇÃO - CLINICA MÉDICA 6º ANDAR;2020;3;1,1666666666666667;0,6904761904761919
HJXXIII;UNIDADE INTERNAÇÃO - CLINICA MÉDICA 6º ANDAR;2020;4;1,5833333333333333;3,035087719298246
HJXXIII;UNIDADE INTERNAÇÃO - CLINICA MÉDICA 6º ANDAR;2020;5;1,6666666666666667;0,5666666666666669
HJXXIII;UNIDADE INTERNAÇÃO - CLINICA MÉDICA 6º ANDAR;2020;6;1,3611111111111112;0,36734693877551133
HJXXIII;UNIDADE INTERNAÇÃO - CLINICA MÉDICA 6º ANDAR;2020;7;1,4471744471744472;7,42105263157895
HJXXIII;UNIDADE INTERNAÇÃO - CLINICA MÉDICA 6º ANDAR;2020;8;1,036096256684492;11,920000000000002
HJXXIII;UNIDADE INTERNAÇÃO - CLINICA MÉDICA 6º ANDAR;2020;9;1,565934065934066;5,894736842105264
HJXXIII;UNIDADE INTERNAÇÃO - CLINICA MÉDICA 6º ANDAR;2020;10;1,2083333333333333;5,448275862068966
HJXXIII;UNIDADE INTERNAÇÃO - CLINICA MÉDICA 6º ANDAR;2020;11;1,0833333333333333;8,26923076923077
HJXXIII;UNIDADE INTERNAÇÃO - CLINICA MÉDICA 6º ANDAR;2020;12;1,5812080536912752;4,63157894736842
HJXXIII;UNIDADE INTERNAÇÃO - CLINICA MÉDICA 6º ANDAR;2021;1;1,5;3,8055555555555545
HJXXIII;UNIDADE INTERNAÇÃO - CLINICA MÉDICA 6º ANDAR;2021;2;0,9166666666666666;7,500000000000001
HJXXIII;UNIDADE INTERNAÇÃO - CLINICA MÉDICA 6º ANDAR;2021;3;1,7454954954954955;6,280000000000001
HJXXIII;UNIDADE INTERNAÇÃO - CLINICA MÉDICA 6º ANDAR;2021;4;1,6333333333333333;5,79591836734694
HJXXIII;UNIDADE INTERNAÇÃO - CLINICA MÉDICA 6º ANDAR;2021;5;1,4220183486238531;4,6499999999999995
HJXXIII;UNIDADE INTERNAÇÃO - CLINICA MÉDICA 6º ANDAR;2021;6;1,8214285714285714;2,2941176470588225
HJXXIII;UNIDADE INTERNAÇÃO - CLINICA MÉDICA 6º ANDAR;2021;7;2,1670616113744074;2,169491525423729
HJXXIII;UNIDADE INTERNAÇÃO - CLINICA MÉDICA 6º ANDAR;2021;8;3,0720720720720722;0,6022727272727272
HJXXIII;UNIDADE INTERNAÇÃO - CLINICA MÉDICA 6º ANDAR;2021;9;2,689655172413793;0,5384615384615383
HJXXIII;UNIDADE INTERNAÇÃO - CLINICA MÉDICA 6º ANDAR;2021;10;1,7586206896551724;0,3921568627450976
HJXXIII;UNIDADE INTERNAÇÃO - CLINICA MÉDICA 6º ANDAR;2021;11;2,1379310344827585;0,5645161290322581
HJXXIII;UNIDADE INTERNAÇÃO - CLINICA MÉDICA 6º ANDAR;2021;12;2,3326063249727373;0,24637681159420266
HJXXIII;UNIDADE INTERNAÇÃO - CLINICA MÉDICA 6º ANDAR;2022;1;2,00328587075575;1,6610169491525422
HJXXIII;UNIDADE INTERNAÇÃO - CLINICA MÉDICA 6º ANDAR;2022;2;1,5714285714285714;2,9545454545454555
HJXXIII;UNIDADE INTERNAÇÃO - CLINICA MÉDICA 6º ANDAR;2022;3;1,7573696145124718;1,86
HJXXIII;UNIDADE INTERNAÇÃO - CLINICA MÉDICA 6º ANDAR;2022;4;1,6896551724137931;0,489795918367348
HJXXIII;UNIDADE INTERNAÇÃO - CLINICA MÉDICA 6º ANDAR;2022;5;1,7241379310344827;-0,07999999999999952
HJXXIII;UNIDADE INTERNAÇÃO - CLINICA MÉDICA 6º ANDAR;2022;6;1,9310344827586208;0,9821428571428568
HJXXIII;UNIDADE INTERNAÇÃO - CLINICA MÉDICA 6º ANDAR;2022;7;2,2413793103448274;0,523076923076923
HJXXIII;UNIDADE INTERNAÇÃO - CLINICA MÉDICA 6º ANDAR;2022;8;1,7203107658157604;0,18000000000000008
HJXXIII;UNIDADE INTERNAÇÃO - CLINICA MÉDICA 6º ANDAR;2022;9;1,6551724137931034;0,14583333333333298
HJXXIII;UNIDADE INTERNAÇÃO - CLINICA MÉDICA 6º ANDAR;2022;10;1,7772877618522602;0,26923076923076833
HJXXIII;UNIDADE INTERNAÇÃO - CLINICA MÉDICA 6º ANDAR;2022;11;1,5499425947187142;0,06666666666666753
HJXXIII;UNIDADE INTERNAÇÃO - CLINICA MÉDICA 6º ANDAR;2022;12;1,896551724137931;0,4727272727272735
HJXXIII;UNIDADE INTERNAÇÃO - CLINICA MÉDICA 6º ANDAR;2023;1;1,8620689655172413;0,11111111111111045
HJXXIII;UNIDADE INTERNAÇÃO - CLINICA MÉDICA 6º ANDAR;2023;2;1,5862068965517242;0,23913043478260793
HJXXIII;UNIDADE INTERNAÇÃO - CLINICA MÉDICA 6º ANDAR;2023;3;1,5714285714285714;-1,0909090909090904
HJXXIII;UNIDADE INTERNAÇÃO - CLINICA MÉDICA 6º ANDAR;2023;4;1,5681818181818181;0,19565217391304393
HJXXIII;UNIDADE INTERNAÇÃO - CLINICA MÉDICA 6º ANDAR;2023;5;1,3507625272331154;0,05000000000000067
HJXXIII;UNIDADE INTERNAÇÃO - CLINICA MÉDICA 6º ANDAR;2023;6;1,0344827586206897;0,10000000000000019
HJXXIII;UNIDADE INTERNAÇÃO - CLINICA MÉDICA 6º ANDAR;2023;7;1,2413793103448276;0,11111111111111044
HJXXIII;UNIDADE INTERNAÇÃO - CLINICA MÉDICA 6º ANDAR;2023;8;1,3448275862068966;0,1538461538461529
HJXXIII;UNIDADE INTERNAÇÃO - CLINICA MÉDICA 6º ANDAR;2023;9;0,7931034482758621;0,086956521739132
HJXXIII;UNIDADE INTERNAÇÃO - CLINICA MÉDICA 6º ANDAR;2023;10;1,2758620689655173;0,16216216216216117
HJXXIII;UNIDADE INTERNAÇÃO - CLINICA MÉDICA 6º ANDAR;2023;11;1,1724137931034482;0,0
HJXXIII;UNIDADE INTERNAÇÃO - CLINICA MÉDICA 6º ANDAR;2023;12;1,1379310344827587;0,1818181818181807
HJXXIII;UNIDADE INTERNAÇÃO - CLINICA MÉDICA 6º ANDAR;2024;1;1,5826859045504995;0,26086956521739213
HJXXIII;UNIDADE INTERNAÇÃO - CLINICA MÉDICA 6º ANDAR;2024;2;1,6206896551724137;0,21276595744680785
HJXXIII;UNIDADE INTERNAÇÃO - CLINICA MÉDICA 6º ANDAR;2024;3;1,6896551724137931;0,142857142857143
HJXXIII;UNIDADE INTERNAÇÃO - CLINICA MÉDICA 6º ANDAR;2024;4;1,8620689655172413;0,8148148148148152
HJXXIII;UNIDADE INTERNAÇÃO - CLINICA MÉDICA 6º ANDAR;2024;5;1,6551724137931034;0,6875000000000011
HJXXIII;UNIDADE INTERNAÇÃO - CLINICA MÉDICA 6º ANDAR;2024;6;1,3793103448275863;0,3000000000000006
HJXXIII;UNIDADE INTERNAÇÃO - CLINICA MÉDICA 6º ANDAR;2024;7;1,0;0,5517241379310345
HJXXIII;UNIDADE INTERNAÇÃO - CLINICA MÉDICA 6º ANDAR;2024;8;1,3448275862068966;1,0256410256410244
HJXXIII;UNIDADE INTERNAÇÃO - CLINICA MÉDICA 6º ANDAR;2024;9;1,4482758620689655;0,6428571428571419
HJXXIII;UNIDADE INTERNAÇÃO - CLINICA MÉDICA 6º ANDAR;2024;10;1,5517241379310345;1,28888888888889
HJXXIII;UNIDADE INTERNAÇÃO - CLINICA MÉDICA 6º ANDAR;2024;11;1,3793103448275863;1,149999999999999
HJXXIII;UNIDADE INTERNAÇÃO - CLINICA MÉDICA 6º ANDAR;2024;12;1,4592422502870264;0,512195121951219
HJXXIII;UNIDADE INTERNAÇÃO - CLINICA MÉDICA 6º ANDAR;2025;1;1,3523489932885906;1,2051282051282057
HJXXIII;UNIDADE INTERNAÇÃO - CLINICA MÉDICA 6º ANDAR;2025;2;1,3448275862068966;0,48717948717948834
HJXXIII;UNIDADE INTERNAÇÃO - CLINICA MÉDICA 6º ANDAR;2025;3;1,1379310344827587;0,5757575757575768
HJXXIII;UNIDADE INTERNAÇÃO - CLINICA MÉDICA 6º ANDAR;2025;4;2,103448275862069;0,3934426229508205
HJXXIII;UNIDADE INTERNAÇÃO - CLINICA MÉDICA 6º ANDAR;2025;5;2,0689655172413794;0,3833333333333335
HJXXIII;UNIDADE INTERNAÇÃO - CLINICA MÉDICA 6º ANDAR;2025;6;1,7586206896551724;0,568627450980392
HJXXIII;UNIDADE INTERNAÇÃO - CLINICA MÉDICA 6º ANDAR;2025;7;1,896551724137931;0,5090909090909096
HJXXIII;UNIDADE INTERNAÇÃO - CLINICA MÉDICA 6º ANDAR;2025;8;1,7586206896551724;0,4509803921568629
HJXXIII;UNIDADE INTERNAÇÃO - CLINICA MÉDICA 6º ANDAR;2025;9;2,1379310344827585;0,5161290322580645
HJXXIII;UNIDADE INTERNAÇÃO - CLINICA MÉDICA 6º ANDAR;2025;10;2,4827586206896552;0,6111111111111116
HJXXIII;UNIDADE INTERNAÇÃO - CLINICA MÉDICA 6º ANDAR;2025;11;1,9310344827586208;1,0000000000000009
HJXXIII;UNIDADE INTERNAÇÃO - CLINICA MÉDICA 6º ANDAR;2025;12;2,0689655172413794;0,6166666666666671
HJXXIII;UNIDADE INTERNAÇÃO - CLINICA MÉDICA 6º ANDAR;2026;1;2,3448275862068964;0,48529411764705954
HJXXIII;UNIDADE INTERNAÇÃO - CLINICA MÉDICA 6º ANDAR;2026;2;2,0344827586206895;0,6101694915254229
HJXXIII;UNIDADE INTERNAÇÃO - CLINICA MÉDICA 6º ANDAR;2026;3;2,103448275862069;0,47540983606557335
HJXXIII;UNIDADE INTERNAÇÃO - CLINICA MÉDICA 6º ANDAR;2026;4;2,1379310344827585;0,40322580645161316
HJXXIII;UNIDADE INTERNAÇÃO - CLINICA MÉDICA 6º ANDAR;2026;5;2,4482758620689653;0,45070422535211274
HJXXIII;UNIDADE INTERNAÇÃO - CLINICA NEUROLOGICA 5º ANDAR;2019;1;1,2;0,19047619047619138
HJXXIII;UNIDADE INTERNAÇÃO - CLINICA NEUROLOGICA 5º ANDAR;2019;2;0,8571428571428571;0,7000000000000011
HJXXIII;UNIDADE INTERNAÇÃO - CLINICA NEUROLOGICA 5º ANDAR;2019;3;1,2571428571428571;0,4318181818181821
HJXXIII;UNIDADE INTERNAÇÃO - CLINICA NEUROLOGICA 5º ANDAR;2019;4;1,542857142857143;0,5555555555555558
HJXXIII;UNIDADE INTERNAÇÃO - CLINICA NEUROLOGICA 5º ANDAR;2019;5;0,8857142857142857;0,48387096774193733
HJXXIII;UNIDADE INTERNAÇÃO - CLINICA NEUROLOGICA 5º ANDAR;2019;6;1,1714285714285715;0,804878048780489
HJXXIII;UNIDADE INTERNAÇÃO - CLINICA NEUROLOGICA 5º ANDAR;2019;7;1,542857142857143;1,0740740740740728
HJXXIII;UNIDADE INTERNAÇÃO - CLINICA NEUROLOGICA 5º ANDAR;2019;8;1,2;0,6190476190476198
HJXXIII;UNIDADE INTERNAÇÃO - CLINICA NEUROLOGICA 5º ANDAR;2019;9;1,0285714285714285;0,4166666666666652
HJXXIII;UNIDADE INTERNAÇÃO - CLINICA NEUROLOGICA 5º ANDAR;2019;10;1,0857142857142856;0,4736842105263156
HJXXIII;UNIDADE INTERNAÇÃO - CLINICA NEUROLOGICA 5º ANDAR;2019;11;0,9428571428571428;0,3636363636363645
HJXXIII;UNIDADE INTERNAÇÃO - CLINICA NEUROLOGICA 5º ANDAR;2019;12;1,2857142857142858;0,4444444444444452
HJXXIII;UNIDADE INTERNAÇÃO - CLINICA NEUROLOGICA 5º ANDAR;2020;1;1,5142857142857142;0,6792452830188678
HJXXIII;UNIDADE INTERNAÇÃO - CLINICA NEUROLOGICA 5º ANDAR;2020;2;1,4285714285714286;0,3400000000000001
HJXXIII;UNIDADE INTERNAÇÃO - CLINICA NEUROLOGICA 5º ANDAR;2020;3;1,2;0,40476190476190416
HJXXIII;UNIDADE INTERNAÇÃO - CLINICA NEUROLOGICA 5º ANDAR;2020;4;1,542857142857143;1,5555555555555547
HJXXIII;UNIDADE INTERNAÇÃO - CLINICA NEUROLOGICA 5º ANDAR;2020;5;1,7142857142857142;1,2666666666666675
HJXXIII;UNIDADE INTERNAÇÃO - CLINICA NEUROLOGICA 5º ANDAR;2020;6;1,3454198473282444;0,4042553191489372
HJXXIII;UNIDADE INTERNAÇÃO - CLINICA NEUROLOGICA 5º ANDAR;2020;7;1,5156826568265682;0,8301886792452832
HJXXIII;UNIDADE INTERNAÇÃO - CLINICA NEUROLOGICA 5º ANDAR;2020;8;1,0857142857142856;0,18421052631578994
HJXXIII;UNIDADE INTERNAÇÃO - CLINICA NEUROLOGICA 5º ANDAR;2020;9;1,6;0,30357142857142877
HJXXIII;UNIDADE INTERNAÇÃO - CLINICA NEUROLOGICA 5º ANDAR;2020;10;1,542857142857143;0,16666666666666777
HJXXIII;UNIDADE INTERNAÇÃO - CLINICA NEUROLOGICA 5º ANDAR;2020;11;1,8857142857142857;0,060606060606060747
HJXXIII;UNIDADE INTERNAÇÃO - CLINICA NEUROLOGICA 5º ANDAR;2020;12;2,3142857142857145;0,20987654320987623
HJXXIII;UNIDADE INTERNAÇÃO - CLINICA NEUROLOGICA 5º ANDAR;2021;1;2,142857142857143;0,37333333333333263
HJXXIII;UNIDADE INTERNAÇÃO - CLINICA NEUROLOGICA 5º ANDAR;2021;2;1,5714285714285714;0,32727272727272727
HJXXIII;UNIDADE INTERNAÇÃO - CLINICA NEUROLOGICA 5º ANDAR;2021;3;1,8571428571428572;0,3692307692307691
HJXXIII;UNIDADE INTERNAÇÃO - CLINICA NEUROLOGICA 5º ANDAR;2021;4;1,3714285714285714;0,41666666666666763
HJXXIII;UNIDADE INTERNAÇÃO - CLINICA NEUROLOGICA 5º ANDAR;2021;5;1,2571428571428571;0,2272727272727263
HJXXIII;UNIDADE INTERNAÇÃO - CLINICA NEUROLOGICA 5º ANDAR;2021;6;1,4857142857142858;0,13461538461538547
HJXXIII;UNIDADE INTERNAÇÃO - CLINICA NEUROLOGICA 5º ANDAR;2021;7;1,8537258509659613;0,21538461538461592
HJXXIII;UNIDADE INTERNAÇÃO - CLINICA NEUROLOGICA 5º ANDAR;2021;8;2,6;0,4175824175824179
HJXXIII;UNIDADE INTERNAÇÃO - CLINICA NEUROLOGICA 5º ANDAR;2021;9;2,057142857142857;0,5416666666666666
HJXXIII;UNIDADE INTERNAÇÃO - CLINICA NEUROLOGICA 5º ANDAR;2021;10;2,3142857142857145;0,2962962962962962
HJXXIII;UNIDADE INTERNAÇÃO - CLINICA NEUROLOGICA 5º ANDAR;2021;11;2,257142857142857;0,2531645569620259
HJXXIII;UNIDADE INTERNAÇÃO - CLINICA NEUROLOGICA 5º ANDAR;2021;12;1,8571428571428572;0,09230769230769229
HJXXIII;UNIDADE INTERNAÇÃO - CLINICA NEUROLOGICA 5º ANDAR;2022;1;2,0285714285714285;0,2676056338028171
HJXXIII;UNIDADE INTERNAÇÃO - CLINICA NEUROLOGICA 5º ANDAR;2022;2;2,057142857142857;0,19444444444444375
HJXXIII;UNIDADE INTERNAÇÃO - CLINICA NEUROLOGICA 5º ANDAR;2022;3;1,9428571428571428;0,3970588235294125
HJXXIII;UNIDADE INTERNAÇÃO - CLINICA NEUROLOGICA 5º ANDAR;2022;4;1,9714285714285715;0,24637681159420302
HJXXIII;UNIDADE INTERNAÇÃO - CLINICA NEUROLOGICA 5º ANDAR;2022;5;1,9428571428571428;0,42647058823529366
HJXXIII;UNIDADE INTERNAÇÃO - CLINICA NEUROLOGICA 5º ANDAR;2022;6;2,0285714285714285;0,3380281690140853
HJXXIII;UNIDADE INTERNAÇÃO - CLINICA NEUROLOGICA 5º ANDAR;2022;7;1,542857142857143;0,4814814814814821
HJXXIII;UNIDADE INTERNAÇÃO - CLINICA NEUROLOGICA 5º ANDAR;2022;8;1,7714285714285714;0,1129032258064519
HJXXIII;UNIDADE INTERNAÇÃO - CLINICA NEUROLOGICA 5º ANDAR;2022;9;2,0;0,19999999999999962
HJXXIII;UNIDADE INTERNAÇÃO - CLINICA NEUROLOGICA 5º ANDAR;2022;10;1,8857142857142857;0,09090909090909087
HJXXIII;UNIDADE INTERNAÇÃO - CLINICA NEUROLOGICA 5º ANDAR;2022;11;1,457142857142857;0,15686274509803957
HJXXIII;UNIDADE INTERNAÇÃO - CLINICA NEUROLOGICA 5º ANDAR;2022;12;1,457142857142857;0,3725490196078434
HJXXIII;UNIDADE INTERNAÇÃO - CLINICA NEUROLOGICA 5º ANDAR;2023;1;1,7428571428571429;0,19672131147540975
HJXXIII;UNIDADE INTERNAÇÃO - CLINICA NEUROLOGICA 5º ANDAR;2023;2;2,1142857142857143;0,17567567567567635
HJXXIII;UNIDADE INTERNAÇÃO - CLINICA NEUROLOGICA 5º ANDAR;2023;3;1,6492610837438424;-1,0925925925925941
HJXXIII;UNIDADE INTERNAÇÃO - CLINICA NEUROLOGICA 5º ANDAR;2023;4;1,4285714285714286;0,26
HJXXIII;UNIDADE INTERNAÇÃO - CLINICA NEUROLOGICA 5º ANDAR;2023;5;1,3142857142857143;0,6956521739130441
HJXXIII;UNIDADE INTERNAÇÃO - CLINICA NEUROLOGICA 5º ANDAR;2023;6;1,2285714285714286;0,18604651162790742
HJXXIII;UNIDADE INTERNAÇÃO - CLINICA NEUROLOGICA 5º ANDAR;2023;7;1,3142857142857143;0,06521739130434911
HJXXIII;UNIDADE INTERNAÇÃO - CLINICA NEUROLOGICA 5º ANDAR;2023;8;1,3428571428571427;0,12765957446808507
HJXXIII;UNIDADE INTERNAÇÃO - CLINICA NEUROLOGICA 5º ANDAR;2023;9;1,4;0,18367346938775492
HJXXIII;UNIDADE INTERNAÇÃO - CLINICA NEUROLOGICA 5º ANDAR;2023;10;1,5714285714285714;0,14545454545454614
HJXXIII;UNIDADE INTERNAÇÃO - CLINICA NEUROLOGICA 5º ANDAR;2023;11;1,6857142857142857;0,3898305084745757
HJXXIII;UNIDADE INTERNAÇÃO - CLINICA NEUROLOGICA 5º ANDAR;2023;12;1,9428571428571428;0,1617647058823526
HJXXIII;UNIDADE INTERNAÇÃO - CLINICA NEUROLOGICA 5º ANDAR;2024;1;1,307057745187901;0,43478260869565183
HJXXIII;UNIDADE INTERNAÇÃO - CLINICA NEUROLOGICA 5º ANDAR;2024;2;1,3428571428571427;0,14893617021276626
HJXXIII;UNIDADE INTERNAÇÃO - CLINICA NEUROLOGICA 5º ANDAR;2024;3;1,8;0,1269841269841276
HJXXIII;UNIDADE INTERNAÇÃO - CLINICA NEUROLOGICA 5º ANDAR;2024;4;2,2;0,48051948051948123
HJXXIII;UNIDADE INTERNAÇÃO - CLINICA NEUROLOGICA 5º ANDAR;2024;5;2,3142857142857145;0,5925925925925923
HJXXIII;UNIDADE INTERNAÇÃO - CLINICA NEUROLOGICA 5º ANDAR;2024;6;1,8285714285714285;0,21874999999999958
HJXXIII;UNIDADE INTERNAÇÃO - CLINICA NEUROLOGICA 5º ANDAR;2024;7;1,5142857142857142;0,4528301886792451
HJXXIII;UNIDADE INTERNAÇÃO - CLINICA NEUROLOGICA 5º ANDAR;2024;8;2,1142857142857143;0,337837837837838
HJXXIII;UNIDADE INTERNAÇÃO - CLINICA NEUROLOGICA 5º ANDAR;2024;9;1,457142857142857;0,47058823529411875
HJXXIII;UNIDADE INTERNAÇÃO - CLINICA NEUROLOGICA 5º ANDAR;2024;10;1,9428571428571428;0,6911764705882347
HJXXIII;UNIDADE INTERNAÇÃO - CLINICA NEUROLOGICA 5º ANDAR;2024;11;1,9428571428571428;1,0000000000000007
HJXXIII;UNIDADE INTERNAÇÃO - CLINICA NEUROLOGICA 5º ANDAR;2024;12;1,6857142857142857;0,4406779661016955
HJXXIII;UNIDADE INTERNAÇÃO - CLINICA NEUROLOGICA 5º ANDAR;2025;1;1,6571428571428573;0,9827586206896559
HJXXIII;UNIDADE INTERNAÇÃO - CLINICA NEUROLOGICA 5º ANDAR;2025;2;1,6;0,7142857142857151
HJXXIII;UNIDADE INTERNAÇÃO - CLINICA NEUROLOGICA 5º ANDAR;2025;3;1,8571428571428572;0,3384615384615377
HJXXIII;UNIDADE INTERNAÇÃO - CLINICA NEUROLOGICA 5º ANDAR;2025;4;2,742857142857143;0,25000000000000056
HJXXIII;UNIDADE INTERNAÇÃO - CLINICA NEUROLOGICA 5º ANDAR;2025;5;2,2;0,4935064935064939
HJXXIII;UNIDADE INTERNAÇÃO - CLINICA NEUROLOGICA 5º ANDAR;2025;6;2,142857142857143;0,40000000000000013
HJXXIII;UNIDADE INTERNAÇÃO - CLINICA NEUROLOGICA 5º ANDAR;2025;7;2,4571428571428573;0,3023255813953492
HJXXIII;UNIDADE INTERNAÇÃO - CLINICA NEUROLOGICA 5º ANDAR;2025;8;2,6;0,5604395604395609
HJXXIII;UNIDADE INTERNAÇÃO - CLINICA NEUROLOGICA 5º ANDAR;2025;9;2,3142857142857145;0,5555555555555549
HJXXIII;UNIDADE INTERNAÇÃO - CLINICA NEUROLOGICA 5º ANDAR;2025;10;1,9428571428571428;0,35294117647058815
HJXXIII;UNIDADE INTERNAÇÃO - CLINICA NEUROLOGICA 5º ANDAR;2025;11;1,4857142857142858;0,3076923076923084
HJXXIII;UNIDADE INTERNAÇÃO - CLINICA NEUROLOGICA 5º ANDAR;2025;12;2,4571428571428573;0,5116279069767445
HJXXIII;UNIDADE INTERNAÇÃO - CLINICA NEUROLOGICA 5º ANDAR;2026;1;2,3142857142857145;0,4197530864197524
HJXXIII;UNIDADE INTERNAÇÃO - CLINICA NEUROLOGICA 5º ANDAR;2026;2;1,542857142857143;0,14814814814814792
HJXXIII;UNIDADE INTERNAÇÃO - CLINICA NEUROLOGICA 5º ANDAR;2026;3;2,657142857142857;0,29032258064516187
HJXXIII;UNIDADE INTERNAÇÃO - CLINICA NEUROLOGICA 5º ANDAR;2026;4;2,1714285714285713;0,48684210526315863
HJXXIII;UNIDADE INTERNAÇÃO - CLINICA NEUROLOGICA 5º ANDAR;2026;5;2,657142857142857;0,311827956989247
HJXXIII;UNIDADE INTERNAÇÃO - CLINICA PEDIÁTRICA 2º ANDAR;2019;1;1,3;11,46153846153846
HJXXIII;UNIDADE INTERNAÇÃO - CLINICA PEDIÁTRICA 2º ANDAR;2019;2;2,4;3,416666666666666
HJXXIII;UNIDADE INTERNAÇÃO - CLINICA PEDIÁTRICA 2º ANDAR;2019;3;3,6;1,4444444444444444
HJXXIII;UNIDADE INTERNAÇÃO - CLINICA PEDIÁTRICA 2º ANDAR;2019;4;2,6;1,8076923076923068
HJXXIII;UNIDADE INTERNAÇÃO - CLINICA PEDIÁTRICA 2º ANDAR;2019;5;2,9;2,172413793103449
HJXXIII;UNIDADE INTERNAÇÃO - CLINICA PEDIÁTRICA 2º ANDAR;2019;6;1,1;13,818181818181817
HJXXIII;UNIDADE INTERNAÇÃO - CLINICA PEDIÁTRICA 2º ANDAR;2019;7;3,0;3,433333333333334
HJXXIII;UNIDADE INTERNAÇÃO - CLINICA PEDIÁTRICA 2º ANDAR;2019;8;3,8;1,8684210526315788
HJXXIII;UNIDADE INTERNAÇÃO - CLINICA PEDIÁTRICA 2º ANDAR;2019;9;4,1;1,0000000000000004
HJXXIII;UNIDADE INTERNAÇÃO - CLINICA PEDIÁTRICA 2º ANDAR;2019;10;4,4;1,886363636363636
HJXXIII;UNIDADE INTERNAÇÃO - CLINICA PEDIÁTRICA 2º ANDAR;2019;11;2,7;2,5555555555555554
HJXXIII;UNIDADE INTERNAÇÃO - CLINICA PEDIÁTRICA 2º ANDAR;2019;12;2,9;0,6551724137931033
HJXXIII;UNIDADE INTERNAÇÃO - CLINICA PEDIÁTRICA 2º ANDAR;2020;1;4,1;1,341463414634146
HJXXIII;UNIDADE INTERNAÇÃO - CLINICA PEDIÁTRICA 2º ANDAR;2020;2;1,9;8,526315789473683
HJXXIII;UNIDADE INTERNAÇÃO - CLINICA PEDIÁTRICA 2º ANDAR;2020;3;1,4;18,571428571428573
HJXXIII;UNIDADE INTERNAÇÃO - CLINICA PEDIÁTRICA 2º ANDAR;2020;4;0,1;
HJXXIII;UNIDADE INTERNAÇÃO - CLINICA PEDIÁTRICA 2º ANDAR;2020;8;0,1;
HJXXIII;UNIDADE INTERNAÇÃO - CLINICA PEDIÁTRICA 2º ANDAR;2020;9;0,4;
HJXXIII;UNIDADE INTERNAÇÃO - CLINICA PEDIÁTRICA 2º ANDAR;2021;2;0,1;
HJXXIII;UNIDADE INTERNAÇÃO - CLINICA PEDIÁTRICA 2º ANDAR;2021;3;0,1;
HJXXIII;UNIDADE INTERNAÇÃO - QUEIMADOS GRAVES 9º ANDAR;2019;2;0,2222222222222222;5,499999999999995
HJXXIII;UNIDADE INTERNAÇÃO - QUEIMADOS GRAVES 9º ANDAR;2019;3;0,3333333333333333;8,000000000000004
HJXXIII;UNIDADE INTERNAÇÃO - QUEIMADOS GRAVES 9º ANDAR;2019;4;0,1111111111111111;11,0
HJXXIII;UNIDADE INTERNAÇÃO - QUEIMADOS GRAVES 9º ANDAR;2019;5;0,3333333333333333;11,666666666666663
HJXXIII;UNIDADE INTERNAÇÃO - QUEIMADOS GRAVES 9º ANDAR;2019;6;0,3333333333333333;6,666666666666665
HJXXIII;UNIDADE INTERNAÇÃO - QUEIMADOS GRAVES 9º ANDAR;2019;7;0,3333333333333333;1,9999999999999982
HJXXIII;UNIDADE INTERNAÇÃO - QUEIMADOS GRAVES 9º ANDAR;2019;8;0,3333333333333333;4,66666666666667
HJXXIII;UNIDADE INTERNAÇÃO - QUEIMADOS GRAVES 9º ANDAR;2019;9;0,1111111111111111;2,9999999999999893
HJXXIII;UNIDADE INTERNAÇÃO - QUEIMADOS GRAVES 9º ANDAR;2019;10;0,2222222222222222;2,0000000000000036
HJXXIII;UNIDADE INTERNAÇÃO - QUEIMADOS GRAVES 9º ANDAR;2019;11;0,2222222222222222;2,000000000000003
HJXXIII;UNIDADE INTERNAÇÃO - QUEIMADOS GRAVES 9º ANDAR;2019;12;0,4444444444444444;3,7499999999999964
HJXXIII;UNIDADE INTERNAÇÃO - QUEIMADOS GRAVES 9º ANDAR;2020;1;0,4444444444444444;7,500000000000001
HJXXIII;UNIDADE INTERNAÇÃO - QUEIMADOS GRAVES 9º ANDAR;2020;2;0,3333333333333333;12,000000000000005
HJXXIII;UNIDADE INTERNAÇÃO - QUEIMADOS GRAVES 9º ANDAR;2020;3;0,3333333333333333;13,999999999999998
HJXXIII;UNIDADE INTERNAÇÃO - QUEIMADOS GRAVES 9º ANDAR;2020;4;0,3333333333333333;6,3333333333333375
HJXXIII;UNIDADE INTERNAÇÃO - QUEIMADOS GRAVES 9º ANDAR;2020;5;0,1111111111111111;14,000000000000007
HJXXIII;UNIDADE INTERNAÇÃO - QUEIMADOS GRAVES 9º ANDAR;2020;6;0,4444444444444444;6,000000000000001
HJXXIII;UNIDADE INTERNAÇÃO - QUEIMADOS GRAVES 9º ANDAR;2020;8;0,3333333333333333;13,999999999999998
HJXXIII;UNIDADE INTERNAÇÃO - QUEIMADOS GRAVES 9º ANDAR;2020;9;0,2222222222222222;15,999999999999991
HJXXIII;UNIDADE INTERNAÇÃO - QUEIMADOS GRAVES 9º ANDAR;2020;10;0,3333333333333333;10,33333333333334
HJXXIII;UNIDADE INTERNAÇÃO - QUEIMADOS GRAVES 9º ANDAR;2020;11;0,2222222222222222;6,999999999999995
HJXXIII;UNIDADE INTERNAÇÃO - QUEIMADOS GRAVES 9º ANDAR;2020;12;0,5555555555555556;6,600000000000001
HJXXIII;UNIDADE INTERNAÇÃO - QUEIMADOS GRAVES 9º ANDAR;2021;1;0,2222222222222222;26,0
HJXXIII;UNIDADE INTERNAÇÃO - QUEIMADOS GRAVES 9º ANDAR;2021;2;0,1111111111111111;13,000000000000009
HJXXIII;UNIDADE INTERNAÇÃO - QUEIMADOS GRAVES 9º ANDAR;2021;3;0,1111111111111111;8,000000000000014
HJXXIII;UNIDADE INTERNAÇÃO - QUEIMADOS GRAVES 9º ANDAR;2021;4;0,3333333333333333;5,000000000000002
HJXXIII;UNIDADE INTERNAÇÃO - QUEIMADOS GRAVES 9º ANDAR;2021;5;0,4444444444444444;6,249999999999997
HJXXIII;UNIDADE INTERNAÇÃO - QUEIMADOS GRAVES 9º ANDAR;2021;6;0,2222222222222222;2,000000000000003
HJXXIII;UNIDADE INTERNAÇÃO - QUEIMADOS GRAVES 9º ANDAR;2021;7;0,2222222222222222;4,000000000000007
HJXXIII;UNIDADE INTERNAÇÃO - QUEIMADOS GRAVES 9º ANDAR;2021;8;0,2222222222222222;5,999999999999995
HJXXIII;UNIDADE INTERNAÇÃO - QUEIMADOS GRAVES 9º ANDAR;2021;9;0,2222222222222222;10,0
HJXXIII;UNIDADE INTERNAÇÃO - QUEIMADOS GRAVES 9º ANDAR;2021;11;0,2222222222222222;6,999999999999995
HJXXIII;UNIDADE INTERNAÇÃO - QUEIMADOS GRAVES 9º ANDAR;2022;1;0,3333333333333333;19,000000000000004
HJXXIII;UNIDADE INTERNAÇÃO - QUEIMADOS GRAVES 9º ANDAR;2022;3;0,3333333333333333;5,666666666666669
HJXXIII;UNIDADE INTERNAÇÃO - QUEIMADOS GRAVES 9º ANDAR;2022;4;0,1111111111111111;11,999999999999986
HJXXIII;UNIDADE INTERNAÇÃO - QUEIMADOS GRAVES 9º ANDAR;2022;6;0,1111111111111111;11,0
HJXXIII;UNIDADE INTERNAÇÃO - QUEIMADOS GRAVES 9º ANDAR;2022;7;0,3333333333333333;2,333333333333335
HJXXIII;UNIDADE INTERNAÇÃO - QUEIMADOS GRAVES 9º ANDAR;2022;9;0,2222222222222222;0,4999999999999932
HJXXIII;UNIDADE INTERNAÇÃO - QUEIMADOS GRAVES 9º ANDAR;2022;10;0,3333333333333333;2,9999999999999973
HJXXIII;UNIDADE INTERNAÇÃO - QUEIMADOS GRAVES 9º ANDAR;2022;11;0,11152416356877323;16,999999999999993
HJXXIII;UNIDADE INTERNAÇÃO - QUEIMADOS GRAVES 9º ANDAR;2023;1;0,5555555555555556;2,6
HJXXIII;UNIDADE INTERNAÇÃO - QUEIMADOS GRAVES 9º ANDAR;2023;2;0,48484848484848486;1,7499999999999984
HJXXIII;UNIDADE INTERNAÇÃO - QUEIMADOS GRAVES 9º ANDAR;2023;3;0,5938697318007663;-0,600000000000005
HJXXIII;UNIDADE INTERNAÇÃO - QUEIMADOS GRAVES 9º ANDAR;2023;4;0,1111111111111111;15,000000000000007
HJXXIII;UNIDADE INTERNAÇÃO - QUEIMADOS GRAVES 9º ANDAR;2023;5;0,2222222222222222;1,4999999999999987
HJXXIII;UNIDADE INTERNAÇÃO - QUEIMADOS GRAVES 9º ANDAR;2023;6;0,22641509433962265;7,999999999999998
HJXXIII;UNIDADE INTERNAÇÃO - QUEIMADOS GRAVES 9º ANDAR;2023;7;0,1111111111111111;4,999999999999985
HJXXIII;UNIDADE INTERNAÇÃO - QUEIMADOS GRAVES 9º ANDAR;2023;8;0,3333333333333333;6,333333333333332
HJXXIII;UNIDADE INTERNAÇÃO - QUEIMADOS GRAVES 9º ANDAR;2023;9;0,3333333333333333;3,333333333333339
HJXXIII;UNIDADE INTERNAÇÃO - QUEIMADOS GRAVES 9º ANDAR;2023;10;0,3333333333333333;14,666666666666671
HJXXIII;UNIDADE INTERNAÇÃO - QUEIMADOS GRAVES 9º ANDAR;2023;11;0,6666666666666666;7,833333333333332
HJXXIII;UNIDADE INTERNAÇÃO - QUEIMADOS GRAVES 9º ANDAR;2023;12;0,2222222222222222;7,499999999999993
HJXXIII;UNIDADE INTERNAÇÃO - QUEIMADOS GRAVES 9º ANDAR;2024;1;0,4444444444444444;4,749999999999998
HJXXIII;UNIDADE INTERNAÇÃO - QUEIMADOS GRAVES 9º ANDAR;2024;2;0,1111111111111111;12,999999999999993
HJXXIII;UNIDADE INTERNAÇÃO - QUEIMADOS GRAVES 9º ANDAR;2024;3;0,3333333333333333;3,333333333333334
HJXXIII;UNIDADE INTERNAÇÃO - QUEIMADOS GRAVES 9º ANDAR;2024;4;0,6666666666666666;2,833333333333335
HJXXIII;UNIDADE INTERNAÇÃO - QUEIMADOS GRAVES 9º ANDAR;2024;5;0,2222222222222222;2,0000000000000036
HJXXIII;UNIDADE INTERNAÇÃO - QUEIMADOS GRAVES 9º ANDAR;2024;6;0,1111111111111111;37,00000000000001
HJXXIII;UNIDADE INTERNAÇÃO - QUEIMADOS GRAVES 9º ANDAR;2024;8;0,2222222222222222;15,500000000000007
HJXXIII;UNIDADE INTERNAÇÃO - QUEIMADOS GRAVES 9º ANDAR;2024;9;0,1111111111111111;20,999999999999982
HJXXIII;UNIDADE INTERNAÇÃO - QUEIMADOS GRAVES 9º ANDAR;2024;11;0,2222222222222222;5,5
HJXXIII;UNIDADE INTERNAÇÃO - QUEIMADOS GRAVES 9º ANDAR;2024;12;0,2222222222222222;15,000000000000002
HJXXIII;UNIDADE INTERNAÇÃO - QUEIMADOS GRAVES 9º ANDAR;2025;1;0,1111111111111111;14,000000000000007
HJXXIII;UNIDADE INTERNAÇÃO - QUEIMADOS GRAVES 9º ANDAR;2025;2;0,1111111111111111;18,999999999999986
HJXXIII;UNIDADE INTERNAÇÃO - QUEIMADOS GRAVES 9º ANDAR;2025;3;0,4444444444444444;5,2500000000000036
HJXXIII;UNIDADE INTERNAÇÃO - QUEIMADOS GRAVES 9º ANDAR;2025;4;0,2222222222222222;12,000000000000002
HJXXIII;UNIDADE INTERNAÇÃO - QUEIMADOS GRAVES 9º ANDAR;2025;5;0,1111111111111111;50,99999999999998
HJXXIII;UNIDADE INTERNAÇÃO - QUEIMADOS GRAVES 9º ANDAR;2025;7;0,4444444444444444;13,25
HJXXIII;UNIDADE INTERNAÇÃO - QUEIMADOS GRAVES 9º ANDAR;2025;8;0,1111111111111111;34,999999999999986
HJXXIII;UNIDADE INTERNAÇÃO - QUEIMADOS GRAVES 9º ANDAR;2025;10;0,1111111111111111;14,999999999999986
HJXXIII;UNIDADE INTERNAÇÃO - QUEIMADOS GRAVES 9º ANDAR;2025;11;0,1111111111111111;33,999999999999986
HJXXIII;UNIDADE INTERNAÇÃO - QUEIMADOS GRAVES 9º ANDAR;2025;12;0,6666666666666666;6,666666666666668
HJXXIII;UNIDADE INTERNAÇÃO - QUEIMADOS GRAVES 9º ANDAR;2026;1;0,1111111111111111;34,000000000000014
HJXXIII;UNIDADE INTERNAÇÃO - QUEIMADOS GRAVES 9º ANDAR;2026;3;0,1111111111111111;27,999999999999982
HJXXIII;UNIDADE INTERNAÇÃO - QUEIMADOS GRAVES 9º ANDAR;2026;4;0,11450381679389313;63,00000000000001
HJXXIII;UNIDADE INTERNAÇÃO - QUEIMADOS GRAVES 9º ANDAR;2026;5;0,2222222222222222;22,000000000000007
HJXXIII;UNIDADE INTERNAÇÃO - QUEIMADOS MÉDIOS - 8º ANDAR;2019;1;1,1666666666666667;2,892857142857143
HJXXIII;UNIDADE INTERNAÇÃO - QUEIMADOS MÉDIOS - 8º ANDAR;2019;2;1,375;0,8484848484848476
HJXXIII;UNIDADE INTERNAÇÃO - QUEIMADOS MÉDIOS - 8º ANDAR;2019;3;1,3333333333333333;2,9375
HJXXIII;UNIDADE INTERNAÇÃO - QUEIMADOS MÉDIOS - 8º ANDAR;2019;4;1,4583333333333333;3,142857142857143
HJXXIII;UNIDADE INTERNAÇÃO - QUEIMADOS MÉDIOS - 8º ANDAR;2019;5;1,2083333333333333;4,275862068965516
HJXXIII;UNIDADE INTERNAÇÃO - QUEIMADOS MÉDIOS - 8º ANDAR;2019;6;1,0416666666666667;4,960000000000002
HJXXIII;UNIDADE INTERNAÇÃO - QUEIMADOS MÉDIOS - 8º ANDAR;2019;7;1,25;4,666666666666669
HJXXIII;UNIDADE INTERNAÇÃO - QUEIMADOS MÉDIOS - 8º ANDAR;2019;8;1,4583333333333333;1,4000000000000012
HJXXIII;UNIDADE INTERNAÇÃO - QUEIMADOS MÉDIOS - 8º ANDAR;2019;9;1,8333333333333333;2,477272727272728
HJXXIII;UNIDADE INTERNAÇÃO - QUEIMADOS MÉDIOS - 8º ANDAR;2019;10;1,4166666666666667;1,588235294117648
HJXXIII;UNIDADE INTERNAÇÃO - QUEIMADOS MÉDIOS - 8º ANDAR;2019;11;1,2916666666666667;3,096774193548386
HJXXIII;UNIDADE INTERNAÇÃO - QUEIMADOS MÉDIOS - 8º ANDAR;2019;12;1,5;1,8888888888888895
HJXXIII;UNIDADE INTERNAÇÃO - QUEIMADOS MÉDIOS - 8º ANDAR;2020;1;1,4166666666666667;3,470588235294117
HJXXIII;UNIDADE INTERNAÇÃO - QUEIMADOS MÉDIOS - 8º ANDAR;2020;2;1,4583333333333333;2,1999999999999997
HJXXIII;UNIDADE INTERNAÇÃO - QUEIMADOS MÉDIOS - 8º ANDAR;2020;3;1,4583333333333333;3,4571428571428564
HJXXIII;UNIDADE INTERNAÇÃO - QUEIMADOS MÉDIOS - 8º ANDAR;2020;4;1,0833333333333333;2,5384615384615388
HJXXIII;UNIDADE INTERNAÇÃO - QUEIMADOS MÉDIOS - 8º ANDAR;2020;5;1,6666666666666667;2,35
HJXXIII;UNIDADE INTERNAÇÃO - QUEIMADOS MÉDIOS - 8º ANDAR;2020;6;1,8591549295774648;0,7500000000000009
HJXXIII;UNIDADE INTERNAÇÃO - QUEIMADOS MÉDIOS - 8º ANDAR;2020;7;0,9609164420485176;3,565217391304349
HJXXIII;UNIDADE INTERNAÇÃO - QUEIMADOS MÉDIOS - 8º ANDAR;2020;8;1,6666666666666667;1,8000000000000007
HJXXIII;UNIDADE INTERNAÇÃO - QUEIMADOS MÉDIOS - 8º ANDAR;2020;9;1,3333333333333333;1,3437500000000004
HJXXIII;UNIDADE INTERNAÇÃO - QUEIMADOS MÉDIOS - 8º ANDAR;2020;10;1,25;2,8666666666666667
HJXXIII;UNIDADE INTERNAÇÃO - QUEIMADOS MÉDIOS - 8º ANDAR;2020;11;1,0;2,5416666666666674
HJXXIII;UNIDADE INTERNAÇÃO - QUEIMADOS MÉDIOS - 8º ANDAR;2020;12;1,4166666666666667;2,2941176470588243
HJXXIII;UNIDADE INTERNAÇÃO - QUEIMADOS MÉDIOS - 8º ANDAR;2021;1;1,25;1,3666666666666654
HJXXIII;UNIDADE INTERNAÇÃO - QUEIMADOS MÉDIOS - 8º ANDAR;2021;2;1,1666666666666667;1,7857142857142847
HJXXIII;UNIDADE INTERNAÇÃO - QUEIMADOS MÉDIOS - 8º ANDAR;2021;3;1,3315436241610739;2,90625
HJXXIII;UNIDADE INTERNAÇÃO - QUEIMADOS MÉDIOS - 8º ANDAR;2021;4;1,0;7,583333333333333
HJXXIII;UNIDADE INTERNAÇÃO - QUEIMADOS MÉDIOS - 8º ANDAR;2021;5;1,25;0,6999999999999994
HJXXIII;UNIDADE INTERNAÇÃO - QUEIMADOS MÉDIOS - 8º ANDAR;2021;6;1,3333333333333333;2,15625
HJXXIII;UNIDADE INTERNAÇÃO - QUEIMADOS MÉDIOS - 8º ANDAR;2021;7;1,4583333333333333;1,6000000000000012
HJXXIII;UNIDADE INTERNAÇÃO - QUEIMADOS MÉDIOS - 8º ANDAR;2021;8;1,2916666666666667;1,645161290322582
HJXXIII;UNIDADE INTERNAÇÃO - QUEIMADOS MÉDIOS - 8º ANDAR;2021;9;1,4166666666666667;1,4117647058823526
HJXXIII;UNIDADE INTERNAÇÃO - QUEIMADOS MÉDIOS - 8º ANDAR;2021;10;1,1666666666666667;1,32142857142857
HJXXIII;UNIDADE INTERNAÇÃO - QUEIMADOS MÉDIOS - 8º ANDAR;2021;11;1,2916666666666667;2,000000000000001
HJXXIII;UNIDADE INTERNAÇÃO - QUEIMADOS MÉDIOS - 8º ANDAR;2021;12;1,2916666666666667;1,1612903225806441
HJXXIII;UNIDADE INTERNAÇÃO - QUEIMADOS MÉDIOS - 8º ANDAR;2022;1;1,4166666666666667;1,2352941176470578
HJXXIII;UNIDADE INTERNAÇÃO - QUEIMADOS MÉDIOS - 8º ANDAR;2022;2;1,0;3,0833333333333353
HJXXIII;UNIDADE INTERNAÇÃO - QUEIMADOS MÉDIOS - 8º ANDAR;2022;3;1,3333333333333333;2,6875
HJXXIII;UNIDADE INTERNAÇÃO - QUEIMADOS MÉDIOS - 8º ANDAR;2022;4;1,4583333333333333;1,428571428571428
HJXXIII;UNIDADE INTERNAÇÃO - QUEIMADOS MÉDIOS - 8º ANDAR;2022;5;1,0833333333333333;2,0000000000000018
HJXXIII;UNIDADE INTERNAÇÃO - QUEIMADOS MÉDIOS - 8º ANDAR;2022;6;1,25;1,0666666666666655
HJXXIII;UNIDADE INTERNAÇÃO - QUEIMADOS MÉDIOS - 8º ANDAR;2022;7;1,25;1,4999999999999987
HJXXIII;UNIDADE INTERNAÇÃO - QUEIMADOS MÉDIOS - 8º ANDAR;2022;8;1,5416666666666667;3,486486486486485
HJXXIII;UNIDADE INTERNAÇÃO - QUEIMADOS MÉDIOS - 8º ANDAR;2022;9;1,0416666666666667;3,6
HJXXIII;UNIDADE INTERNAÇÃO - QUEIMADOS MÉDIOS - 8º ANDAR;2022;10;1,25;4,266666666666666
HJXXIII;UNIDADE INTERNAÇÃO - QUEIMADOS MÉDIOS - 8º ANDAR;2022;11;1,125;3,851851851851853
HJXXIII;UNIDADE INTERNAÇÃO - QUEIMADOS MÉDIOS - 8º ANDAR;2022;12;0,8333333333333334;3,850000000000001
HJXXIII;UNIDADE INTERNAÇÃO - QUEIMADOS MÉDIOS - 8º ANDAR;2023;1;1,25;2,633333333333334
HJXXIII;UNIDADE INTERNAÇÃO - QUEIMADOS MÉDIOS - 8º ANDAR;2023;2;0,9166666666666666;7,545454545454546
HJXXIII;UNIDADE INTERNAÇÃO - QUEIMADOS MÉDIOS - 8º ANDAR;2023;3;1,2916666666666667;5,068965517241377
HJXXIII;UNIDADE INTERNAÇÃO - QUEIMADOS MÉDIOS - 8º ANDAR;2023;4;1,1666666666666667;3,8214285714285725
HJXXIII;UNIDADE INTERNAÇÃO - QUEIMADOS MÉDIOS - 8º ANDAR;2023;5;0,9166666666666666;7,818181818181819
HJXXIII;UNIDADE INTERNAÇÃO - QUEIMADOS MÉDIOS - 8º ANDAR;2023;6;1,1715481171548117;2,2857142857142865
HJXXIII;UNIDADE INTERNAÇÃO - QUEIMADOS MÉDIOS - 8º ANDAR;2023;7;1,0;3,8333333333333335
HJXXIII;UNIDADE INTERNAÇÃO - QUEIMADOS MÉDIOS - 8º ANDAR;2023;8;1,2083333333333333;3,2758620689655173
HJXXIII;UNIDADE INTERNAÇÃO - QUEIMADOS MÉDIOS - 8º ANDAR;2023;9;1,125;2,333333333333334
HJXXIII;UNIDADE INTERNAÇÃO - QUEIMADOS MÉDIOS - 8º ANDAR;2023;10;1,5;3,694444444444443
HJXXIII;UNIDADE INTERNAÇÃO - QUEIMADOS MÉDIOS - 8º ANDAR;2023;11;0,9583333333333334;4,304347826086954
HJXXIII;UNIDADE INTERNAÇÃO - QUEIMADOS MÉDIOS - 8º ANDAR;2023;12;1,0;2,9166666666666674
HJXXIII;UNIDADE INTERNAÇÃO - QUEIMADOS MÉDIOS - 8º ANDAR;2024;1;1,0789825970548863;3,9230769230769242
HJXXIII;UNIDADE INTERNAÇÃO - QUEIMADOS MÉDIOS - 8º ANDAR;2024;2;1,25;3,066666666666667
HJXXIII;UNIDADE INTERNAÇÃO - QUEIMADOS MÉDIOS - 8º ANDAR;2024;3;1,125;7,333333333333332
HJXXIII;UNIDADE INTERNAÇÃO - QUEIMADOS MÉDIOS - 8º ANDAR;2024;4;0,9166666666666666;6,3181818181818175
HJXXIII;UNIDADE INTERNAÇÃO - QUEIMADOS MÉDIOS - 8º ANDAR;2024;5;1,375;3,3030303030303023
HJXXIII;UNIDADE INTERNAÇÃO - QUEIMADOS MÉDIOS - 8º ANDAR;2024;6;1,1666666666666667;5,8928571428571415
HJXXIII;UNIDADE INTERNAÇÃO - QUEIMADOS MÉDIOS - 8º ANDAR;2024;7;1,2916666666666667;3,129032258064516
HJXXIII;UNIDADE INTERNAÇÃO - QUEIMADOS MÉDIOS - 8º ANDAR;2024;8;0,75;4,444444444444445
HJXXIII;UNIDADE INTERNAÇÃO - QUEIMADOS MÉDIOS - 8º ANDAR;2024;9;1,2916666666666667;1,1935483870967751
HJXXIII;UNIDADE INTERNAÇÃO - QUEIMADOS MÉDIOS - 8º ANDAR;2024;10;1,125;2,222222222222223
HJXXIII;UNIDADE INTERNAÇÃO - QUEIMADOS MÉDIOS - 8º ANDAR;2024;11;1,125;4,592592592592594
HJXXIII;UNIDADE INTERNAÇÃO - QUEIMADOS MÉDIOS - 8º ANDAR;2024;12;0,9583333333333334;10,82608695652174
HJXXIII;UNIDADE INTERNAÇÃO - QUEIMADOS MÉDIOS - 8º ANDAR;2025;1;1,5416666666666667;1,9189189189189195
HJXXIII;UNIDADE INTERNAÇÃO - QUEIMADOS MÉDIOS - 8º ANDAR;2025;2;1,0416666666666667;2,9199999999999986
HJXXIII;UNIDADE INTERNAÇÃO - QUEIMADOS MÉDIOS - 8º ANDAR;2025;3;1,5;1,500000000000001
HJXXIII;UNIDADE INTERNAÇÃO - QUEIMADOS MÉDIOS - 8º ANDAR;2025;4;1,375;3,7575757575757596
HJXXIII;UNIDADE INTERNAÇÃO - QUEIMADOS MÉDIOS - 8º ANDAR;2025;5;1,25;2,3333333333333335
HJXXIII;UNIDADE INTERNAÇÃO - QUEIMADOS MÉDIOS - 8º ANDAR;2025;6;1,5;2,444444444444445
HJXXIII;UNIDADE INTERNAÇÃO - QUEIMADOS MÉDIOS - 8º ANDAR;2025;7;1,3333333333333333;3,874999999999999
HJXXIII;UNIDADE INTERNAÇÃO - QUEIMADOS MÉDIOS - 8º ANDAR;2025;8;1,4583333333333333;2,714285714285715
HJXXIII;UNIDADE INTERNAÇÃO - QUEIMADOS MÉDIOS - 8º ANDAR;2025;9;1,4583333333333333;2,5428571428571427
HJXXIII;UNIDADE INTERNAÇÃO - QUEIMADOS MÉDIOS - 8º ANDAR;2025;10;1,2083333333333333;1,275862068965516
HJXXIII;UNIDADE INTERNAÇÃO - QUEIMADOS MÉDIOS - 8º ANDAR;2025;11;1,4583333333333333;2,4285714285714293
HJXXIII;UNIDADE INTERNAÇÃO - QUEIMADOS MÉDIOS - 8º ANDAR;2025;12;1,5833333333333333;2,894736842105263
HJXXIII;UNIDADE INTERNAÇÃO - QUEIMADOS MÉDIOS - 8º ANDAR;2026;1;1,25;3,066666666666667
HJXXIII;UNIDADE INTERNAÇÃO - QUEIMADOS MÉDIOS - 8º ANDAR;2026;2;1,0416666666666667;8,840000000000002
HJXXIII;UNIDADE INTERNAÇÃO - QUEIMADOS MÉDIOS - 8º ANDAR;2026;3;1,2083333333333333;4,137931034482758
HJXXIII;UNIDADE INTERNAÇÃO - QUEIMADOS MÉDIOS - 8º ANDAR;2026;4;1,5833333333333333;2,6578947368421044
HJXXIII;UNIDADE INTERNAÇÃO - QUEIMADOS MÉDIOS - 8º ANDAR;2026;5;1,5416666666666667;2,2162162162162167
HJXXIII;UTI;2019;1;0,5416666666666666;13,730769230769226
HJXXIII;UTI;2019;2;0,3541666666666667;17,588235294117652
HJXXIII;UTI;2019;3;0,4791666666666667;13,34782608695652
HJXXIII;UTI;2019;4;0,25;20,166666666666657
HJXXIII;UTI;2019;5;0,7708333333333334;6,324324324324323
HJXXIII;UTI;2019;6;0,3541666666666667;14,588235294117654
HJXXIII;UTI;2019;7;0,5833333333333334;8,464285714285717
HJXXIII;UTI;2019;8;0,5625;9,444444444444445
HJXXIII;UTI;2019;9;0,3333333333333333;12,437499999999996
HJXXIII;UTI;2019;10;0,6041666666666666;7,931034482758619
HJXXIII;UTI;2019;11;0,22916666666666666;18,181818181818176
HJXXIII;UTI;2019;12;0,4375;10,523809523809527
HJXXIII;UTI;2020;1;0,3958333333333333;17,789473684210527
HJXXIII;UTI;2020;2;0,25;29,5
HJXXIII;UTI;2020;3;0,4791666666666667;19,739130434782606
HJXXIII;UTI;2020;4;0,4791666666666667;31,782608695652172
HJXXIII;UTI;2020;5;0,4791666666666667;23,217391304347828
HJXXIII;UTI;2020;6;0,5726872246696035;10,230769230769228
HJXXIII;UTI;2020;7;0,664624808575804;3,2857142857142865
HJXXIII;UTI;2020;8;0,2619047619047619;12,818181818181824
HJXXIII;UTI;2020;9;0,44254658385093165;13,000000000000004
HJXXIII;UTI;2020;10;0,7380952380952381;7,129032258064516
HJXXIII;UTI;2020;11;0,5714285714285714;4,75
HJXXIII;UTI;2020;12;0,6610814927646611;4,571428571428574
HJXXIII;UTI;2021;1;0,7209302325581395;6,096774193548388
HJXXIII;UTI;2021;2;0,627906976744186;5,000000000000003
HJXXIII;UTI;2021;3;0,7343862167982771;4,878787878787877
HJXXIII;UTI;2021;4;0,875;1,8095238095238106
HJXXIII;UTI;2021;5;0,8722433460076046;2,5405405405405412
HJXXIII;UTI;2021;6;0,4282315622521808;4,8888888888888875
HJXXIII;UTI;2021;7;0,6428571428571429;4,22222222222222
HJXXIII;UTI;2021;8;0,6190476190476191;6,1923076923076925
HJXXIII;UTI;2021;9;0,6428571428571429;4,37037037037037
HJXXIII;UTI;2021;10;0,6904761904761905;6,68965517241379
HJXXIII;UTI;2021;11;0,5238095238095238;4,090909090909089
HJXXIII;UTI;2021;12;0,6428571428571429;4,814814814814814
HJXXIII;UTI;2022;1;0,786923076923077;5,303030303030302
HJXXIII;UTI;2022;2;0,5;6,428571428571428
HJXXIII;UTI;2022;3;0,6157372039724981;4,384615384615383
HJXXIII;UTI;2022;4;0,40380047505938244;8,352941176470585
HJXXIII;UTI;2022;5;0,7403697996918336;6,516129032258064
HJXXIII;UTI;2022;6;0,47619047619047616;5,9
HJXXIII;UTI;2022;7;0,6904761904761905;3,0344827586206895
HJXXIII;UTI;2022;8;0,7252830188679246;2,064516129032259
HJXXIII;UTI;2022;9;0,5957108816521048;3,88
HJXXIII;UTI;2022;10;0,5;1,8095238095238109
HJXXIII;UTI;2022;11;0,47619047619047616;2,449999999999998
HJXXIII;UTI;2022;12;0,5709900230237912;3,958333333333335
HJXXIII;UTI;2023;1;0,5493066255778121;4,260869565217392
HJXXIII;UTI;2023;2;0,6683716965046889;4,071428571428571
HJXXIII;UTI;2023;3;0,870355078447564;1,1764705882352957
HJXXIII;UTI;2023;4;0,6904761904761905;2,17241379310345
HJXXIII;UTI;2023;5;0,6408882082695253;1,777777777777776
HJXXIII;UTI;2023;6;0,6428571428571429;3,1111111111111103
HJXXIII;UTI;2023;7;0,7996965098634294;0,9705882352941166
HJXXIII;UTI;2023;8;0,28064066852367686;3,3846153846153824
HJXXIII;UTI;2023;9;0,6458333333333334;1,322580645161291
HJXXIII;UTI;2023;10;0,75;2,361111111111111
HJXXIII;UTI;2023;11;0,4583333333333333;4,9545454545454515
HJXXIII;UTI;2023;12;0,6118421052631579;2,333333333333332
HJXXIII;UTI;2024;1;0,5688073394495413;4,291666666666664
HJXXIII;UTI;2024;2;0,5;7,095238095238096
HJXXIII;UTI;2024;3;0,6904761904761905;4,4482758620689635
HJXXIII;UTI;2024;4;0,5;4,571428571428568
HJXXIII;UTI;2024;5;0,9047619047619048;2,4736842105263155
HJXXIII;UTI;2024;6;0,38095238095238093;3,312499999999997
HJXXIII;UTI;2024;7;0,8571428571428571;3,9999999999999987
HJXXIII;UTI;2024;8;0,47619047619047616;5,500000000000001
HJXXIII;UTI;2024;9;0,5463182897862233;3,0869565217391326
HJXXIII;UTI;2024;10;0,4053846153846154;7,588235294117647
HJXXIII;UTI;2024;11;0,7225913621262459;7,137931034482758
HJXXIII;UTI;2024;12;0,7619047619047619;3,531250000000002
HJXXIII;UTI;2025;1;0,8404337722695585;5,685714285714284
HJXXIII;UTI;2025;2;0,860802732707088;6,333333333333331
HJXXIII;UTI;2025;3;1,0952380952380953;4,608695652173913
HJXXIII;UTI;2025;4;0,8095238095238095;5,647058823529412
HJXXIII;UTI;2025;5;0,7519561815336463;5,999999999999999
HJXXIII;UTI;2025;6;0,75;3,466666666666667
HJXXIII;UTI;2025;7;0,75;5,633333333333332
HJXXIII;UTI;2025;8;0,5296989422294548;7,238095238095239
HJXXIII;UTI;2025;9;0,6410256410256411;7,52
HJXXIII;UTI;2025;10;0,8632268632268633;5,000000000000002
HJXXIII;UTI;2025;11;0,85;6,941176470588235
HJXXIII;UTI;2025;12;0,675;7,2592592592592595
HJXXIII;UTI;2026;1;0,625;6,359999999999998
HJXXIII;UTI;2026;2;0,6987522281639929;3,285714285714287
HJXXIII;UTI;2026;3;0,575;3,6956521739130466
HJXXIII;UTI;2026;4;0,75;4,199999999999998
HJXXIII;UTI;2026;5;0,85;4,823529411764704
HJXXIII;UTI -  PEDIATRICO 2º ANDAR;2019;1;1,875;6,8666666666666645
HJXXIII;UTI -  PEDIATRICO 2º ANDAR;2019;2;0,625;28,0
HJXXIII;UTI -  PEDIATRICO 2º ANDAR;2019;3;1,75;6,857142857142858
HJXXIII;UTI -  PEDIATRICO 2º ANDAR;2019;4;3,375;1,925925925925926
HJXXIII;UTI -  PEDIATRICO 2º ANDAR;2019;5;2,2059925093632957;0,5263157894736837
HJXXIII;UTI -  PEDIATRICO 2º ANDAR;2019;6;2,89544235924933;-2,6666666666666665
HJXXIII;UTI -  PEDIATRICO 2º ANDAR;2019;7;1,81640625;2,8666666666666654
HJXXIII;UTI -  PEDIATRICO 2º ANDAR;2019;8;0,375;13,999999999999996
HJXXIII;UTI -  PEDIATRICO 2º ANDAR;2019;9;1,0;9,125000000000002
HJXXIII;UTI -  PEDIATRICO 2º ANDAR;2019;10;0,625;15,199999999999996
HJXXIII;UTI -  PEDIATRICO 2º ANDAR;2019;11;1,859504132231405;4,866666666666667
HJXXIII;UTI -  PEDIATRICO 2º ANDAR;2019;12;1,3694779116465863;6,818181818181816
HJXXIII;UTI -  PEDIATRICO 2º ANDAR;2020;1;0,9959839357429718;8,125
HJXXIII;UTI -  PEDIATRICO 2º ANDAR;2020;2;1,5;2,6666666666666683
HJXXIII;UTI -  PEDIATRICO 2º ANDAR;2020;3;2,359861591695502;0,7727272727272729
HJXXIII;UTI -  PEDIATRICO 2º ANDAR;2020;4;3,495145631067961;0,4722222222222225
HJXXIII;UTI -  PEDIATRICO 2º ANDAR;2020;5;2,1734317343173433;0,4210526315789468
HJXXIII;UTI -  PEDIATRICO 2º ANDAR;2020;6;1,791044776119403;0,2500000000000006
HJXXIII;UTI -  PEDIATRICO 2º ANDAR;2020;7;2,549342105263158;-1,2399999999999995
HJXXIII;UTI -  PEDIATRICO 2º ANDAR;2020;8;3,013888888888889;0,03571428571428556
HJXXIII;UTI -  PEDIATRICO 2º ANDAR;2020;9;2,3076923076923075;0,19047619047619094
HJXXIII;UTI -  PEDIATRICO 2º ANDAR;2020;10;2,1379310344827585;-0,13636363636363685
HJXXIII;UTI -  PEDIATRICO 2º ANDAR;2020;11;3,0991735537190084;1,9599999999999995
HJXXIII;UTI -  PEDIATRICO 2º ANDAR;2020;12;2,1016949152542375;0,5500000000000002
HJXXIII;UTI -  PEDIATRICO 2º ANDAR;2021;1;1,4761904761904763;0,3333333333333335
HJXXIII;UTI -  PEDIATRICO 2º ANDAR;2021;2;1,904;1,9411764705882357
HJXXIII;UTI -  PEDIATRICO 2º ANDAR;2021;3;4,242105263157895;-0,41025641025640974
HJXXIII;UTI -  PEDIATRICO 2º ANDAR;2021;4;3,7358490566037736;0,09090909090909058
HJXXIII;UTI -  PEDIATRICO 2º ANDAR;2021;5;3,4065934065934065;0,13333333333333358
HJXXIII;UTI -  PEDIATRICO 2º ANDAR;2021;6;3,5789473684210527;0,08823529411764675
HJXXIII;UTI -  PEDIATRICO 2º ANDAR;2021;7;2,8273615635179152;3,8928571428571437
HJXXIII;UTI -  PEDIATRICO 2º ANDAR;2021;8;2,1;5,714285714285714
HJXXIII;UTI -  PEDIATRICO 2º ANDAR;2021;9;2,5;2,96
HJXXIII;UTI -  PEDIATRICO 2º ANDAR;2021;10;3,8;3,052631578947368
HJXXIII;UTI -  PEDIATRICO 2º ANDAR;2021;11;3,5;3,228571428571429
HJXXIII;UTI -  PEDIATRICO 2º ANDAR;2021;12;4,5;2,7111111111111112
HJXXIII;UTI -  PEDIATRICO 2º ANDAR;2022;1;3,0411392405063293;1,7419354838709677
HJXXIII;UTI -  PEDIATRICO 2º ANDAR;2022;2;3,5376344086021505;-0,9148936170212761
HJXXIII;UTI -  PEDIATRICO 2º ANDAR;2022;3;5,025114155251141;-0,9718309859154933
HJXXIII;UTI -  PEDIATRICO 2º ANDAR;2022;4;4,7727272727272725;-0,49206349206349176
HJXXIII;UTI -  PEDIATRICO 2º ANDAR;2022;5;3,6;3,0277777777777772
HJXXIII;UTI -  PEDIATRICO 2º ANDAR;2022;6;3,3;2,6363636363636367
HJXXIII;UTI -  PEDIATRICO 2º ANDAR;2022;7;4,8;2,3124999999999996
HJXXIII;UTI -  PEDIATRICO 2º ANDAR;2022;8;3,8294117647058825;3,0952380952380945
HJXXIII;UTI -  PEDIATRICO 2º ANDAR;2022;9;5,693430656934306;-0,37179487179487186
HJXXIII;UTI -  PEDIATRICO 2º ANDAR;2022;10;3,949519230769231;0,03773584905660386
HJXXIII;UTI -  PEDIATRICO 2º ANDAR;2022;11;5,1923076923076925;1,2592592592592595
HJXXIII;UTI -  PEDIATRICO 2º ANDAR;2022;12;3,7;2,7837837837837838
HJXXIII;UTI -  PEDIATRICO 2º ANDAR;2023;1;3,6;2,972222222222223
HJXXIII;UTI -  PEDIATRICO 2º ANDAR;2023;2;4,4;2,068181818181818
HJXXIII;UTI -  PEDIATRICO 2º ANDAR;2023;3;4,810344827586207;1,2000000000000004
HJXXIII;UTI -  PEDIATRICO 2º ANDAR;2023;4;4,428969359331476;0,49056603773584906
HJXXIII;UTI -  PEDIATRICO 2º ANDAR;2023;5;4,894736842105263;0,6349206349206349
HJXXIII;UTI -  PEDIATRICO 2º ANDAR;2023;6;3,371757925072046;0,4871794871794869
HJXXIII;UTI -  PEDIATRICO 2º ANDAR;2023;7;2,272727272727273;3,0800000000000005
HJXXIII;UTI -  PEDIATRICO 2º ANDAR;2023;8;2,3413897280966767;5,119999999999999
HJXXIII;UTI -  PEDIATRICO 2º ANDAR;2023;9;2,4545454545454546;4,148148148148148
HJXXIII;UTI -  PEDIATRICO 2º ANDAR;2023;10;2,4545454545454546;6,407407407407407
HJXXIII;UTI -  PEDIATRICO 2º ANDAR;2023;11;1,6363636363636365;4,555555555555557
HJXXIII;UTI -  PEDIATRICO 2º ANDAR;2023;12;2,272727272727273;4,6000000000000005
HJXXIII;UTI -  PEDIATRICO 2º ANDAR;2024;1;1,4335260115606936;12,3125
HJXXIII;UTI -  PEDIATRICO 2º ANDAR;2024;2;1,6363636363636365;10,499999999999998
HJXXIII;UTI -  PEDIATRICO 2º ANDAR;2024;3;2,5454545454545454;4,2857142857142865
HJXXIII;UTI -  PEDIATRICO 2º ANDAR;2024;4;4,636363636363637;0,8431372549019606
HJXXIII;UTI -  PEDIATRICO 2º ANDAR;2024;5;3,470149253731343;0,8222222222222223
HJXXIII;UTI -  PEDIATRICO 2º ANDAR;2024;6;2,245508982035928;5,920000000000001
HJXXIII;UTI -  PEDIATRICO 2º ANDAR;2024;7;3,3636363636363638;3,9999999999999982
HJXXIII;UTI -  PEDIATRICO 2º ANDAR;2024;8;2,1818181818181817;6,625000000000001
HJXXIII;UTI -  PEDIATRICO 2º ANDAR;2024;9;1,2727272727272727;11,571428571428575
HJXXIII;UTI -  PEDIATRICO 2º ANDAR;2024;10;1,0;18,909090909090914
HJXXIII;UTI -  PEDIATRICO 2º ANDAR;2024;11;1,7272727272727273;9,631578947368421
HJXXIII;UTI -  PEDIATRICO 2º ANDAR;2024;12;2,0;9,818181818181818
HJXXIII;UTI -  PEDIATRICO 2º ANDAR;2025;1;1,6363636363636365;8,277777777777777
HJXXIII;UTI -  PEDIATRICO 2º ANDAR;2025;2;1,5454545454545454;7,529411764705882
HJXXIII;UTI -  PEDIATRICO 2º ANDAR;2025;3;2,090909090909091;6,086956521739131
HJXXIII;UTI -  PEDIATRICO 2º ANDAR;2025;4;3,1818181818181817;2,0285714285714294
HJXXIII;UTI -  PEDIATRICO 2º ANDAR;2025;5;4,473417721518987;-0,03508771929824579
HJXXIII;UTI -  PEDIATRICO 2º ANDAR;2025;6;5,662921348314606;-0,7738095238095241
HJXXIII;UTI -  PEDIATRICO 2º ANDAR;2025;7;2,272727272727273;6,680000000000001
HJXXIII;UTI -  PEDIATRICO 2º ANDAR;2025;8;4,020477815699659;3,578947368421053
HJXXIII;UTI -  PEDIATRICO 2º ANDAR;2025;9;2,142857142857143;5,533333333333334
HJXXIII;UTI -  PEDIATRICO 2º ANDAR;2025;10;1,5667870036101084;8,571428571428573
HJXXIII;UTI -  PEDIATRICO 2º ANDAR;2025;11;2,272727272727273;7,199999999999999
HJXXIII;UTI -  PEDIATRICO 2º ANDAR;2025;12;2,0;6,863636363636366
HJXXIII;UTI -  PEDIATRICO 2º ANDAR;2026;1;1,2727272727272727;11,285714285714286
HJXXIII;UTI -  PEDIATRICO 2º ANDAR;2026;2;0,7272727272727273;17,500000000000004
HJXXIII;UTI -  PEDIATRICO 2º ANDAR;2026;3;2,727272727272727;4,966666666666666
HJXXIII;UTI -  PEDIATRICO 2º ANDAR;2026;4;3,225;-0,2093023255813951
HJXXIII;UTI -  PEDIATRICO 2º ANDAR;2026;5;5,012765957446809;-1,0921052631578945
HMAL;UNIDADE DE INTERNAÇÃO - TRAUMATO/ORTOPEDIA A;2019;1;2,9473684210526314;2,5000000000000004
HMAL;UNIDADE DE INTERNAÇÃO - TRAUMATO/ORTOPEDIA A;2019;2;3,210526315789474;2,5737704918032787
HMAL;UNIDADE DE INTERNAÇÃO - TRAUMATO/ORTOPEDIA A;2019;3;3,1578947368421053;2,1499999999999995
HMAL;UNIDADE DE INTERNAÇÃO - TRAUMATO/ORTOPEDIA A;2019;4;3,263157894736842;2,7258064516129035
HMAL;UNIDADE DE INTERNAÇÃO - TRAUMATO/ORTOPEDIA A;2019;5;3,736842105263158;2,281690140845071
HMAL;UNIDADE DE INTERNAÇÃO - TRAUMATO/ORTOPEDIA A;2019;6;2,8421052631578947;2,129629629629629
HMAL;UNIDADE DE INTERNAÇÃO - TRAUMATO/ORTOPEDIA A;2019;7;3,1578947368421053;2,45
HMAL;UNIDADE DE INTERNAÇÃO - TRAUMATO/ORTOPEDIA A;2019;8;3,8421052631578947;2,7671232876712333
HMAL;UNIDADE DE INTERNAÇÃO - TRAUMATO/ORTOPEDIA A;2019;9;3,0;3,421052631578947
HMAL;UNIDADE DE INTERNAÇÃO - TRAUMATO/ORTOPEDIA A;2019;10;3,1578947368421053;3,6999999999999997
HMAL;UNIDADE DE INTERNAÇÃO - TRAUMATO/ORTOPEDIA A;2019;11;3,0;3,5789473684210527
HMAL;UNIDADE DE INTERNAÇÃO - TRAUMATO/ORTOPEDIA A;2019;12;3,3684210526315788;2,4531249999999996
HMAL;UNIDADE DE INTERNAÇÃO - TRAUMATO/ORTOPEDIA A;2020;1;2,6842105263157894;3,098039215686274
HMAL;UNIDADE DE INTERNAÇÃO - TRAUMATO/ORTOPEDIA A;2020;2;2,5789473684210527;2,8163265306122445
HMAL;UNIDADE DE INTERNAÇÃO - TRAUMATO/ORTOPEDIA A;2020;3;3,1578947368421053;2,8000000000000003
HMAL;UNIDADE DE INTERNAÇÃO - TRAUMATO/ORTOPEDIA A;2020;4;3,4210526315789473;2,9538461538461545
HMAL;UNIDADE DE INTERNAÇÃO - TRAUMATO/ORTOPEDIA A;2020;5;3,4210526315789473;2,615384615384615
HMAL;UNIDADE DE INTERNAÇÃO - TRAUMATO/ORTOPEDIA A;2020;6;4,052631578947368;2,1298701298701297
HMAL;UNIDADE DE INTERNAÇÃO - TRAUMATO/ORTOPEDIA A;2020;7;3,6842105263157894;2,4714285714285715
HMAL;UNIDADE DE INTERNAÇÃO - TRAUMATO/ORTOPEDIA A;2020;8;4,315789473684211;2,121951219512195
HMAL;UNIDADE DE INTERNAÇÃO - TRAUMATO/ORTOPEDIA A;2020;9;4,7368421052631575;1,922222222222223
HMAL;UNIDADE DE INTERNAÇÃO - TRAUMATO/ORTOPEDIA A;2020;10;4,7368421052631575;1,9666666666666661
HMAL;UNIDADE DE INTERNAÇÃO - TRAUMATO/ORTOPEDIA A;2020;11;3,789473684210526;1,6805555555555554
HMAL;UNIDADE DE INTERNAÇÃO - TRAUMATO/ORTOPEDIA A;2020;12;4,315789473684211;2,0365853658536586
HMAL;UNIDADE DE INTERNAÇÃO - TRAUMATO/ORTOPEDIA A;2021;1;4,2631578947368425;1,8518518518518514
HMAL;UNIDADE DE INTERNAÇÃO - TRAUMATO/ORTOPEDIA A;2021;2;3,263157894736842;2,080645161290322
HMAL;UNIDADE DE INTERNAÇÃO - TRAUMATO/ORTOPEDIA A;2021;3;3,526315789473684;2,074626865671642
HMAL;UNIDADE DE INTERNAÇÃO - TRAUMATO/ORTOPEDIA A;2021;4;3,526315789473684;1,8358208955223883
HMAL;UNIDADE DE INTERNAÇÃO - TRAUMATO/ORTOPEDIA A;2021;5;3,4210526315789473;1,5538461538461532
HMAL;UNIDADE DE INTERNAÇÃO - TRAUMATO/ORTOPEDIA A;2021;6;3,736842105263158;2,014084507042254
HMAL;UNIDADE DE INTERNAÇÃO - TRAUMATO/ORTOPEDIA A;2021;7;3,789473684210526;1,611111111111111
HMAL;UNIDADE DE INTERNAÇÃO - TRAUMATO/ORTOPEDIA A;2021;8;4,105263157894737;2,243589743589744
HMAL;UNIDADE DE INTERNAÇÃO - TRAUMATO/ORTOPEDIA A;2021;9;3,736842105263158;2,2253521126760565
HMAL;UNIDADE DE INTERNAÇÃO - TRAUMATO/ORTOPEDIA A;2021;10;3,210526315789474;2,262295081967213
HMAL;UNIDADE DE INTERNAÇÃO - TRAUMATO/ORTOPEDIA A;2021;11;2,526315789473684;2,8749999999999996
HMAL;UNIDADE DE INTERNAÇÃO - TRAUMATO/ORTOPEDIA A;2021;12;3,334453781512605;2,749999999999999
HMAL;UNIDADE DE INTERNAÇÃO - TRAUMATO/ORTOPEDIA A;2022;1;2,708268330733229;2,6071428571428577
HMAL;UNIDADE DE INTERNAÇÃO - TRAUMATO/ORTOPEDIA A;2022;2;3,0;2,578947368421052
HMAL;UNIDADE DE INTERNAÇÃO - TRAUMATO/ORTOPEDIA A;2022;3;4,0;2,842105263157895
HMAL;UNIDADE DE INTERNAÇÃO - TRAUMATO/ORTOPEDIA A;2022;4;3,1578947368421053;2,966666666666666
HMAL;UNIDADE DE INTERNAÇÃO - TRAUMATO/ORTOPEDIA A;2022;5;3,3684210526315788;2,9999999999999996
HMAL;UNIDADE DE INTERNAÇÃO - TRAUMATO/ORTOPEDIA A;2022;6;3,4210526315789473;1,9384615384615387
HMAL;UNIDADE DE INTERNAÇÃO - TRAUMATO/ORTOPEDIA A;2022;7;4,684210526315789;1,1910112359550564
HMAL;UNIDADE DE INTERNAÇÃO - TRAUMATO/ORTOPEDIA A;2022;8;4,315789473684211;1,3048780487804883
HMAL;UNIDADE DE INTERNAÇÃO - TRAUMATO/ORTOPEDIA A;2022;9;5,2105263157894735;1,070707070707071
HMAL;UNIDADE DE INTERNAÇÃO - TRAUMATO/ORTOPEDIA A;2022;10;5,157894736842105;1,3367346938775508
HMAL;UNIDADE DE INTERNAÇÃO - TRAUMATO/ORTOPEDIA A;2022;11;4,105263157894737;1,1666666666666672
HMAL;UNIDADE DE INTERNAÇÃO - TRAUMATO/ORTOPEDIA A;2022;12;4,2105263157894735;1,2375000000000003
HMAL;UNIDADE DE INTERNAÇÃO - TRAUMATO/ORTOPEDIA A;2023;1;3,526315789473684;1,1044776119402981
HMAL;UNIDADE DE INTERNAÇÃO - TRAUMATO/ORTOPEDIA A;2023;2;4,052631578947368;0,7142857142857145
HMAL;UNIDADE DE INTERNAÇÃO - TRAUMATO/ORTOPEDIA A;2023;3;6,076225045372051;0,7407407407407406
HMAL;UNIDADE DE INTERNAÇÃO - TRAUMATO/ORTOPEDIA A;2023;4;4,2631578947368425;1,0864197530864201
HMAL;UNIDADE DE INTERNAÇÃO - TRAUMATO/ORTOPEDIA A;2023;5;5,421052631578948;1,0679611650485437
HMAL;UNIDADE DE INTERNAÇÃO - TRAUMATO/ORTOPEDIA A;2023;6;5,894736842105263;0,9285714285714286
HMAL;UNIDADE DE INTERNAÇÃO - TRAUMATO/ORTOPEDIA A;2023;7;6,105263157894737;0,8534482758620693
HMAL;UNIDADE DE INTERNAÇÃO - TRAUMATO/ORTOPEDIA A;2023;8;7,7368421052631575;0,9863945578231291
HMAL;UNIDADE DE INTERNAÇÃO - TRAUMATO/ORTOPEDIA A;2023;9;8,052631578947368;0,973856209150327
HMAL;UNIDADE DE INTERNAÇÃO - TRAUMATO/ORTOPEDIA A;2023;10;8,0;1,2894736842105265
HMAL;UNIDADE DE INTERNAÇÃO - TRAUMATO/ORTOPEDIA A;2023;11;7,578947368421052;1,1527777777777777
HMAL;UNIDADE DE INTERNAÇÃO - TRAUMATO/ORTOPEDIA A;2023;12;8,68421052631579;0,9212121212121211
HMAL;UNIDADE DE INTERNAÇÃO - TRAUMATO/ORTOPEDIA A;2024;1;6,4799331103678925;1,7839999999999996
HMAL;UNIDADE DE INTERNAÇÃO - TRAUMATO/ORTOPEDIA A;2024;2;5,947368421052632;1,1061946902654864
HMAL;UNIDADE DE INTERNAÇÃO - TRAUMATO/ORTOPEDIA A;2024;3;6,578947368421052;0,8639999999999997
HMAL;UNIDADE DE INTERNAÇÃO - TRAUMATO/ORTOPEDIA A;2024;4;7,2105263157894735;1,4014598540145988
HMAL;UNIDADE DE INTERNAÇÃO - TRAUMATO/ORTOPEDIA A;2024;5;7,578947368421052;0,9513888888888887
HMAL;UNIDADE DE INTERNAÇÃO - TRAUMATO/ORTOPEDIA A;2024;6;6,0;1,298245614035088
HMAL;UNIDADE DE INTERNAÇÃO - TRAUMATO/ORTOPEDIA A;2024;7;6,2631578947368425;1,0252100840336131
HMAL;UNIDADE DE INTERNAÇÃO - TRAUMATO/ORTOPEDIA A;2024;8;6,526315789473684;1,2661290322580643
HMAL;UNIDADE DE INTERNAÇÃO - TRAUMATO/ORTOPEDIA A;2024;9;6,368421052631579;1,4545454545454541
HMAL;UNIDADE DE INTERNAÇÃO - TRAUMATO/ORTOPEDIA A;2024;10;6,684210526315789;1,4724409448818898
HMAL;UNIDADE DE INTERNAÇÃO - TRAUMATO/ORTOPEDIA A;2024;11;5,722222222222222;2,466019417475728
HMAL;UNIDADE DE INTERNAÇÃO - TRAUMATO/ORTOPEDIA A;2024;12;4,611111111111111;2,3253012048192767
HMAL;UNIDADE DE INTERNAÇÃO - TRAUMATO/ORTOPEDIA A;2025;1;3,7777777777777777;2,661764705882353
HMAL;UNIDADE DE INTERNAÇÃO - TRAUMATO/ORTOPEDIA A;2025;2;1,3333333333333333;14,333333333333336
HMAL;UNIDADE DE INTERNAÇÃO - TRAUMATO/ORTOPEDIA A;2025;3;2,1527777777777777;10,733333333333333
HMAL;UNIDADE DE INTERNAÇÃO - TRAUMATO/ORTOPEDIA B;2019;1;3,227272727272727;2,563380281690141
HMAL;UNIDADE DE INTERNAÇÃO - TRAUMATO/ORTOPEDIA B;2019;2;2,9545454545454546;3,076923076923077
HMAL;UNIDADE DE INTERNAÇÃO - TRAUMATO/ORTOPEDIA B;2019;3;2,7176820208023775;2,59322033898305
HMAL;UNIDADE DE INTERNAÇÃO - TRAUMATO/ORTOPEDIA B;2019;4;2,668711656441718;2,8965517241379306
HMAL;UNIDADE DE INTERNAÇÃO - TRAUMATO/ORTOPEDIA B;2019;5;3,272727272727273;2,4583333333333335
HMAL;UNIDADE DE INTERNAÇÃO - TRAUMATO/ORTOPEDIA B;2019;6;3,1818181818181817;2,4571428571428573
HMAL;UNIDADE DE INTERNAÇÃO - TRAUMATO/ORTOPEDIA B;2019;7;3,8181818181818183;2,511904761904761
HMAL;UNIDADE DE INTERNAÇÃO - TRAUMATO/ORTOPEDIA B;2019;8;2,772727272727273;3,59016393442623
HMAL;UNIDADE DE INTERNAÇÃO - TRAUMATO/ORTOPEDIA B;2019;9;2,772727272727273;3,901639344262295
HMAL;UNIDADE DE INTERNAÇÃO - TRAUMATO/ORTOPEDIA B;2019;10;3,590909090909091;3,2911392405063293
HMAL;UNIDADE DE INTERNAÇÃO - TRAUMATO/ORTOPEDIA B;2019;11;3,409090909090909;3,6533333333333333
HMAL;UNIDADE DE INTERNAÇÃO - TRAUMATO/ORTOPEDIA B;2019;12;2,8181818181818183;2,9838709677419346
HMAL;UNIDADE DE INTERNAÇÃO - TRAUMATO/ORTOPEDIA B;2020;1;3,409090909090909;3,933333333333333
HMAL;UNIDADE DE INTERNAÇÃO - TRAUMATO/ORTOPEDIA B;2020;2;3,5454545454545454;2,8205128205128203
HMAL;UNIDADE DE INTERNAÇÃO - TRAUMATO/ORTOPEDIA B;2020;3;3,1363636363636362;2,9420289855072457
HMAL;UNIDADE DE INTERNAÇÃO - TRAUMATO/ORTOPEDIA B;2020;4;3,4545454545454546;3,289473684210526
HMAL;UNIDADE DE INTERNAÇÃO - TRAUMATO/ORTOPEDIA B;2020;5;4,181818181818182;2,8043478260869565
HMAL;UNIDADE DE INTERNAÇÃO - TRAUMATO/ORTOPEDIA B;2020;6;4,0;2,068181818181818
HMAL;UNIDADE DE INTERNAÇÃO - TRAUMATO/ORTOPEDIA B;2020;7;3,6363636363636362;2,3874999999999997
HMAL;UNIDADE DE INTERNAÇÃO - TRAUMATO/ORTOPEDIA B;2020;8;3,772727272727273;2,3614457831325297
HMAL;UNIDADE DE INTERNAÇÃO - TRAUMATO/ORTOPEDIA B;2020;9;4,045454545454546;1,9438202247191008
HMAL;UNIDADE DE INTERNAÇÃO - TRAUMATO/ORTOPEDIA B;2020;10;4,818181818181818;1,8962264150943395
HMAL;UNIDADE DE INTERNAÇÃO - TRAUMATO/ORTOPEDIA B;2020;11;3,9545454545454546;2,0000000000000004
HMAL;UNIDADE DE INTERNAÇÃO - TRAUMATO/ORTOPEDIA B;2020;12;5,045454545454546;2,2162162162162162
HMAL;UNIDADE DE INTERNAÇÃO - TRAUMATO/ORTOPEDIA B;2021;1;4,409090909090909;1,8350515463917525
HMAL;UNIDADE DE INTERNAÇÃO - TRAUMATO/ORTOPEDIA B;2021;2;3,590909090909091;2,2531645569620258
HMAL;UNIDADE DE INTERNAÇÃO - TRAUMATO/ORTOPEDIA B;2021;3;4,0;1,875
HMAL;UNIDADE DE INTERNAÇÃO - TRAUMATO/ORTOPEDIA B;2021;4;4,363636363636363;1,7499999999999998
HMAL;UNIDADE DE INTERNAÇÃO - TRAUMATO/ORTOPEDIA B;2021;5;4,2727272727272725;1,8085106382978722
HMAL;UNIDADE DE INTERNAÇÃO - TRAUMATO/ORTOPEDIA B;2021;6;3,5;1,9999999999999993
HMAL;UNIDADE DE INTERNAÇÃO - TRAUMATO/ORTOPEDIA B;2021;7;4,181818181818182;1,6847826086956526
HMAL;UNIDADE DE INTERNAÇÃO - TRAUMATO/ORTOPEDIA B;2021;8;3,1818181818181817;2,2571428571428576
HMAL;UNIDADE DE INTERNAÇÃO - TRAUMATO/ORTOPEDIA B;2021;9;2,772727272727273;2,475409836065573
HMAL;UNIDADE DE INTERNAÇÃO - TRAUMATO/ORTOPEDIA B;2021;10;3,1818181818181817;2,714285714285714
HMAL;UNIDADE DE INTERNAÇÃO - TRAUMATO/ORTOPEDIA B;2021;11;2,909090909090909;2,734375
HMAL;UNIDADE DE INTERNAÇÃO - TRAUMATO/ORTOPEDIA B;2021;12;2,3846153846153846;5,84090909090909
HMAL;UNIDADE DE INTERNAÇÃO - TRAUMATO/ORTOPEDIA B;2022;2;2,707182320441989;4,371428571428571
HMAL;UNIDADE DE INTERNAÇÃO - TRAUMATO/ORTOPEDIA B;2022;3;2,8181818181818183;4,112903225806451
HMAL;UNIDADE DE INTERNAÇÃO - TRAUMATO/ORTOPEDIA B;2022;4;2,5454545454545454;3,3750000000000004
HMAL;UNIDADE DE INTERNAÇÃO - TRAUMATO/ORTOPEDIA B;2022;5;3,4857571214392804;3,1733333333333333
HMAL;UNIDADE DE INTERNAÇÃO - TRAUMATO/ORTOPEDIA B;2022;6;3,3486238532110093;2,397260273972603
HMAL;UNIDADE DE INTERNAÇÃO - TRAUMATO/ORTOPEDIA B;2022;7;5,0;1,1909090909090911
HMAL;UNIDADE DE INTERNAÇÃO - TRAUMATO/ORTOPEDIA B;2022;8;3,6818181818181817;1,3086419753086418
HMAL;UNIDADE DE INTERNAÇÃO - TRAUMATO/ORTOPEDIA B;2022;9;4,863636363636363;0,7850467289719629
HMAL;UNIDADE DE INTERNAÇÃO - TRAUMATO/ORTOPEDIA B;2022;10;4,0;1,7840909090909092
HMAL;UNIDADE DE INTERNAÇÃO - TRAUMATO/ORTOPEDIA B;2022;11;4,454545454545454;1,336734693877551
HMAL;UNIDADE DE INTERNAÇÃO - TRAUMATO/ORTOPEDIA B;2022;12;4,7727272727272725;1,19047619047619
HMAL;UNIDADE DE INTERNAÇÃO - TRAUMATO/ORTOPEDIA B;2023;1;5,2272727272727275;1,365217391304348
HMAL;UNIDADE DE INTERNAÇÃO - TRAUMATO/ORTOPEDIA B;2023;2;4,863636363636363;1,2336448598130842
HMAL;UNIDADE DE INTERNAÇÃO - TRAUMATO/ORTOPEDIA B;2023;3;8,357366771159874;0,6627906976744188
HMAL;UNIDADE DE INTERNAÇÃO - TRAUMATO/ORTOPEDIA B;2023;4;5,7727272727272725;0,9763779527559053
HMAL;UNIDADE DE INTERNAÇÃO - TRAUMATO/ORTOPEDIA B;2023;5;6,181818181818182;0,8823529411764703
HMAL;UNIDADE DE INTERNAÇÃO - TRAUMATO/ORTOPEDIA B;2023;6;8,272727272727273;0,725274725274725
HMAL;UNIDADE DE INTERNAÇÃO - TRAUMATO/ORTOPEDIA B;2023;7;5,818181818181818;0,9765624999999997
HMAL;UNIDADE DE INTERNAÇÃO - TRAUMATO/ORTOPEDIA B;2023;8;5,681818181818182;1,0159999999999998
HMAL;UNIDADE DE INTERNAÇÃO - TRAUMATO/ORTOPEDIA B;2023;9;4,909090909090909;1,2222222222222219
HMAL;UNIDADE DE INTERNAÇÃO - TRAUMATO/ORTOPEDIA B;2023;10;5,590909090909091;1,2601626016260163
HMAL;UNIDADE DE INTERNAÇÃO - TRAUMATO/ORTOPEDIA B;2023;11;6,2272727272727275;0,9927007299270074
HMAL;UNIDADE DE INTERNAÇÃO - TRAUMATO/ORTOPEDIA B;2023;12;6,909090909090909;0,8618421052631582
HMAL;UNIDADE DE INTERNAÇÃO - TRAUMATO/ORTOPEDIA B;2024;1;5,24963503649635;1,7499999999999998
HMAL;UNIDADE DE INTERNAÇÃO - TRAUMATO/ORTOPEDIA B;2024;2;4,5;1,363636363636364
HMAL;UNIDADE DE INTERNAÇÃO - TRAUMATO/ORTOPEDIA B;2024;3;5,5;0,9256198347107436
HMAL;UNIDADE DE INTERNAÇÃO - TRAUMATO/ORTOPEDIA B;2024;4;5,409090909090909;1,235294117647059
HMAL;UNIDADE DE INTERNAÇÃO - TRAUMATO/ORTOPEDIA B;2024;5;5,909090909090909;1,2307692307692308
HMAL;UNIDADE DE INTERNAÇÃO - TRAUMATO/ORTOPEDIA B;2024;6;5,318181818181818;1,7094017094017089
HMAL;UNIDADE DE INTERNAÇÃO - TRAUMATO/ORTOPEDIA B;2024;7;4,818181818181818;1,0377358490566035
HMAL;UNIDADE DE INTERNAÇÃO - TRAUMATO/ORTOPEDIA B;2024;8;5,636363636363637;1,7177419354838703
HMAL;UNIDADE DE INTERNAÇÃO - TRAUMATO/ORTOPEDIA B;2024;9;3,808049535603715;2,0000000000000004
HMAL;UNIDADE DE INTERNAÇÃO - TRAUMATO/ORTOPEDIA B;2024;10;5,761904761904762;1,3305785123966942
HMAL;UNIDADE DE INTERNAÇÃO - TRAUMATO/ORTOPEDIA B;2024;11;4,0476190476190474;3,458823529411765
HMAL;UNIDADE DE INTERNAÇÃO - TRAUMATO/ORTOPEDIA B;2024;12;3,9047619047619047;2,9146341463414642
HMAL;UNIDADE DE INTERNAÇÃO - TRAUMATO/ORTOPEDIA B;2025;1;2,8095238095238093;3,457627118644067
HMAL;UNIDADE DE INTERNAÇÃO - TRAUMATO/ORTOPEDIA B;2025;2;1,8095238095238095;10,131578947368421
HMAL;UNIDADE DE INTERNAÇÃO - TRAUMATO/ORTOPEDIA B;2025;3;1,8754448398576513;11,058823529411766
HMAL;UNIDADE DE INTERNAÇÃO - TRAUMATO/ORTOPEDIA B;2025;4;2,5;3,1363636363636362
HMAL;UNIDADE DE INTERNAÇÃO - TRAUMATO/ORTOPEDIA B;2025;5;4,129662522202486;2,0666666666666673
HMAL;UNIDADE DE INTERNAÇÃO - TRAUMATO/ORTOPEDIA B;2025;6;3,8121546961325965;1,7246376811594202
HMAL;UNIDADE DE INTERNAÇÃO - TRAUMATO/ORTOPEDIA B;2025;7;4,412811387900356;1,3125000000000002
HMAL;UNIDADE DE INTERNAÇÃO - TRAUMATO/ORTOPEDIA B;2025;8;3,9444444444444446;1,225352112676056
HMAL;UNIDADE DE INTERNAÇÃO - TRAUMATO/ORTOPEDIA B;2025;9;2,8280961182994453;2,0392156862745097
HMAL;UNIDADE DE INTERNAÇÃO - TRAUMATO/ORTOPEDIA B;2025;10;3,5555555555555554;1,9687500000000002
HMAL;UNIDADE DE INTERNAÇÃO - TRAUMATO/ORTOPEDIA B;2025;11;3,8333333333333335;2,3913043478260874
HMAL;UNIDADE DE INTERNAÇÃO - TRAUMATO/ORTOPEDIA B;2025;12;2,2696428571428573;6,341463414634147
HMAL;UNIDADE DE INTERNAÇÃO - TRAUMATO/ORTOPEDIA B;2026;1;4,412811387900356;1,9875000000000003
HMAL;UNIDADE DE INTERNAÇÃO - TRAUMATO/ORTOPEDIA B;2026;2;2,4444444444444446;6,795454545454546
HMAL;UNIDADE DE INTERNAÇÃO - TRAUMATO/ORTOPEDIA B;2026;3;2,788702928870293;5,697674418604651
HMAL;UNIDADE DE INTERNAÇÃO - TRAUMATO/ORTOPEDIA B;2026;4;3,5806451612903225;2,7837837837837838
HMAL;UNIDADE DE INTERNAÇÃO - TRAUMATO/ORTOPEDIA B;2026;5;3,6;5,388888888888888
HMAL;UNIDADE INTERNAÇÃO - BUCO TRAUMATO ORTOPEDIA 2º ANDAR;2019;1;2,3684210526315788;3,244444444444445
HMAL;UNIDADE INTERNAÇÃO - BUCO TRAUMATO ORTOPEDIA 2º ANDAR;2019;2;2,5789473684210527;3,0408163265306123
HMAL;UNIDADE INTERNAÇÃO - BUCO TRAUMATO ORTOPEDIA 2º ANDAR;2019;3;2,526315789473684;2,645833333333334
HMAL;UNIDADE INTERNAÇÃO - BUCO TRAUMATO ORTOPEDIA 2º ANDAR;2019;4;3,0;2,6315789473684217
HMAL;UNIDADE INTERNAÇÃO - BUCO TRAUMATO ORTOPEDIA 2º ANDAR;2019;5;3,5789473684210527;2,5147058823529407
HMAL;UNIDADE INTERNAÇÃO - BUCO TRAUMATO ORTOPEDIA 2º ANDAR;2019;6;3,0526315789473686;2,396551724137931
HMAL;UNIDADE INTERNAÇÃO - BUCO TRAUMATO ORTOPEDIA 2º ANDAR;2019;7;3,526315789473684;2,8507462686567155
HMAL;UNIDADE INTERNAÇÃO - BUCO TRAUMATO ORTOPEDIA 2º ANDAR;2019;8;2,9473684210526314;3,5535714285714284
HMAL;UNIDADE INTERNAÇÃO - BUCO TRAUMATO ORTOPEDIA 2º ANDAR;2019;9;3,3684210526315788;3,140625
HMAL;UNIDADE INTERNAÇÃO - BUCO TRAUMATO ORTOPEDIA 2º ANDAR;2019;10;3,3157894736842106;3,063492063492063
HMAL;UNIDADE INTERNAÇÃO - BUCO TRAUMATO ORTOPEDIA 2º ANDAR;2019;11;2,4210526315789473;3,7391304347826098
HMAL;UNIDADE INTERNAÇÃO - BUCO TRAUMATO ORTOPEDIA 2º ANDAR;2019;12;2,6842105263157894;3,5490196078431375
HMAL;UNIDADE INTERNAÇÃO - BUCO TRAUMATO ORTOPEDIA 2º ANDAR;2020;1;3,1052631578947367;2,9661016949152548
HMAL;UNIDADE INTERNAÇÃO - BUCO TRAUMATO ORTOPEDIA 2º ANDAR;2020;2;2,473684210526316;3,1489361702127656
HMAL;UNIDADE INTERNAÇÃO - BUCO TRAUMATO ORTOPEDIA 2º ANDAR;2020;3;2,9733570159857905;3,8333333333333326
HMAL;UNIDADE INTERNAÇÃO - BUCO TRAUMATO ORTOPEDIA 2º ANDAR;2020;6;4,4;2,181818181818181
HMAL;UNIDADE INTERNAÇÃO - BUCO TRAUMATO ORTOPEDIA 2º ANDAR;2020;7;4,087912087912088;2,216666666666666
HMAL;UNIDADE INTERNAÇÃO - BUCO TRAUMATO ORTOPEDIA 2º ANDAR;2020;8;3,6470588235294117;1,9354838709677415
HMAL;UNIDADE INTERNAÇÃO - BUCO TRAUMATO ORTOPEDIA 2º ANDAR;2020;9;3,764705882352941;1,6250000000000004
HMAL;UNIDADE INTERNAÇÃO - BUCO TRAUMATO ORTOPEDIA 2º ANDAR;2020;10;4,0588235294117645;1,5507246376811592
HMAL;UNIDADE INTERNAÇÃO - BUCO TRAUMATO ORTOPEDIA 2º ANDAR;2020;11;3,176470588235294;1,703703703703704
HMAL;UNIDADE INTERNAÇÃO - BUCO TRAUMATO ORTOPEDIA 2º ANDAR;2020;12;3,6470588235294117;3,790322580645162
HMAL;UNIDADE INTERNAÇÃO - BUCO TRAUMATO ORTOPEDIA 2º ANDAR;2021;1;0,5294117647058824;51,55555555555556
HMAL;UNIDADE INTERNAÇÃO - BUCO TRAUMATO ORTOPEDIA 2º ANDAR;2021;2;3,588235294117647;1,508196721311475
HMAL;UNIDADE INTERNAÇÃO - BUCO TRAUMATO ORTOPEDIA 2º ANDAR;2021;3;3,8823529411764706;1,727272727272727
HMAL;UNIDADE INTERNAÇÃO - BUCO TRAUMATO ORTOPEDIA 2º ANDAR;2021;4;3,4705882352941178;1,6271186440677965
HMAL;UNIDADE INTERNAÇÃO - BUCO TRAUMATO ORTOPEDIA 2º ANDAR;2021;5;3,823529411764706;1,4923076923076923
HMAL;UNIDADE INTERNAÇÃO - BUCO TRAUMATO ORTOPEDIA 2º ANDAR;2021;6;4,588235294117647;1,6410256410256412
HMAL;UNIDADE INTERNAÇÃO - BUCO TRAUMATO ORTOPEDIA 2º ANDAR;2021;7;3,2941176470588234;1,5357142857142858
HMAL;UNIDADE INTERNAÇÃO - BUCO TRAUMATO ORTOPEDIA 2º ANDAR;2021;8;3,823529411764706;2,3692307692307697
HMAL;UNIDADE INTERNAÇÃO - BUCO TRAUMATO ORTOPEDIA 2º ANDAR;2021;9;4,117647058823529;1,7142857142857146
HMAL;UNIDADE INTERNAÇÃO - BUCO TRAUMATO ORTOPEDIA 2º ANDAR;2021;10;3,764705882352941;2,4375
HMAL;UNIDADE INTERNAÇÃO - BUCO TRAUMATO ORTOPEDIA 2º ANDAR;2021;11;3,235294117647059;2,4363636363636356
HMAL;UNIDADE INTERNAÇÃO - BUCO TRAUMATO ORTOPEDIA 2º ANDAR;2021;12;4,4202626641651035;2,1184210526315783
HMAL;UNIDADE INTERNAÇÃO - BUCO TRAUMATO ORTOPEDIA 2º ANDAR;2022;1;3,319516407599309;2,4838709677419355
HMAL;UNIDADE INTERNAÇÃO - BUCO TRAUMATO ORTOPEDIA 2º ANDAR;2022;2;3,235294117647059;2,2545454545454544
HMAL;UNIDADE INTERNAÇÃO - BUCO TRAUMATO ORTOPEDIA 2º ANDAR;2022;3;5,294117647058823;2,177777777777778
HMAL;UNIDADE INTERNAÇÃO - BUCO TRAUMATO ORTOPEDIA 2º ANDAR;2022;4;4,705882352941177;2,5375
HMAL;UNIDADE INTERNAÇÃO - BUCO TRAUMATO ORTOPEDIA 2º ANDAR;2022;5;4,352941176470588;1,9459459459459456
HMAL;UNIDADE INTERNAÇÃO - BUCO TRAUMATO ORTOPEDIA 2º ANDAR;2022;6;4,068965517241379;1,932203389830508
HMAL;UNIDADE INTERNAÇÃO - BUCO TRAUMATO ORTOPEDIA 2º ANDAR;2025;12;0,5;
HMAL;UNIDADE INTERNAÇÃO - BUCO TRAUMATO ORTOPEDIA 2º ANDAR;2026;1;1,2916666666666667;
HRAD;ALOJAMENTO CONJUNTO;2019;1;9,529411764705882;0,6604938271604938
HRAD;ALOJAMENTO CONJUNTO;2019;2;9,294117647058824;0,4936708860759493
HRAD;ALOJAMENTO CONJUNTO;2019;3;8,941176470588236;0,7368421052631579
HRAD;ALOJAMENTO CONJUNTO;2019;4;8,294117647058824;1,0496453900709217
HRAD;ALOJAMENTO CONJUNTO;2019;5;8,235294117647058;0,7928571428571426
HRAD;ALOJAMENTO CONJUNTO;2019;6;9,411764705882353;0,9249999999999998
HRAD;ALOJAMENTO CONJUNTO;2019;7;9,117647058823529;0,7483870967741936
HRAD;ALOJAMENTO CONJUNTO;2019;8;7,588235294117647;1,0542635658914727
HRAD;ALOJAMENTO CONJUNTO;2019;9;7,411764705882353;1,2222222222222225
HRAD;ALOJAMENTO CONJUNTO;2019;10;7,705882352941177;1,3969465648854964
HRAD;ALOJAMENTO CONJUNTO;2019;11;7,764705882352941;1,5454545454545456
HRAD;ALOJAMENTO CONJUNTO;2019;12;8,588235294117647;1,095890410958904
HRAD;ALOJAMENTO CONJUNTO;2020;1;8,941176470588236;1,1973684210526316
HRAD;ALOJAMENTO CONJUNTO;2020;2;9,470588235294118;0,732919254658385
HRAD;ALOJAMENTO CONJUNTO;2020;3;9,647058823529411;0,774390243902439
HRAD;ALOJAMENTO CONJUNTO;2020;4;9,705882352941176;0,8060606060606058
HRAD;ALOJAMENTO CONJUNTO;2020;5;9,764705882352942;0,6506024096385543
HRAD;ALOJAMENTO CONJUNTO;2020;6;8,882352941176471;0,8940397350993375
HRAD;ALOJAMENTO CONJUNTO;2020;7;10,058823529411764;0,7660818713450291
HRAD;ALOJAMENTO CONJUNTO;2020;8;8,411764705882353;0,9440559440559444
HRAD;ALOJAMENTO CONJUNTO;2020;9;8,470588235294118;0,36111111111111094
HRAD;ALOJAMENTO CONJUNTO;2020;10;8,705882352941176;0,4999999999999999
HRAD;ALOJAMENTO CONJUNTO;2020;11;8,117647058823529;0,5362318840579712
HRAD;ALOJAMENTO CONJUNTO;2020;12;8,058823529411764;0,8540145985401462
HRAD;ALOJAMENTO CONJUNTO;2021;1;9,0;0,6209150326797387
HRAD;ALOJAMENTO CONJUNTO;2021;2;8,941176470588236;0,34868421052631593
HRAD;ALOJAMENTO CONJUNTO;2021;3;9,235294117647058;0,9426751592356691
HRAD;ALOJAMENTO CONJUNTO;2021;4;9,0;1,0457516339869282
HRAD;ALOJAMENTO CONJUNTO;2021;5;9,235294117647058;0,8662420382165605
HRAD;ALOJAMENTO CONJUNTO;2021;6;8,647058823529411;1,0748299319727892
HRAD;ALOJAMENTO CONJUNTO;2021;7;10,470588235294118;0,6179775280898877
HRAD;ALOJAMENTO CONJUNTO;2021;8;10,0;0,7588235294117647
HRAD;ALOJAMENTO CONJUNTO;2021;9;10,352941176470589;0,6590909090909091
HRAD;ALOJAMENTO CONJUNTO;2021;10;9,823529411764707;0,8083832335329343
HRAD;ALOJAMENTO CONJUNTO;2021;11;8,470588235294118;0,8055555555555555
HRAD;ALOJAMENTO CONJUNTO;2021;12;8,470588235294118;1,1944444444444446
HRAD;ALOJAMENTO CONJUNTO;2022;1;8,705882352941176;1,114864864864865
HRAD;ALOJAMENTO CONJUNTO;2022;2;7,823529411764706;0,48120300751879685
HRAD;ALOJAMENTO CONJUNTO;2022;3;9,764705882352942;0,319277108433735
HRAD;ALOJAMENTO CONJUNTO;2022;4;8,588235294117647;0,458904109589041
HRAD;ALOJAMENTO CONJUNTO;2022;5;8,823529411764707;0,7066666666666668
HRAD;ALOJAMENTO CONJUNTO;2022;6;7,9411764705882355;0,688888888888889
HRAD;ALOJAMENTO CONJUNTO;2022;7;8,117647058823529;1,333333333333333
HRAD;ALOJAMENTO CONJUNTO;2022;8;9,0;0,49019607843137264
HRAD;ALOJAMENTO CONJUNTO;2022;9;7,117647058823529;1,3801652892561982
HRAD;ALOJAMENTO CONJUNTO;2022;10;7,411764705882353;1,4206349206349203
HRAD;ALOJAMENTO CONJUNTO;2022;11;8,764705882352942;0,3691275167785233
HRAD;ALOJAMENTO CONJUNTO;2022;12;8,235294117647058;0,8785714285714287
HRAD;ALOJAMENTO CONJUNTO;2023;1;9,117647058823529;0,7354838709677418
HRAD;ALOJAMENTO CONJUNTO;2023;2;8,235294117647058;0,8357142857142859
HRAD;ALOJAMENTO CONJUNTO;2023;3;10,521212121212121;0,47023809523809534
HRAD;ALOJAMENTO CONJUNTO;2023;4;10,294117647058824;0,3714285714285714
HRAD;ALOJAMENTO CONJUNTO;2023;5;9,294117647058824;0,45569620253164544
HRAD;ALOJAMENTO CONJUNTO;2023;6;9,941176470588236;0,5088757396449702
HRAD;ALOJAMENTO CONJUNTO;2023;7;9,235294117647058;0,5796178343949047
HRAD;ALOJAMENTO CONJUNTO;2023;8;9,058823529411764;0,779220779220779
HRAD;ALOJAMENTO CONJUNTO;2023;9;10,235294117647058;0,4022988505747125
HRAD;ALOJAMENTO CONJUNTO;2023;10;9,647058823529411;0,7987804878048779
HRAD;ALOJAMENTO CONJUNTO;2023;11;7,470588235294118;1,3228346456692917
HRAD;ALOJAMENTO CONJUNTO;2023;12;9,294117647058824;1,018987341772152
HRAD;ALOJAMENTO CONJUNTO;2024;1;9,200378071833649;1,0445859872611465
HRAD;ALOJAMENTO CONJUNTO;2024;2;8,294117647058824;0,9078014184397163
HRAD;ALOJAMENTO CONJUNTO;2024;3;9,473887814313347;0,5379746835443038
HRAD;ALOJAMENTO CONJUNTO;2024;4;8,19253438113949;0,762589928057554
HRAD;ALOJAMENTO CONJUNTO;2024;5;9,352941176470589;0,42767295597484273
HRAD;ALOJAMENTO CONJUNTO;2024;6;9,404761904761905;0,3544303797468356
HRAD;ALOJAMENTO CONJUNTO;2024;7;7,882352941176471;1,2761194029850746
HRAD;ALOJAMENTO CONJUNTO;2024;8;8,647058823529411;0,48979591836734687
HRAD;ALOJAMENTO CONJUNTO;2024;9;9,235294117647058;0,6305732484076433
HRAD;ALOJAMENTO CONJUNTO;2024;10;8,588235294117647;1,0205479452054793
HRAD;ALOJAMENTO CONJUNTO;2024;11;9,470588235294118;0,608695652173913
HRAD;ALOJAMENTO CONJUNTO;2024;12;9,705882352941176;0,5818181818181817
HRAD;ALOJAMENTO CONJUNTO;2025;1;9,388571428571428;0,5094339622641507
HRAD;ALOJAMENTO CONJUNTO;2025;2;9,0;0,366013071895425
HRAD;ALOJAMENTO CONJUNTO;2025;3;10,529411764705882;0,4301675977653632
HRAD;ALOJAMENTO CONJUNTO;2025;4;9,647058823529411;0,652439024390244
HRAD;ALOJAMENTO CONJUNTO;2025;5;9,058823529411764;0,6298701298701299
HRAD;ALOJAMENTO CONJUNTO;2025;6;8,941176470588236;0,5000000000000001
HRAD;ALOJAMENTO CONJUNTO;2025;7;9,470588235294118;0,565217391304348
HRAD;ALOJAMENTO CONJUNTO;2025;8;8,411764705882353;0,825174825174825
HRAD;ALOJAMENTO CONJUNTO;2025;9;10,529411764705882;0,307262569832402
HRAD;ALOJAMENTO CONJUNTO;2025;10;8,941176470588236;0,611842105263158
HRAD;ALOJAMENTO CONJUNTO;2025;11;9,058823529411764;0,3961038961038962
HRAD;ALOJAMENTO CONJUNTO;2025;12;9,647058823529411;0,6280487804878048
HRAD;ALOJAMENTO CONJUNTO;2026;1;9,352941176470589;0,4465408805031448
HRAD;ALOJAMENTO CONJUNTO;2026;2;9,352941176470589;0,5974842767295596
HRAD;ALOJAMENTO CONJUNTO;2026;3;9,941176470588236;0,5502958579881658
HRAD;ALOJAMENTO CONJUNTO;2026;4;9,352941176470589;0,6603773584905663
HRAD;ALOJAMENTO CONJUNTO;2026;5;11,294117647058824;0,22916666666666669
HRAD;BLOCO OBSTÉTRICO;2019;1;4,428571428571429;
HRAD;BLOCO OBSTÉTRICO;2019;2;1,4736842105263157;
HRAD;BLOCO OBSTÉTRICO;2019;3;7,482758620689655;
HRAD;BLOCO OBSTÉTRICO;2019;4;4,090909090909091;
HRAD;BLOCO OBSTÉTRICO;2019;6;5,454545454545454;
HRAD;BLOCO OBSTÉTRICO;2019;7;1,1481481481481481;
HRAD;BLOCO OBSTÉTRICO;2019;8;2,066666666666667;
HRAD;BLOCO OBSTÉTRICO;2019;11;1,3636363636363635;
HRAD;BLOCO OBSTÉTRICO;2020;2;0,6590909090909091;
HRAD;BLOCO OBSTÉTRICO;2020;3;0,5961538461538461;
HRAD;BLOCO OBSTÉTRICO;2020;5;1,1272727272727272;
HRAD;BLOCO OBSTÉTRICO;2020;7;0,5166666666666667;
HRAD;BLOCO OBSTÉTRICO;2020;9;2,6785714285714284;
HRAD;BLOCO OBSTÉTRICO;2020;10;2,4313725490196076;
HRAD;BLOCO OBSTÉTRICO;2020;11;1,2;
HRAD;BLOCO OBSTÉTRICO;2020;12;0,5636363636363636;
HRAD;BLOCO OBSTÉTRICO;2021;1;1,087719298245614;
HRAD;BLOCO OBSTÉTRICO;2021;2;1,018181818181818;
HRAD;BLOCO OBSTÉTRICO;2021;3;1,55;
HRAD;BLOCO OBSTÉTRICO;2021;4;0,5882352941176471;
HRAD;BLOCO OBSTÉTRICO;2021;7;2,2142857142857144;
HRAD;BLOCO OBSTÉTRICO;2021;9;0,6521739130434783;
HRAD;BLOCO OBSTÉTRICO;2021;10;0,5740740740740741;
HRAD;BLOCO OBSTÉTRICO;2021;11;1,0169491525423728;
HRAD;BLOCO OBSTÉTRICO;2021;12;0,96875;
HRAD;BLOCO OBSTÉTRICO;2022;1;1,7884615384615385;
HRAD;BLOCO OBSTÉTRICO;2022;2;1,1666666666666667;
HRAD;BLOCO OBSTÉTRICO;2022;3;2,066666666666667;
HRAD;BLOCO OBSTÉTRICO;2022;4;2,727272727272727;
HRAD;BLOCO OBSTÉTRICO;2022;6;1,7647058823529411;
HRAD;BLOCO OBSTÉTRICO;2022;7;1,6607142857142858;
HRAD;BLOCO OBSTÉTRICO;2022;8;2,339622641509434;
HRAD;BLOCO OBSTÉTRICO;2022;9;0,6818181818181818;
HRAD;BLOCO OBSTÉTRICO;2022;12;2,8181818181818183;
HRAD;BLOCO OBSTÉTRICO;2023;1;2,90625;
HRAD;BLOCO OBSTÉTRICO;2023;2;0,4307692307692308;
HRAD;BLOCO OBSTÉTRICO;2023;3;1,1923076923076923;
HRAD;BLOCO OBSTÉTRICO;2023;4;2,5714285714285716;
HRAD;BLOCO OBSTÉTRICO;2023;5;6,027777777777778;
HRAD;BLOCO OBSTÉTRICO;2023;6;2,3076923076923075;
HRAD;BLOCO OBSTÉTRICO;2023;7;3,875;
HRAD;BLOCO OBSTÉTRICO;2023;8;2,8181818181818183;
HRAD;BLOCO OBSTÉTRICO;2023;9;3,75;
HRAD;BLOCO OBSTÉTRICO;2023;10;5,961538461538462;
HRAD;BLOCO OBSTÉTRICO;2023;11;3,0;
HRAD;BLOCO OBSTÉTRICO;2023;12;5,391304347826087;
HRAD;BLOCO OBSTÉTRICO;2024;1;2,5833333333333335;
HRAD;BLOCO OBSTÉTRICO;2024;2;2,6363636363636362;
HRAD;BLOCO OBSTÉTRICO;2024;3;3,4444444444444446;
HRAD;BLOCO OBSTÉTRICO;2024;4;5,0;
HRAD;BLOCO OBSTÉTRICO;2024;5;5,961538461538462;
HRAD;BLOCO OBSTÉTRICO;2024;6;2,3076923076923075;
HRAD;BLOCO OBSTÉTRICO;2024;8;1,3478260869565217;
HRAD;BLOCO OBSTÉTRICO;2024;11;1,3636363636363635;
HRAD;BLOCO OBSTÉTRICO;2024;12;1,0;
HRAD;BLOCO OBSTÉTRICO;2025;1;1,4761904761904763;
HRAD;BLOCO OBSTÉTRICO;2025;2;2,24;
HRAD;BLOCO OBSTÉTRICO;2025;3;2,2962962962962963;
HRAD;BLOCO OBSTÉTRICO;2025;5;1,7222222222222223;
HRAD;BLOCO OBSTÉTRICO;2025;6;3,75;
HRAD;BLOCO OBSTÉTRICO;2025;7;4,894736842105263;
HRAD;BLOCO OBSTÉTRICO;2025;8;1,9375;
HRAD;BLOCO OBSTÉTRICO;2025;11;1,0714285714285714;
HRAD;BLOCO OBSTÉTRICO;2026;3;1,631578947368421;
HRAD;BLOCO OBSTÉTRICO;2026;4;6,428571428571429;
HRAD;BLOCO OBSTÉTRICO;2026;5;2,066666666666667;
HRAD;OBSERVAÇÃO;2019;1;6,8699633699633695;
HRAD;OBSERVAÇÃO;2019;2;6,031620553359684;
HRAD;OBSERVAÇÃO;2019;3;5,970817120622568;
HRAD;OBSERVAÇÃO;2019;4;5,648148148148148;
HRAD;OBSERVAÇÃO;2019;5;9,165865384615385;
HRAD;OBSERVAÇÃO;2019;6;6,413793103448276;
HRAD;OBSERVAÇÃO;2019;7;5,011093502377179;
HRAD;OBSERVAÇÃO;2019;8;5,166666666666667;
HRAD;OBSERVAÇÃO;2019;9;5,152354570637119;
HRAD;OBSERVAÇÃO;2019;10;5,954802259887006;
HRAD;OBSERVAÇÃO;2019;11;5,657894736842105;
HRAD;OBSERVAÇÃO;2019;12;5,403169014084507;
HRAD;OBSERVAÇÃO;2020;1;5,5703125;
HRAD;OBSERVAÇÃO;2020;2;6,077557755775578;
HRAD;OBSERVAÇÃO;2020;3;4,982142857142857;
HRAD;OBSERVAÇÃO;2020;4;5,722543352601156;
HRAD;OBSERVAÇÃO;2020;5;5,451070336391437;
HRAD;OBSERVAÇÃO;2020;6;5,255474452554744;
HRAD;OBSERVAÇÃO;2020;7;6,0625;
HRAD;OBSERVAÇÃO;2020;8;7,096385542168675;
HRAD;OBSERVAÇÃO;2020;9;5,914742451154529;
HRAD;OBSERVAÇÃO;2020;10;6,364601769911505;
HRAD;OBSERVAÇÃO;2020;11;5,787037037037037;
HRAD;OBSERVAÇÃO;2020;12;6,612627986348123;
HRAD;OBSERVAÇÃO;2021;1;6,837383177570094;
HRAD;OBSERVAÇÃO;2021;2;6,392694063926941;
HRAD;OBSERVAÇÃO;2021;3;6,432671081677705;
HRAD;OBSERVAÇÃO;2021;4;6,90566037735849;
HRAD;OBSERVAÇÃO;2021;5;5,576219512195122;
HRAD;OBSERVAÇÃO;2021;6;6,111111111111111;
HRAD;OBSERVAÇÃO;2021;7;5,94949494949495;
HRAD;OBSERVAÇÃO;2021;8;5,756468797564688;
HRAD;OBSERVAÇÃO;2021;9;6,730038022813688;
HRAD;OBSERVAÇÃO;2021;10;5,880121396054628;
HRAD;OBSERVAÇÃO;2021;11;6,107784431137724;
HRAD;OBSERVAÇÃO;2021;12;6,442273534635879;
HRAD;OBSERVAÇÃO;2022;1;4,730923694779117;
HRAD;OBSERVAÇÃO;2022;2;6,109090909090909;
HRAD;OBSERVAÇÃO;2022;3;6,480225988700565;
HRAD;OBSERVAÇÃO;2022;4;6,111111111111111;
HRAD;OBSERVAÇÃO;2022;5;6,464231354642314;
HRAD;OBSERVAÇÃO;2022;6;5,227882037533512;
HRAD;OBSERVAÇÃO;2022;7;6,487135506003431;
HRAD;OBSERVAÇÃO;2022;8;7,400667779632721;
HRAD;OBSERVAÇÃO;2022;9;7,874186550976138;
HRAD;OBSERVAÇÃO;2022;10;7,75;
HRAD;UNIDADE DE DECISAO CLINICA;2022;9;1,4285714285714286;7,499999999999998
HRAD;UNIDADE DE DECISAO CLINICA;2022;10;4,128140703517588;-0,3018867924528299
HRAD;UNIDADE DE DECISAO CLINICA;2022;11;4,561186650185414;-1,4471544715447153
HRAD;UNIDADE DE DECISAO CLINICA;2022;12;4,9151599443671765;-0,07017543859649117
HRAD;UNIDADE DE DECISAO CLINICA;2023;1;5,584856396866841;-0,7681159420289853
HRAD;UNIDADE DE DECISAO CLINICA;2023;2;4,967741935483871;-0,6859504132231407
HRAD;UNIDADE DE DECISAO CLINICA;2023;3;6,208563535911602;-1,1931034482758618
HRAD;UNIDADE DE DECISAO CLINICA;2023;4;6,27906976744186;-1,3395061728395063
HRAD;UNIDADE DE DECISAO CLINICA;2023;5;5,447534766118837;-0,8992805755395681
HRAD;UNIDADE DE DECISAO CLINICA;2023;6;5,535055350553505;-1,4333333333333336
HRAD;UNIDADE DE DECISAO CLINICA;2023;7;4,915106117353308;-0,4330708661417321
HRAD;UNIDADE DE DECISAO CLINICA;2023;8;5,412698412698413;-1,0000000000000002
HRAD;UNIDADE DE DECISAO CLINICA;2023;9;4,981549815498155;-0,8296296296296299
HRAD;UNIDADE DE DECISAO CLINICA;2023;10;5,338479809976247;-0,6206896551724136
HRAD;UNIDADE DE DECISAO CLINICA;2023;11;4,938118811881188;-0,6541353383458645
HRAD;UNIDADE DE DECISAO CLINICA;2023;12;5,346153846153846;-0,1079136690647483
HRAD;UNIDADE DE DECISAO CLINICA;2024;1;5,601003764115433;-0,590277777777778
HRAD;UNIDADE DE DECISAO CLINICA;2024;2;4,224409448818897;-0,36036036036036057
HRAD;UNIDADE DE DECISAO CLINICA;2024;3;5,62532637075718;-0,20143884892086314
HRAD;UNIDADE DE DECISAO CLINICA;2024;4;4,845869297163995;-1,633587786259542
HRAD;UNIDADE DE DECISAO CLINICA;2024;5;5,396028037383178;-1,2617449664429534
HRAD;UNIDADE DE DECISAO CLINICA;2024;6;5,649582836710369;-0,943037974683544
HRAD;UNIDADE DE DECISAO CLINICA;2024;7;4,763020833333333;0,05084745762711859
HRAD;UNIDADE DE DECISAO CLINICA;2024;8;4,887387387387387;1,171428571428571
HRAD;UNIDADE DE DECISAO CLINICA;2024;9;4,978540772532189;0,8103448275862067
HRAD;UNIDADE DE DECISAO CLINICA;2024;10;5,28951048951049;0,8360655737704918
HRAD;UNIDADE DE DECISAO CLINICA;2024;11;4,80794701986755;-0,3471074380165286
HRAD;UNIDADE DE DECISAO CLINICA;2024;12;5,296688741721854;-0,023255813953488566
HRAD;UNIDADE DE DECISAO CLINICA;2025;1;5,193717277486911;-0,30468749999999994
HRAD;UNIDADE DE DECISAO CLINICA;2025;2;4,48;-0,12037037037037061
HRAD;UNIDADE DE DECISAO CLINICA;2025;3;4,660402684563758;-0,14285714285714274
HRAD;UNIDADE DE DECISAO CLINICA;2025;4;4,273255813953488;0,19387755102040802
HRAD;UNIDADE DE DECISAO CLINICA;2025;5;4,631224764468372;-0,22522522522522478
HRAD;UNIDADE DE DECISAO CLINICA;2025;6;5,780189959294437;-0,5774647887323945
HRAD;UNIDADE DE DECISAO CLINICA;2025;7;4,977806788511749;-0,07317073170731679
HRAD;UNIDADE DE DECISAO CLINICA;2025;8;4,939774153074028;-0,44094488188976344
HRAD;UNIDADE DE DECISAO CLINICA;2025;9;4,672774869109948;-0,2941176470588238
HRAD;UNIDADE DE DECISAO CLINICA;2025;10;5,128395061728395;-0,11194029850746279
HRAD;UNIDADE DE DECISAO CLINICA;2025;11;4,535809018567639;-0,11403508771929831
HRAD;UNIDADE DE DECISAO CLINICA;2025;12;3,788436268068331;1,2903225806451613
HRAD;UNIDADE DE DECISAO CLINICA;2026;1;5,0;-0,17600000000000027
HRAD;UNIDADE DE DECISAO CLINICA;2026;2;3,5054095826893352;0,9382716049382712
HRAD;UNIDADE DE DECISAO CLINICA;2026;3;4,645994832041343;-0,03448275862068963
HRAD;UNIDADE DE DECISAO CLINICA;2026;4;4,596100278551532;-0,28181818181818225
HRAD;UNIDADE DE DECISAO CLINICA;2026;5;5,626589595375722;-1,4777070063694269
HRAD;UNIDADE INTERNAÇÃO - CIRURGIA GERAL;2019;1;5,0;0,7416666666666666
HRAD;UNIDADE INTERNAÇÃO - CIRURGIA GERAL;2019;2;5,125;0,9837398373983741
HRAD;UNIDADE INTERNAÇÃO - CIRURGIA GERAL;2019;3;5,375;1,1085271317829462
HRAD;UNIDADE INTERNAÇÃO - CIRURGIA GERAL;2019;4;5,083333333333333;1,4098360655737707
HRAD;UNIDADE INTERNAÇÃO - CIRURGIA GERAL;2019;5;5,0;0,9249999999999999
HRAD;UNIDADE INTERNAÇÃO - CIRURGIA GERAL;2019;6;4,833333333333333;0,9827586206896551
HRAD;UNIDADE INTERNAÇÃO - CIRURGIA GERAL;2019;7;5,416666666666667;0,9615384615384613
HRAD;UNIDADE INTERNAÇÃO - CIRURGIA GERAL;2019;8;4,958333333333333;0,8319327731092437
HRAD;UNIDADE INTERNAÇÃO - CIRURGIA GERAL;2019;9;4,75;0,8947368421052636
HRAD;UNIDADE INTERNAÇÃO - CIRURGIA GERAL;2019;10;3,5833333333333335;0,4418604651162787
HRAD;UNIDADE INTERNAÇÃO - CIRURGIA GERAL;2019;11;4,041666666666667;0,7731958762886595
HRAD;UNIDADE INTERNAÇÃO - CIRURGIA GERAL;2019;12;3,0416666666666665;5,397260273972601
HRAD;UNIDADE INTERNAÇÃO - CIRURGIA GERAL;2020;1;2,0833333333333335;9,08
HRAD;UNIDADE INTERNAÇÃO - CIRURGIA GERAL;2020;2;2,3333333333333335;7,321428571428569
HRAD;UNIDADE INTERNAÇÃO - CIRURGIA GERAL;2020;3;3,8333333333333335;2,521739130434782
HRAD;UNIDADE INTERNAÇÃO - CIRURGIA GERAL;2020;4;3,3333333333333335;1,0125000000000004
HRAD;UNIDADE INTERNAÇÃO - CIRURGIA GERAL;2020;5;4,297935103244837;0,7021276595744683
HRAD;UNIDADE INTERNAÇÃO - CIRURGIA GERAL;2020;6;4,222222222222222;0,31578947368421023
HRAD;UNIDADE INTERNAÇÃO - CIRURGIA GERAL;2020;7;2,7777777777777777;0,6800000000000003
HRAD;UNIDADE INTERNAÇÃO - CIRURGIA GERAL;2020;8;3,888888888888889;0,3142857142857146
HRAD;UNIDADE INTERNAÇÃO - CIRURGIA GERAL;2020;9;2,7777777777777777;0,11999999999999957
HRAD;UNIDADE INTERNAÇÃO - CIRURGIA GERAL;2020;10;3,5555555555555554;0,40624999999999994
HRAD;UNIDADE INTERNAÇÃO - CIRURGIA GERAL;2020;11;2,7777777777777777;0,3200000000000005
HRAD;UNIDADE INTERNAÇÃO - CIRURGIA GERAL;2020;12;3,111111111111111;0,1428571428571431
HRAD;UNIDADE INTERNAÇÃO - CIRURGIA GERAL;2021;1;2,6666666666666665;0,45833333333333376
HRAD;UNIDADE INTERNAÇÃO - CIRURGIA GERAL;2021;2;3,111111111111111;0,42857142857142905
HRAD;UNIDADE INTERNAÇÃO - CIRURGIA GERAL;2021;3;4,444444444444445;0,6000000000000002
HRAD;UNIDADE INTERNAÇÃO - CIRURGIA GERAL;2021;4;2,6666666666666665;0,29166666666666646
HRAD;UNIDADE INTERNAÇÃO - CIRURGIA GERAL;2021;5;2,2222222222222223;0,0999999999999994
HRAD;UNIDADE INTERNAÇÃO - CIRURGIA GERAL;2021;6;3,5555555555555554;0,15624999999999975
HRAD;UNIDADE INTERNAÇÃO - CIRURGIA GERAL;2021;7;3,5555555555555554;0,18749999999999983
HRAD;UNIDADE INTERNAÇÃO - CIRURGIA GERAL;2021;8;3,888888888888889;0,28571428571428575
HRAD;UNIDADE INTERNAÇÃO - CIRURGIA GERAL;2021;9;4,111111111111111;0,32432432432432395
HRAD;UNIDADE INTERNAÇÃO - CIRURGIA GERAL;2021;10;2,111111111111111;0,5789473684210531
HRAD;UNIDADE INTERNAÇÃO - CIRURGIA GERAL;2021;11;3,366336633663366;2,794117647058824
HRAD;UNIDADE INTERNAÇÃO - CIRURGIA GERAL;2021;12;4,095238095238095;1,7906976744186045
HRAD;UNIDADE INTERNAÇÃO - CIRURGIA GERAL;2022;1;4,238095238095238;2,6404494382022476
HRAD;UNIDADE INTERNAÇÃO - CIRURGIA GERAL;2022;2;4,928838951310861;1,638297872340426
HRAD;UNIDADE INTERNAÇÃO - CIRURGIA GERAL;2022;3;3,8333333333333335;1,3913043478260867
HRAD;UNIDADE INTERNAÇÃO - CIRURGIA GERAL;2022;4;5,277777777777778;1,231578947368421
HRAD;UNIDADE INTERNAÇÃO - CIRURGIA GERAL;2022;5;4,722222222222222;1,8941176470588237
HRAD;UNIDADE INTERNAÇÃO - CIRURGIA GERAL;2022;6;3,712230215827338;2,6511627906976747
HRAD;UNIDADE INTERNAÇÃO - CIRURGIA GERAL;2022;7;2,6144578313253013;3,920634920634921
HRAD;UNIDADE INTERNAÇÃO - CIRURGIA GERAL;2022;8;3,7106060606060605;1,20253164556962
HRAD;UNIDADE INTERNAÇÃO - CIRURGIA GERAL;2022;9;3,05;2,0000000000000004
HRAD;UNIDADE INTERNAÇÃO - CIRURGIA GERAL;2022;10;0,5166666666666667;55,0
HRAD;UNIDADE INTERNAÇÃO - CLINICA CIRURGICA;2022;9;3,0681818181818183;6,333333333333333
HRAD;UNIDADE INTERNAÇÃO - CLINICA CIRURGICA;2022;10;3,1666666666666665;2,894736842105263
HRAD;UNIDADE INTERNAÇÃO - CLINICA CIRURGICA;2022;11;3,375;2,1728395061728394
HRAD;UNIDADE INTERNAÇÃO - CLINICA CIRURGICA;2022;12;3,5;2,821428571428572
HRAD;UNIDADE INTERNAÇÃO - CLINICA CIRURGICA;2023;1;3,25;2,487179487179487
HRAD;UNIDADE INTERNAÇÃO - CLINICA CIRURGICA;2023;2;3,484978540772532;1,1494252873563222
HRAD;UNIDADE INTERNAÇÃO - CLINICA CIRURGICA;2023;3;4,190344827586207;0,5510204081632653
HRAD;UNIDADE INTERNAÇÃO - CLINICA CIRURGICA;2023;4;3,96;0,818181818181818
HRAD;UNIDADE INTERNAÇÃO - CLINICA CIRURGICA;2023;5;4,48;0,7678571428571429
HRAD;UNIDADE INTERNAÇÃO - CLINICA CIRURGICA;2023;6;4,12;0,9611650485436894
HRAD;UNIDADE INTERNAÇÃO - CLINICA CIRURGICA;2023;7;3,92;1,040816326530612
HRAD;UNIDADE INTERNAÇÃO - CLINICA CIRURGICA;2023;8;3,44;0,6279069767441863
HRAD;UNIDADE INTERNAÇÃO - CLINICA CIRURGICA;2023;9;4,56;1,0175438596491224
HRAD;UNIDADE INTERNAÇÃO - CLINICA CIRURGICA;2023;10;3,6;1,088888888888889
HRAD;UNIDADE INTERNAÇÃO - CLINICA CIRURGICA;2023;11;4,12;0,7184466019417476
HRAD;UNIDADE INTERNAÇÃO - CLINICA CIRURGICA;2023;12;4,72;1,050847457627119
HRAD;UNIDADE INTERNAÇÃO - CLINICA CIRURGICA;2024;1;4,02960102960103;1,128712871287129
HRAD;UNIDADE INTERNAÇÃO - CLINICA CIRURGICA;2024;2;4,12;1,1747572815533984
HRAD;UNIDADE INTERNAÇÃO - CLINICA CIRURGICA;2024;3;3,92;0,8061224489795917
HRAD;UNIDADE INTERNAÇÃO - CLINICA CIRURGICA;2024;4;4,309165526675787;0,5809523809523809
HRAD;UNIDADE INTERNAÇÃO - CLINICA CIRURGICA;2024;5;3,7537414965986393;0,685393258426966
HRAD;UNIDADE INTERNAÇÃO - CLINICA CIRURGICA;2024;6;3,202247191011236;0,921052631578947
HRAD;UNIDADE INTERNAÇÃO - CLINICA CIRURGICA;2024;7;3,9921156373193165;0,6224489795918372
HRAD;UNIDADE INTERNAÇÃO - CLINICA CIRURGICA;2024;8;4,756827048114435;0,7203389830508474
HRAD;UNIDADE INTERNAÇÃO - CLINICA CIRURGICA;2024;9;4,32;0,703703703703704
HRAD;UNIDADE INTERNAÇÃO - CLINICA CIRURGICA;2024;10;4,72;0,525423728813559
HRAD;UNIDADE INTERNAÇÃO - CLINICA CIRURGICA;2024;11;3,84;0,3645833333333331
HRAD;UNIDADE INTERNAÇÃO - CLINICA CIRURGICA;2024;12;4,2;0,828571428571429
HRAD;UNIDADE INTERNAÇÃO - CLINICA CIRURGICA;2025;1;4,52;1,061946902654867
HRAD;UNIDADE INTERNAÇÃO - CLINICA CIRURGICA;2025;2;3,72;0,2795698924731183
HRAD;UNIDADE INTERNAÇÃO - CLINICA CIRURGICA;2025;3;4,6;0,5739130434782612
HRAD;UNIDADE INTERNAÇÃO - CLINICA CIRURGICA;2025;4;5,12;0,7734375
HRAD;UNIDADE INTERNAÇÃO - CLINICA CIRURGICA;2025;5;4,4;0,472727272727273
HRAD;UNIDADE INTERNAÇÃO - CLINICA CIRURGICA;2025;6;3,88;0,9587628865979382
HRAD;UNIDADE INTERNAÇÃO - CLINICA CIRURGICA;2025;7;5,0;1,08
HRAD;UNIDADE INTERNAÇÃO - CLINICA CIRURGICA;2025;8;4,12;1,5048543689320384
HRAD;UNIDADE INTERNAÇÃO - CLINICA CIRURGICA;2025;9;4,52;1,5486725663716807
HRAD;UNIDADE INTERNAÇÃO - CLINICA CIRURGICA;2025;10;5,08;1,1968503937007877
HRAD;UNIDADE INTERNAÇÃO - CLINICA CIRURGICA;2025;11;4,92;0,699186991869919
HRAD;UNIDADE INTERNAÇÃO - CLINICA CIRURGICA;2025;12;4,56;0,8421052631578948
HRAD;UNIDADE INTERNAÇÃO - CLINICA CIRURGICA;2026;1;4,76;0,6554621848739491
HRAD;UNIDADE INTERNAÇÃO - CLINICA CIRURGICA;2026;2;4,4;0,9727272727272722
HRAD;UNIDADE INTERNAÇÃO - CLINICA CIRURGICA;2026;3;4,56;0,8596491228070176
HRAD;UNIDADE INTERNAÇÃO - CLINICA CIRURGICA;2026;4;5,2;1,0230769230769232
HRAD;UNIDADE INTERNAÇÃO - CLINICA CIRURGICA;2026;5;4,52;0,8141592920353979
HRAD;UNIDADE INTERNAÇÃO - CLINICA MÉDICA;2019;1;2,269230769230769;0,7796610169491522
HRAD;UNIDADE INTERNAÇÃO - CLINICA MÉDICA;2019;2;2,8846153846153846;0,3733333333333331
HRAD;UNIDADE INTERNAÇÃO - CLINICA MÉDICA;2019;3;2,8846153846153846;0,44
HRAD;UNIDADE INTERNAÇÃO - CLINICA MÉDICA;2019;4;2,5384615384615383;0,8636363636363632
HRAD;UNIDADE INTERNAÇÃO - CLINICA MÉDICA;2019;5;2,769230769230769;0,4027777777777772
HRAD;UNIDADE INTERNAÇÃO - CLINICA MÉDICA;2019;6;2,3461538461538463;0,508196721311475
HRAD;UNIDADE INTERNAÇÃO - CLINICA MÉDICA;2019;7;2,730769230769231;0,2957746478873236
HRAD;UNIDADE INTERNAÇÃO - CLINICA MÉDICA;2019;8;2,576923076923077;0,40298507462686617
HRAD;UNIDADE INTERNAÇÃO - CLINICA MÉDICA;2019;9;2,423076923076923;0,587301587301588
HRAD;UNIDADE INTERNAÇÃO - CLINICA MÉDICA;2019;10;1,8461538461538463;0,6041666666666659
HRAD;UNIDADE INTERNAÇÃO - CLINICA MÉDICA;2019;11;2,3461538461538463;0,32786885245901665
HRAD;UNIDADE INTERNAÇÃO - CLINICA MÉDICA;2019;12;2,0384615384615383;0,9433962264150948
HRAD;UNIDADE INTERNAÇÃO - CLINICA MÉDICA;2020;1;2,269230769230769;1,644067796610169
HRAD;UNIDADE INTERNAÇÃO - CLINICA MÉDICA;2020;2;2,8461538461538463;0,6891891891891887
HRAD;UNIDADE INTERNAÇÃO - CLINICA MÉDICA;2020;3;2,230769230769231;4,793103448275863
HRAD;UNIDADE INTERNAÇÃO - CLINICA MÉDICA;2020;4;0,2692307692307692;104,0
HRAD;UNIDADE INTERNAÇÃO - CLINICA MÉDICA;2020;5;2,546854942233633;5,187499999999999
HRAD;UNIDADE INTERNAÇÃO - CLINICA MÉDICA;2020;6;2,4;3,4000000000000004
HRAD;UNIDADE INTERNAÇÃO - CLINICA MÉDICA;2020;7;2,52;2,968253968253969
HRAD;UNIDADE INTERNAÇÃO - CLINICA MÉDICA;2020;8;2,48;3,2419354838709684
HRAD;UNIDADE INTERNAÇÃO - CLINICA MÉDICA;2020;9;2,68;3,6119402985074625
HRAD;UNIDADE INTERNAÇÃO - CLINICA MÉDICA;2020;10;2,8;3,7714285714285722
HRAD;UNIDADE INTERNAÇÃO - CLINICA MÉDICA;2020;11;2,56;4,468749999999999
HRAD;UNIDADE INTERNAÇÃO - CLINICA MÉDICA;2020;12;1,92;6,25
HRAD;UNIDADE INTERNAÇÃO - CLINICA MÉDICA;2021;1;2,96;4,1756756756756745
HRAD;UNIDADE INTERNAÇÃO - CLINICA MÉDICA;2021;2;2,28;3,578947368421054
HRAD;UNIDADE INTERNAÇÃO - CLINICA MÉDICA;2021;3;2,4;4,366666666666666
HRAD;UNIDADE INTERNAÇÃO - CLINICA MÉDICA;2021;4;2,12;4,226415094339622
HRAD;UNIDADE INTERNAÇÃO - CLINICA MÉDICA;2021;5;1,6;6,674999999999998
HRAD;UNIDADE INTERNAÇÃO - CLINICA MÉDICA;2021;6;1,64;6,7560975609756095
HRAD;UNIDADE INTERNAÇÃO - CLINICA MÉDICA;2021;7;2,4;4,616666666666667
HRAD;UNIDADE INTERNAÇÃO - CLINICA MÉDICA;2021;8;2,16;4,88888888888889
HRAD;UNIDADE INTERNAÇÃO - CLINICA MÉDICA;2021;9;2,44;4,999999999999999
HRAD;UNIDADE INTERNAÇÃO - CLINICA MÉDICA;2021;10;1,92;5,729166666666667
HRAD;UNIDADE INTERNAÇÃO - CLINICA MÉDICA;2021;11;2,216494845360825;2,44186046511628
HRAD;UNIDADE INTERNAÇÃO - CLINICA MÉDICA;2021;12;1,9473684210526316;3,1351351351351346
HRAD;UNIDADE INTERNAÇÃO - CLINICA MÉDICA;2022;1;2,473684210526316;1,7659574468085106
HRAD;UNIDADE INTERNAÇÃO - CLINICA MÉDICA;2022;2;3,2013651877133107;1,8656716417910442
HRAD;UNIDADE INTERNAÇÃO - CLINICA MÉDICA;2022;3;2,4545454545454546;4,018518518518519
HRAD;UNIDADE INTERNAÇÃO - CLINICA MÉDICA;2022;4;2,409090909090909;4,3773584905660385
HRAD;UNIDADE INTERNAÇÃO - CLINICA MÉDICA;2022;5;2,1363636363636362;4,319148936170213
HRAD;UNIDADE INTERNAÇÃO - CLINICA MÉDICA;2022;6;1,6890080428954424;6,880952380952383
HRAD;UNIDADE INTERNAÇÃO - CLINICA MÉDICA;2022;7;2,1604538087520258;2,744186046511627
HRAD;UNIDADE INTERNAÇÃO - CLINICA MÉDICA;2022;8;1,5294117647058822;0,7692307692307694
HRAD;UNIDADE INTERNAÇÃO - CLINICA MÉDICA;2022;9;3,2941176470588234;1,4999999999999998
HRAD;UNIDADE INTERNAÇÃO - CLINICA MÉDICA;2022;10;2,411764705882353;1,0487804878048774
HRAD;UNIDADE INTERNAÇÃO - CLINICA MÉDICA;2022;11;2,4705882352941178;1,3333333333333341
HRAD;UNIDADE INTERNAÇÃO - CLINICA MÉDICA;2022;12;3,3529411764705883;1,473684210526316
HRAD;UNIDADE INTERNAÇÃO - CLINICA MÉDICA;2023;1;3,6470588235294117;1,080645161290322
HRAD;UNIDADE INTERNAÇÃO - CLINICA MÉDICA;2023;2;3,0;1,0392156862745106
HRAD;UNIDADE INTERNAÇÃO - CLINICA MÉDICA;2023;3;2,892494929006085;0,3695652173913039
HRAD;UNIDADE INTERNAÇÃO - CLINICA MÉDICA;2023;4;2,6470588235294117;1,266666666666667
HRAD;UNIDADE INTERNAÇÃO - CLINICA MÉDICA;2023;5;2,9411764705882355;0,4799999999999999
HRAD;UNIDADE INTERNAÇÃO - CLINICA MÉDICA;2023;6;3,0;0,7058823529411763
HRAD;UNIDADE INTERNAÇÃO - CLINICA MÉDICA;2023;7;3,2941176470588234;0,517857142857143
HRAD;UNIDADE INTERNAÇÃO - CLINICA MÉDICA;2023;8;3,0;0,17647058823529424
HRAD;UNIDADE INTERNAÇÃO - CLINICA MÉDICA;2023;9;3,411764705882353;0,7931034482758622
HRAD;UNIDADE INTERNAÇÃO - CLINICA MÉDICA;2023;10;3,1176470588235294;0,7169811320754722
HRAD;UNIDADE INTERNAÇÃO - CLINICA MÉDICA;2023;11;2,558139534883721;2,072727272727273
HRAD;UNIDADE INTERNAÇÃO - CLINICA MÉDICA;2023;12;2,3461538461538463;4,114754098360656
HRAD;UNIDADE INTERNAÇÃO - CLINICA MÉDICA;2024;1;3,0;2,9230769230769234
HRAD;UNIDADE INTERNAÇÃO - CLINICA MÉDICA;2024;2;1,6153846153846154;4,8809523809523805
HRAD;UNIDADE INTERNAÇÃO - CLINICA MÉDICA;2024;3;2,534059945504087;2,5166666666666666
HRAD;UNIDADE INTERNAÇÃO - CLINICA MÉDICA;2024;4;3,338954468802698;0,3787878787878791
HRAD;UNIDADE INTERNAÇÃO - CLINICA MÉDICA;2024;5;2,854604200323102;0,508771929824561
HRAD;UNIDADE INTERNAÇÃO - CLINICA MÉDICA;2024;6;3,2542372881355934;0,6093749999999996
HRAD;UNIDADE INTERNAÇÃO - CLINICA MÉDICA;2024;7;3,209809264305177;0,49999999999999983
HRAD;UNIDADE INTERNAÇÃO - CLINICA MÉDICA;2024;8;3,4401496259351623;0,9887640449438208
HRAD;UNIDADE INTERNAÇÃO - CLINICA MÉDICA;2024;9;3,269230769230769;0,48235294117647093
HRAD;UNIDADE INTERNAÇÃO - CLINICA MÉDICA;2024;10;3,730769230769231;1,2371134020618553
HRAD;UNIDADE INTERNAÇÃO - CLINICA MÉDICA;2024;11;3,5;0,8021978021978022
HRAD;UNIDADE INTERNAÇÃO - CLINICA MÉDICA;2024;12;3,1153846153846154;0,5432098765432094
HRAD;UNIDADE INTERNAÇÃO - CLINICA MÉDICA;2025;1;3,0;0,5256410256410254
HRAD;UNIDADE INTERNAÇÃO - CLINICA MÉDICA;2025;2;2,3076923076923075;0,46666666666666634
HRAD;UNIDADE INTERNAÇÃO - CLINICA MÉDICA;2025;3;3,423076923076923;0,5393258426966293
HRAD;UNIDADE INTERNAÇÃO - CLINICA MÉDICA;2025;4;3,576923076923077;0,5591397849462364
HRAD;UNIDADE INTERNAÇÃO - CLINICA MÉDICA;2025;5;4,1923076923076925;0,4495412844036694
HRAD;UNIDADE INTERNAÇÃO - CLINICA MÉDICA;2025;6;3,230769230769231;0,5476190476190477
HRAD;UNIDADE INTERNAÇÃO - CLINICA MÉDICA;2025;7;3,123134328358209;1,9012345679012341
HRAD;UNIDADE INTERNAÇÃO - CLINICA MÉDICA;2025;8;3,3461538461538463;0,08045977011494278
HRAD;UNIDADE INTERNAÇÃO - CLINICA MÉDICA;2025;9;4,076923076923077;0,6320754716981134
HRAD;UNIDADE INTERNAÇÃO - CLINICA MÉDICA;2025;10;4,423076923076923;0,9478260869565218
HRAD;UNIDADE INTERNAÇÃO - CLINICA MÉDICA;2025;11;4,153846153846154;0,5740740740740744
HRAD;UNIDADE INTERNAÇÃO - CLINICA MÉDICA;2025;12;4,576923076923077;1,0084033613445376
HRAD;UNIDADE INTERNAÇÃO - CLINICA MÉDICA;2026;1;4,3076923076923075;0,6785714285714286
HRAD;UNIDADE INTERNAÇÃO - CLINICA MÉDICA;2026;2;3,423076923076923;0,5617977528089886
HRAD;UNIDADE INTERNAÇÃO - CLINICA MÉDICA;2026;3;3,6153846153846154;0,6382978723404258
HRAD;UNIDADE INTERNAÇÃO - CLINICA MÉDICA;2026;4;3,6923076923076925;0,5416666666666665
HRAD;UNIDADE INTERNAÇÃO - CLINICA MÉDICA;2026;5;3,269230769230769;0,7529411764705879
HRAD;UNIDADE INTERNAÇÃO - CLINICA ORTOPÉDICA;2019;1;3,44;0,48837209302325585
HRAD;UNIDADE INTERNAÇÃO - CLINICA ORTOPÉDICA;2019;2;3,16;0,46835443037974656
HRAD;UNIDADE INTERNAÇÃO - CLINICA ORTOPÉDICA;2019;3;4,48;0,6250000000000001
HRAD;UNIDADE INTERNAÇÃO - CLINICA ORTOPÉDICA;2019;4;2,88;0,444444444444444
HRAD;UNIDADE INTERNAÇÃO - CLINICA ORTOPÉDICA;2019;5;3,36;0,39285714285714307
HRAD;UNIDADE INTERNAÇÃO - CLINICA ORTOPÉDICA;2019;6;3,64;0,56043956043956
HRAD;UNIDADE INTERNAÇÃO - CLINICA ORTOPÉDICA;2019;7;3,32;0,5903614457831327
HRAD;UNIDADE INTERNAÇÃO - CLINICA ORTOPÉDICA;2019;8;3,84;0,41666666666666685
HRAD;UNIDADE INTERNAÇÃO - CLINICA ORTOPÉDICA;2019;9;4,44;0,5405405405405402
HRAD;UNIDADE INTERNAÇÃO - CLINICA ORTOPÉDICA;2019;10;4,24;0,5471698113207547
HRAD;UNIDADE INTERNAÇÃO - CLINICA ORTOPÉDICA;2019;11;3,6;0,6222222222222221
HRAD;UNIDADE INTERNAÇÃO - CLINICA ORTOPÉDICA;2019;12;4,36;0,9174311926605505
HRAD;UNIDADE INTERNAÇÃO - CLINICA ORTOPÉDICA;2020;1;4,08;0,8725490196078434
HRAD;UNIDADE INTERNAÇÃO - CLINICA ORTOPÉDICA;2020;2;3,8;0,8736842105263161
HRAD;UNIDADE INTERNAÇÃO - CLINICA ORTOPÉDICA;2020;3;4,8;0,8666666666666665
HRAD;UNIDADE INTERNAÇÃO - CLINICA ORTOPÉDICA;2020;4;4,84;0,6942148760330576
HRAD;UNIDADE INTERNAÇÃO - CLINICA ORTOPÉDICA;2020;5;4,848930481283422;0,34188034188034183
HRAD;UNIDADE INTERNAÇÃO - CLINICA ORTOPÉDICA;2020;6;5,166666666666667;0,26612903225806417
HRAD;UNIDADE INTERNAÇÃO - CLINICA ORTOPÉDICA;2020;7;4,583333333333333;0,21818181818181798
HRAD;UNIDADE INTERNAÇÃO - CLINICA ORTOPÉDICA;2020;8;4,875;0,35042735042735007
HRAD;UNIDADE INTERNAÇÃO - CLINICA ORTOPÉDICA;2020;9;5,041666666666667;0,23966942148760312
HRAD;UNIDADE INTERNAÇÃO - CLINICA ORTOPÉDICA;2020;10;4,125;0,2727272727272725
HRAD;UNIDADE INTERNAÇÃO - CLINICA ORTOPÉDICA;2020;11;3,4583333333333335;0,7469879518072292
HRAD;UNIDADE INTERNAÇÃO - CLINICA ORTOPÉDICA;2020;12;4,416666666666667;0,5660377358490569
HRAD;UNIDADE INTERNAÇÃO - CLINICA ORTOPÉDICA;2021;1;3,5;1,130952380952381
HRAD;UNIDADE INTERNAÇÃO - CLINICA ORTOPÉDICA;2021;2;3,0;0,41666666666666613
HRAD;UNIDADE INTERNAÇÃO - CLINICA ORTOPÉDICA;2021;3;3,8333333333333335;0,8478260869565218
HRAD;UNIDADE INTERNAÇÃO - CLINICA ORTOPÉDICA;2021;4;5,041666666666667;0,43801652892561954
HRAD;UNIDADE INTERNAÇÃO - CLINICA ORTOPÉDICA;2021;5;4,583333333333333;0,37272727272727235
HRAD;UNIDADE INTERNAÇÃO - CLINICA ORTOPÉDICA;2021;6;4,25;0,24509803921568618
HRAD;UNIDADE INTERNAÇÃO - CLINICA ORTOPÉDICA;2021;7;4,375;0,27619047619047593
HRAD;UNIDADE INTERNAÇÃO - CLINICA ORTOPÉDICA;2021;8;4,833333333333333;0,2672413793103446
HRAD;UNIDADE INTERNAÇÃO - CLINICA ORTOPÉDICA;2021;9;4,791666666666667;0,21739130434782603
HRAD;UNIDADE INTERNAÇÃO - CLINICA ORTOPÉDICA;2021;10;3,7916666666666665;0,3186813186813183
HRAD;UNIDADE INTERNAÇÃO - CLINICA ORTOPÉDICA;2021;11;3,625;0,45977011494252895
HRAD;UNIDADE INTERNAÇÃO - CLINICA ORTOPÉDICA;2021;12;4,333333333333333;0,6057692307692311
HRAD;UNIDADE INTERNAÇÃO - CLINICA ORTOPÉDICA;2022;1;3,2083333333333335;1,2207792207792207
HRAD;UNIDADE INTERNAÇÃO - CLINICA ORTOPÉDICA;2022;2;3,125;0,4533333333333337
HRAD;UNIDADE INTERNAÇÃO - CLINICA ORTOPÉDICA;2022;3;3,4166666666666665;0,5487804878048774
HRAD;UNIDADE INTERNAÇÃO - CLINICA ORTOPÉDICA;2022;4;4,291666666666667;0,5339805825242715
HRAD;UNIDADE INTERNAÇÃO - CLINICA ORTOPÉDICA;2022;5;4,875;0,4615384615384619
HRAD;UNIDADE INTERNAÇÃO - CLINICA ORTOPÉDICA;2022;6;5,294117647058823;0,6969696969696972
HRAD;UNIDADE INTERNAÇÃO - CLINICA ORTOPÉDICA;2022;7;3,5130759651307595;1,1208791208791204
HRAD;UNIDADE INTERNAÇÃO - CLINICA ORTOPÉDICA;2022;8;4,0;1,0673076923076925
HRAD;UNIDADE INTERNAÇÃO - CLINICA ORTOPÉDICA;2022;9;3,0384615384615383;1,0886075949367096
HRAD;UNIDADE INTERNAÇÃO - CLINICA ORTOPÉDICA;2022;10;3,8846153846153846;1,5940594059405946
HRAD;UNIDADE INTERNAÇÃO - CLINICA ORTOPÉDICA;2022;11;3,6538461538461537;1,1684210526315795
HRAD;UNIDADE INTERNAÇÃO - CLINICA ORTOPÉDICA;2022;12;3,8846153846153846;1,425742574257426
HRAD;UNIDADE INTERNAÇÃO - CLINICA ORTOPÉDICA;2023;1;4,346153846153846;1,1150442477876108
HRAD;UNIDADE INTERNAÇÃO - CLINICA ORTOPÉDICA;2023;2;3,355206847360913;1,1785714285714282
HRAD;UNIDADE INTERNAÇÃO - CLINICA ORTOPÉDICA;2023;3;5,515862068965517;0,5271317829457364
HRAD;UNIDADE INTERNAÇÃO - CLINICA ORTOPÉDICA;2023;4;3,68;1,0978260869565222
HRAD;UNIDADE INTERNAÇÃO - CLINICA ORTOPÉDICA;2023;5;4,56;0,8070175438596487
HRAD;UNIDADE INTERNAÇÃO - CLINICA ORTOPÉDICA;2023;6;4,2;0,7142857142857142
HRAD;UNIDADE INTERNAÇÃO - CLINICA ORTOPÉDICA;2023;7;3,6;0,9777777777777776
HRAD;UNIDADE INTERNAÇÃO - CLINICA ORTOPÉDICA;2023;8;4,36;0,7431192660550456
HRAD;UNIDADE INTERNAÇÃO - CLINICA ORTOPÉDICA;2023;9;4,68;0,9914529914529913
HRAD;UNIDADE INTERNAÇÃO - CLINICA ORTOPÉDICA;2023;10;4,72;1,0847457627118644
HRAD;UNIDADE INTERNAÇÃO - CLINICA ORTOPÉDICA;2023;11;5,12;1,2187499999999998
HRAD;UNIDADE INTERNAÇÃO - CLINICA ORTOPÉDICA;2023;12;5,16;0,8992248062015503
HRAD;UNIDADE INTERNAÇÃO - CLINICA ORTOPÉDICA;2024;1;3,9498069498069497;0,7676767676767673
HRAD;UNIDADE INTERNAÇÃO - CLINICA ORTOPÉDICA;2024;2;4,56;1,2368421052631577
HRAD;UNIDADE INTERNAÇÃO - CLINICA ORTOPÉDICA;2024;3;5,529947916666667;0,9051094890510951
HRAD;UNIDADE INTERNAÇÃO - CLINICA ORTOPÉDICA;2024;4;4,262295081967213;0,8269230769230771
HRAD;UNIDADE INTERNAÇÃO - CLINICA ORTOPÉDICA;2024;5;5,196793002915452;0,8434782608695652
HRAD;UNIDADE INTERNAÇÃO - CLINICA ORTOPÉDICA;2024;6;4,7280334728033475;0,9469026548672567
HRAD;UNIDADE INTERNAÇÃO - CLINICA ORTOPÉDICA;2024;7;5,78449408672799;1,0704225352112675
HRAD;UNIDADE INTERNAÇÃO - CLINICA ORTOPÉDICA;2024;8;6,444293478260869;0,9477124183006537
HRAD;UNIDADE INTERNAÇÃO - CLINICA ORTOPÉDICA;2024;9;5,32;1,4962406015037595
HRAD;UNIDADE INTERNAÇÃO - CLINICA ORTOPÉDICA;2024;10;5,72;0,7902097902097899
HRAD;UNIDADE INTERNAÇÃO - CLINICA ORTOPÉDICA;2024;11;5,56;0,9280575539568348
HRAD;UNIDADE INTERNAÇÃO - CLINICA ORTOPÉDICA;2024;12;5,4;0,8592592592592592
HRAD;UNIDADE INTERNAÇÃO - CLINICA ORTOPÉDICA;2025;1;5,48;0,6861313868613141
HRAD;UNIDADE INTERNAÇÃO - CLINICA ORTOPÉDICA;2025;2;5,116959064327485;0,7839999999999998
HRAD;UNIDADE INTERNAÇÃO - CLINICA ORTOPÉDICA;2025;3;5,5;0,9696969696969694
HRAD;UNIDADE INTERNAÇÃO - CLINICA ORTOPÉDICA;2025;4;4,72;1,0593220338983047
HRAD;UNIDADE INTERNAÇÃO - CLINICA ORTOPÉDICA;2025;5;3,826629680998613;0,9550561797752805
HRAD;UNIDADE INTERNAÇÃO - CLINICA ORTOPÉDICA;2025;6;4,650205761316872;0,8584070796460178
HRAD;UNIDADE INTERNAÇÃO - CLINICA ORTOPÉDICA;2025;7;4,365633074935401;0,8715596330275226
HRAD;UNIDADE INTERNAÇÃO - CLINICA ORTOPÉDICA;2025;8;3,88;1,0515463917525771
HRAD;UNIDADE INTERNAÇÃO - CLINICA ORTOPÉDICA;2025;9;5,56;0,8129496402877694
HRAD;UNIDADE INTERNAÇÃO - CLINICA ORTOPÉDICA;2025;10;3,8;1,947368421052632
HRAD;UNIDADE INTERNAÇÃO - CLINICA ORTOPÉDICA;2025;11;5,0;1,112
HRAD;UNIDADE INTERNAÇÃO - CLINICA ORTOPÉDICA;2025;12;5,68;0,9084507042253523
HRAD;UNIDADE INTERNAÇÃO - CLINICA ORTOPÉDICA;2026;1;5,8;0,9241379310344824
HRAD;UNIDADE INTERNAÇÃO - CLINICA ORTOPÉDICA;2026;2;4,32;1,0185185185185184
HRAD;UNIDADE INTERNAÇÃO - CLINICA ORTOPÉDICA;2026;3;5,64;0,6453900709219859
HRAD;UNIDADE INTERNAÇÃO - CLINICA ORTOPÉDICA;2026;4;4,96;0,7741935483870968
HRAD;UNIDADE INTERNAÇÃO - CLINICA ORTOPÉDICA;2026;5;2,6;1,0307692307692307
HRAD;UNIDADE INTERNAÇÃO - CLINICA PEDIÁTRICA;2019;1;4,5;2,2888888888888888
HRAD;UNIDADE INTERNAÇÃO - CLINICA PEDIÁTRICA;2019;2;4,6;1,456521739130435
HRAD;UNIDADE INTERNAÇÃO - CLINICA PEDIÁTRICA;2019;3;5,0;2,06
HRAD;UNIDADE INTERNAÇÃO - CLINICA PEDIÁTRICA;2019;4;4,1;1,731707317073171
HRAD;UNIDADE INTERNAÇÃO - CLINICA PEDIÁTRICA;2019;5;4,7;2,361702127659574
HRAD;UNIDADE INTERNAÇÃO - CLINICA PEDIÁTRICA;2019;6;4,7;2,042553191489361
HRAD;UNIDADE INTERNAÇÃO - CLINICA PEDIÁTRICA;2019;7;4,5;2,48888888888889
HRAD;UNIDADE INTERNAÇÃO - CLINICA PEDIÁTRICA;2019;8;4,6;2,4347826086956523
HRAD;UNIDADE INTERNAÇÃO - CLINICA PEDIÁTRICA;2019;9;3,7;2,7297297297297294
HRAD;UNIDADE INTERNAÇÃO - CLINICA PEDIÁTRICA;2019;10;4,1;3,195121951219513
HRAD;UNIDADE INTERNAÇÃO - CLINICA PEDIÁTRICA;2019;11;4,8;2,5416666666666665
HRAD;UNIDADE INTERNAÇÃO - CLINICA PEDIÁTRICA;2019;12;4,6;2,6521739130434785
HRAD;UNIDADE INTERNAÇÃO - CLINICA PEDIÁTRICA;2020;1;4,8;2,666666666666667
HRAD;UNIDADE INTERNAÇÃO - CLINICA PEDIÁTRICA;2020;2;3,2;4,218750000000001
HRAD;UNIDADE INTERNAÇÃO - CLINICA PEDIÁTRICA;2020;3;4,2;3,1904761904761907
HRAD;UNIDADE INTERNAÇÃO - CLINICA PEDIÁTRICA;2020;4;4,6;2,9782608695652173
HRAD;UNIDADE INTERNAÇÃO - CLINICA PEDIÁTRICA;2020;5;4,0;4,225
HRAD;UNIDADE INTERNAÇÃO - CLINICA PEDIÁTRICA;2020;6;3,3;4,242424242424242
HRAD;UNIDADE INTERNAÇÃO - CLINICA PEDIÁTRICA;2020;7;3,1;4,258064516129032
HRAD;UNIDADE INTERNAÇÃO - CLINICA PEDIÁTRICA;2020;8;4,1;2,146341463414634
HRAD;UNIDADE INTERNAÇÃO - CLINICA PEDIÁTRICA;2020;9;3,9;2,974358974358975
HRAD;UNIDADE INTERNAÇÃO - CLINICA PEDIÁTRICA;2020;10;4,1;2,658536585365853
HRAD;UNIDADE INTERNAÇÃO - CLINICA PEDIÁTRICA;2020;11;5,1;1,7058823529411768
HRAD;UNIDADE INTERNAÇÃO - CLINICA PEDIÁTRICA;2020;12;4,6;3,6956521739130435
HRAD;UNIDADE INTERNAÇÃO - CLINICA PEDIÁTRICA;2021;1;5,0;2,9400000000000004
HRAD;UNIDADE INTERNAÇÃO - CLINICA PEDIÁTRICA;2021;2;4,7;2,5531914893617027
HRAD;UNIDADE INTERNAÇÃO - CLINICA PEDIÁTRICA;2021;3;2,9;4,724137931034482
HRAD;UNIDADE INTERNAÇÃO - CLINICA PEDIÁTRICA;2021;4;4,8;2,5625000000000004
HRAD;UNIDADE INTERNAÇÃO - CLINICA PEDIÁTRICA;2021;5;4,5;1,4444444444444446
HRAD;UNIDADE INTERNAÇÃO - CLINICA PEDIÁTRICA;2021;6;4,0;2,7249999999999996
HRAD;UNIDADE INTERNAÇÃO - CLINICA PEDIÁTRICA;2021;7;4,5;2,933333333333333
HRAD;UNIDADE INTERNAÇÃO - CLINICA PEDIÁTRICA;2021;8;5,1;2,5294117647058822
HRAD;UNIDADE INTERNAÇÃO - CLINICA PEDIÁTRICA;2021;9;4,9;2,081632653061224
HRAD;UNIDADE INTERNAÇÃO - CLINICA PEDIÁTRICA;2021;10;5,2;2,961538461538462
HRAD;UNIDADE INTERNAÇÃO - CLINICA PEDIÁTRICA;2021;11;5,4;1,3518518518518514
HRAD;UNIDADE INTERNAÇÃO - CLINICA PEDIÁTRICA;2021;12;5,2;2,480769230769231
HRAD;UNIDADE INTERNAÇÃO - CLINICA PEDIÁTRICA;2022;1;4,0;1,8249999999999997
HRAD;UNIDADE INTERNAÇÃO - CLINICA PEDIÁTRICA;2022;2;3,3;0,6363636363636359
HRAD;UNIDADE INTERNAÇÃO - CLINICA PEDIÁTRICA;2022;3;5,6;1,3392857142857144
HRAD;UNIDADE INTERNAÇÃO - CLINICA PEDIÁTRICA;2022;4;4,7;0,9148936170212764
HRAD;UNIDADE INTERNAÇÃO - CLINICA PEDIÁTRICA;2022;5;4,5;0,9555555555555554
HRAD;UNIDADE INTERNAÇÃO - CLINICA PEDIÁTRICA;2022;6;4,4;1,5227272727272734
HRAD;UNIDADE INTERNAÇÃO - CLINICA PEDIÁTRICA;2022;7;5,3;2,2264150943396226
HRAD;UNIDADE INTERNAÇÃO - CLINICA PEDIÁTRICA;2022;8;5,0;0,8599999999999998
HRAD;UNIDADE INTERNAÇÃO - CLINICA PEDIÁTRICA;2022;9;4,1;2,75609756097561
HRAD;UNIDADE INTERNAÇÃO - CLINICA PEDIÁTRICA;2022;10;3,7;2,162162162162162
HRAD;UNIDADE INTERNAÇÃO - CLINICA PEDIÁTRICA;2022;11;4,9;0,6122448979591836
HRAD;UNIDADE INTERNAÇÃO - CLINICA PEDIÁTRICA;2022;12;5,6;0,9821428571428569
HRAD;UNIDADE INTERNAÇÃO - CLINICA PEDIÁTRICA;2023;1;5,1;1,0196078431372548
HRAD;UNIDADE INTERNAÇÃO - CLINICA PEDIÁTRICA;2023;2;3,8;1,9210526315789471
HRAD;UNIDADE INTERNAÇÃO - CLINICA PEDIÁTRICA;2023;3;5,13103448275862;0,9791666666666665
HRAD;UNIDADE INTERNAÇÃO - CLINICA PEDIÁTRICA;2023;4;5,0;0,3999999999999999
HRAD;UNIDADE INTERNAÇÃO - CLINICA PEDIÁTRICA;2023;5;5,3;1,39622641509434
HRAD;UNIDADE INTERNAÇÃO - CLINICA PEDIÁTRICA;2023;6;4,0;1,3500000000000005
HRAD;UNIDADE INTERNAÇÃO - CLINICA PEDIÁTRICA;2023;7;5,5;1,1636363636363634
HRAD;UNIDADE INTERNAÇÃO - CLINICA PEDIÁTRICA;2023;8;5,0;1,5800000000000005
HRAD;UNIDADE INTERNAÇÃO - CLINICA PEDIÁTRICA;2023;9;4,6;1,4999999999999998
HRAD;UNIDADE INTERNAÇÃO - CLINICA PEDIÁTRICA;2023;10;5,3;1,9433962264150946
HRAD;UNIDADE INTERNAÇÃO - CLINICA PEDIÁTRICA;2023;11;3,1;3,419354838709678
HRAD;UNIDADE INTERNAÇÃO - CLINICA PEDIÁTRICA;2023;12;5,5;1,0363636363636362
HRAD;UNIDADE INTERNAÇÃO - CLINICA PEDIÁTRICA;2024;1;4,5;1,7777777777777775
HRAD;UNIDADE INTERNAÇÃO - CLINICA PEDIÁTRICA;2024;2;4,4;2,6136363636363633
HRAD;UNIDADE INTERNAÇÃO - CLINICA PEDIÁTRICA;2024;3;4,9640522875816995;1,0408163265306118
HRAD;UNIDADE INTERNAÇÃO - CLINICA PEDIÁTRICA;2024;4;4,2;1,8333333333333335
HRAD;UNIDADE INTERNAÇÃO - CLINICA PEDIÁTRICA;2024;5;5,2;1,961538461538461
HRAD;UNIDADE INTERNAÇÃO - CLINICA PEDIÁTRICA;2024;6;4,155405405405405;1,5365853658536583
HRAD;UNIDADE INTERNAÇÃO - CLINICA PEDIÁTRICA;2024;7;5,3;1,962264150943396
HRAD;UNIDADE INTERNAÇÃO - CLINICA PEDIÁTRICA;2024;8;5,3;1,0754716981132073
HRAD;UNIDADE INTERNAÇÃO - CLINICA PEDIÁTRICA;2024;9;5,9;0,9322033898305085
HRAD;UNIDADE INTERNAÇÃO - CLINICA PEDIÁTRICA;2024;10;7,0;0,8142857142857142
HRAD;UNIDADE INTERNAÇÃO - CLINICA PEDIÁTRICA;2024;11;6,2;0,7903225806451613
HRAD;UNIDADE INTERNAÇÃO - CLINICA PEDIÁTRICA;2024;12;6,4;0,9843750000000001
HRAD;UNIDADE INTERNAÇÃO - CLINICA PEDIÁTRICA;2025;1;5,8;0,6551724137931033
HRAD;UNIDADE INTERNAÇÃO - CLINICA PEDIÁTRICA;2025;2;5,3;1,0188679245283019
HRAD;UNIDADE INTERNAÇÃO - CLINICA PEDIÁTRICA;2025;3;4,9;1,0612244897959182
HRAD;UNIDADE INTERNAÇÃO - CLINICA PEDIÁTRICA;2025;4;5,0;0,9
HRAD;UNIDADE INTERNAÇÃO - CLINICA PEDIÁTRICA;2025;5;5,5;0,8545454545454547
HRAD;UNIDADE INTERNAÇÃO - CLINICA PEDIÁTRICA;2025;6;4,6;0,5869565217391303
HRAD;UNIDADE INTERNAÇÃO - CLINICA PEDIÁTRICA;2025;7;5,4;1,203703703703704
HRAD;UNIDADE INTERNAÇÃO - CLINICA PEDIÁTRICA;2025;8;5,0;1,6599999999999997
HRAD;UNIDADE INTERNAÇÃO - CLINICA PEDIÁTRICA;2025;9;5,1;0,1568627450980389
HRAD;UNIDADE INTERNAÇÃO - CLINICA PEDIÁTRICA;2025;10;4,9;0,8979591836734697
HRAD;UNIDADE INTERNAÇÃO - CLINICA PEDIÁTRICA;2025;11;5,3;1,9811320754716977
HRAD;UNIDADE INTERNAÇÃO - CLINICA PEDIÁTRICA;2025;12;4,6;1,9565217391304346
HRAD;UNIDADE INTERNAÇÃO - CLINICA PEDIÁTRICA;2026;1;5,1;1,2156862745098034
HRAD;UNIDADE INTERNAÇÃO - CLINICA PEDIÁTRICA;2026;2;5,4;1,3518518518518516
HRAD;UNIDADE INTERNAÇÃO - CLINICA PEDIÁTRICA;2026;3;5,4;0,9074074074074074
HRAD;UNIDADE INTERNAÇÃO - CLINICA PEDIÁTRICA;2026;4;4,7;1,021276595744681
HRAD;UNIDADE INTERNAÇÃO - CLINICA PEDIÁTRICA;2026;5;5,9;0,7627118644067795
HRAD;UTI;2019;1;2,0;1,2777777777777777
HRAD;UTI;2019;2;1,6666666666666667;2,066666666666667
HRAD;UTI;2019;3;1,5555555555555556;2,3571428571428577
HRAD;UTI;2019;4;1,6666666666666667;1,7999999999999996
HRAD;UTI;2019;5;2,4444444444444446;1,8636363636363644
HRAD;UTI;2019;6;1,0;1,2222222222222223
HRAD;UTI;2019;7;1,2222222222222223;0,8181818181818175
HRAD;UTI;2019;8;1,1111111111111112;1,4999999999999987
HRAD;UTI;2019;9;2,0;1,3333333333333335
HRAD;UTI;2019;10;1,3333333333333333;1,333333333333333
HRAD;UTI;2019;11;1,1111111111111112;1,9999999999999998
HRAD;UTI;2019;12;1,0;1,666666666666665
HRAD;UTI;2020;1;2,0;1,0000000000000009
HRAD;UTI;2020;2;1,5555555555555556;1,3571428571428559
HRAD;UTI;2020;3;1,8888888888888888;3,4117647058823524
HRAD;UTI;2020;4;1,2222222222222223;4,454545454545454
HRAD;UTI;2020;5;1,2422586520947176;11,59090909090909
HRAD;UTI;2020;6;1,736842105263158;3,1212121212121215
HRAD;UTI;2020;7;1,4210526315789473;3,074074074074074
HRAD;UTI;2020;8;1,368421052631579;3,307692307692309
HRAD;UTI;2020;9;2,6315789473684212;2,8
HRAD;UTI;2020;10;1,7894736842105263;6,823529411764707
HRAD;UTI;2020;11;1,263157894736842;9,458333333333334
HRAD;UTI;2020;12;0,5789473684210527;27,36363636363637
HRAD;UTI;2021;1;1,2105263157894737;7,608695652173915
HRAD;UTI;2021;2;1,9473684210526316;1,1081081081081072
HRAD;UTI;2021;3;1,8421052631578947;1,2000000000000002
HRAD;UTI;2021;4;1,7894736842105263;1,6764705882352935
HRAD;UTI;2021;5;1,2105263157894737;1,2173913043478262
HRAD;UTI;2021;6;1,368421052631579;1,3461538461538454
HRAD;UTI;2021;7;1,368421052631579;3,1538461538461533
HRAD;UTI;2021;8;0,8947368421052632;9,529411764705884
HRAD;UTI;2021;9;1,0526315789473684;11,600000000000001
HRAD;UTI;2021;10;0,8947368421052632;15,529411764705884
HRAD;UTI;2021;11;0,5895196506550219;22,55555555555555
HRAD;UTI;2021;12;0,8;16,583333333333336
HRAD;UTI;2022;1;1,0666666666666667;7,750000000000002
HRAD;UTI;2022;2;0,9333333333333333;7,42857142857143
HRAD;UTI;2022;3;0,7333333333333333;15,545454545454549
HRAD;UTI;2022;4;1,3333333333333333;5,900000000000001
HRAD;UTI;2022;5;0,8;17,749999999999996
HRAD;UTI;2022;6;0,19230769230769232;25,999999999999993
HRAD;UTI;2022;7;0,6838235294117647;3,499999999999998
HRAD;UTI;2022;8;1,3333333333333333;0,4166666666666654
HRAD;UTI;2022;9;1,5476190476190477;1,8461538461538463
HRAD;UTI - ADULTO;2022;10;1,2222222222222223;1,9999999999999991
HRAD;UTI - ADULTO;2022;11;1,4444444444444444;2,307692307692309
HRAD;UTI - ADULTO;2022;12;1,7777777777777777;2,125000000000001
HRAD;UTI - ADULTO;2023;1;1,6666666666666667;2,133333333333333
HRAD;UTI - ADULTO;2023;2;1,3333333333333333;1,2500000000000002
HRAD;UTI - ADULTO;2023;3;2,0191570881226055;0,647058823529412
HRAD;UTI - ADULTO;2023;4;2,0;1,7222222222222223
HRAD;UTI - ADULTO;2023;5;1,3333333333333333;0,5833333333333337
HRAD;UTI - ADULTO;2023;6;1,1111111111111112;0,8000000000000012
HRAD;UTI - ADULTO;2023;7;0,6666666666666666;0,8333333333333308
HRAD;UTI - ADULTO;2023;8;1,4444444444444444;0,15384615384615288
HRAD;UTI - ADULTO;2023;9;1,0;1,333333333333332
HRAD;UTI - ADULTO;2023;10;1,8888888888888888;1,1764705882352942
HRAD;UTI - ADULTO;2023;11;1,7777777777777777;0,8125000000000002
HRAD;UTI - ADULTO;2023;12;1,7777777777777777;0,9374999999999991
HRAD;UTI - ADULTO;2024;1;1,3333333333333333;2,5000000000000004
HRAD;UTI - ADULTO;2024;2;0,6666666666666666;1,166666666666667
HRAD;UTI - ADULTO;2024;3;1,2222222222222223;0,7272727272727285
HRAD;UTI - ADULTO;2024;4;1,6666666666666667;1,0000000000000004
HRAD;UTI - ADULTO;2024;5;0,5555555555555556;0,0
HRAD;UTI - ADULTO;2024;6;1,3333333333333333;-0,5833333333333329
HRAD;UTI - ADULTO;2024;7;2,0;1,1111111111111114
HRAD;UTI - ADULTO;2024;8;1,8888888888888888;1,8235294117647067
HRAD;UTI - ADULTO;2024;9;1,2222222222222223;1,0909090909090897
HRAD;UTI - ADULTO;2024;10;1,6666666666666667;1,3333333333333335
HRAD;UTI - ADULTO;2024;11;1,1111111111111112;0,8000000000000012
HRAD;UTI - ADULTO;2024;12;1,0;0,8888888888888905
HRAD;UTI - ADULTO;2025;1;0,5555555555555556;0,2000000000000019
HRAD;UTI - ADULTO;2025;2;1,6666666666666667;0,6666666666666661
HRAD;UTI - ADULTO;2025;3;0,8888888888888888;0,8750000000000006
HRAD;UTI - ADULTO;2025;4;1,4444444444444444;0,6923076923076922
HRAD;UTI - ADULTO;2025;5;1,0;0,33333333333333304
HRAD;UTI - ADULTO;2025;6;1,4444444444444444;0,6153846153846162
HRAD;UTI - ADULTO;2025;7;1,1111111111111112;0,8999999999999991
HRAD;UTI - ADULTO;2025;8;0,6666666666666666;2,333333333333335
HRAD;UTI - ADULTO;2025;9;1,2222222222222223;0,8181818181818179
HRAD;UTI - ADULTO;2025;10;1,2222222222222223;0,545454545454545
HRAD;UTI - ADULTO;2025;11;2,0;0,7222222222222224
HRAD;UTI - ADULTO;2025;12;0,8888888888888888;1,0000000000000018
HRAD;UTI - ADULTO;2026;1;1,3333333333333333;0,7499999999999993
HRAD;UTI - ADULTO;2026;2;0,7777777777777778;1,2857142857142851
HRAD;UTI - ADULTO;2026;3;1,1111111111111112;1,400000000000001
HRAD;UTI - ADULTO;2026;4;1,4444444444444444;1,1538461538461544
HRAD;UTI - ADULTO;2026;5;1,1111111111111112;0,10000000000000095
HRAD;UTI - NEONATAL;2019;1;0,2222222222222222;11,5
HRAD;UTI - NEONATAL;2019;2;0,1111111111111111;16,999999999999996
HRAD;UTI - NEONATAL;2019;3;0,1111111111111111;8,000000000000014
HRAD;UTI - NEONATAL;2019;4;0,3333333333333333;5,000000000000002
HRAD;UTI - NEONATAL;2019;5;0,2222222222222222;2,4999999999999925
HRAD;UTI - NEONATAL;2019;6;0,3333333333333333;8,666666666666668
HRAD;UTI - NEONATAL;2019;7;0,4444444444444444;3,999999999999999
HRAD;UTI - NEONATAL;2019;8;0,2222222222222222;15,999999999999996
HRAD;UTI - NEONATAL;2019;10;0,1111111111111111;8,999999999999991
HRAD;UTI - NEONATAL;2019;11;0,5555555555555556;6,6000000000000005
HRAD;UTI - NEONATAL;2019;12;0,2222222222222222;1,4999999999999987
HRAD;UTI - NEONATAL;2020;1;0,1111111111111111;44,99999999999999
HRAD;UTI - NEONATAL;2020;2;0,1111111111111111;15,00000000000001
HRAD;UTI - NEONATAL;2020;3;0,4444444444444444;4,749999999999998
HRAD;UTI - NEONATAL;2020;4;0,1111111111111111;42,0
HRAD;UTI - NEONATAL;2020;5;0,2222222222222222;7,0000000000000036
HRAD;UTI - NEONATAL;2020;6;0,2222222222222222;11,499999999999995
HRAD;UTI - NEONATAL;2020;7;0,1111111111111111;11,99999999999999
HRAD;UTI - NEONATAL;2020;8;0,5555555555555556;8,000000000000002
HRAD;UTI - NEONATAL;2020;9;0,3333333333333333;9,666666666666666
HRAD;UTI - NEONATAL;2020;10;0,4444444444444444;1,2499999999999962
HRAD;UTI - NEONATAL;2020;11;0,1111111111111111;39,99999999999999
HRAD;UTI - NEONATAL;2020;12;0,3333333333333333;11,0
HRAD;UTI - NEONATAL;2021;1;0,2222222222222222;6,499999999999999
HRAD;UTI - NEONATAL;2021;2;0,2222222222222222;27,000000000000004
HRAD;UTI - NEONATAL;2021;3;0,7777777777777778;3,42857142857143
HRAD;UTI - NEONATAL;2021;4;0,3333333333333333;10,333333333333332
HRAD;UTI - NEONATAL;2021;6;0,4444444444444444;4,499999999999999
HRAD;UTI - NEONATAL;2021;7;0,2222222222222222;12,000000000000005
HRAD;UTI - NEONATAL;2021;8;0,1111111111111111;62,0
HRAD;UTI - NEONATAL;2021;10;0,2222222222222222;2,4999999999999925
HRAD;UTI - NEONATAL;2021;11;0,2222222222222222;5,999999999999993
HRAD;UTI - NEONATAL;2021;12;0,1111111111111111;8,000000000000014
HRAD;UTI - NEONATAL;2022;1;0,5555555555555556;4,200000000000003
HRAD;UTI - NEONATAL;2022;2;0,2222222222222222;2,5000000000000053
HRAD;UTI - NEONATAL;2022;3;0,5555555555555556;2,9999999999999973
HRAD;UTI - NEONATAL;2022;4;0,2222222222222222;4,499999999999999
HRAD;UTI - NEONATAL;2022;5;0,3333333333333333;0,6666666666666626
HRAD;UTI - NEONATAL;2022;6;0,4444444444444444;2,000000000000003
HRAD;UTI - NEONATAL;2022;8;0,8888888888888888;6,125
HRAD;UTI - NEONATAL;2022;9;0,2222222222222222;30,999999999999996
HRAD;UTI - NEONATAL;2022;10;0,2222222222222222;18,0
HRAD;UTI - NEONATAL;2022;11;0,5555555555555556;4,400000000000001
HRAD;UTI - NEONATAL;2022;12;0,6666666666666666;7,499999999999998
HRAD;UTI - NEONATAL;2023;1;0,4444444444444444;3,5000000000000018
HRAD;UTI - NEONATAL;2023;2;0,1111111111111111;10,99999999999999
HRAD;UTI - NEONATAL;2023;3;0,23754789272030652;-2,9999999999999964
HRAD;UTI - NEONATAL;2023;4;0,1111111111111111;6,999999999999995
HRAD;UTI - NEONATAL;2023;5;0,3333333333333333;3,9999999999999964
HRAD;UTI - NEONATAL;2023;6;0,3333333333333333;9,666666666666666
HRAD;UTI - NEONATAL;2023;7;0,1111111111111111;5,999999999999995
HRAD;UTI - NEONATAL;2023;8;0,3333333333333333;8,000000000000004
HRAD;UTI - NEONATAL;2023;9;0,3333333333333333;22,000000000000004
HRAD;UTI - NEONATAL;2023;10;0,3333333333333333;13,999999999999998
HRAD;UTI - NEONATAL;2023;12;0,3333333333333333;19,000000000000004
HRAD;UTI - NEONATAL;2024;1;0,3333333333333333;16,999999999999996
HRAD;UTI - NEONATAL;2024;2;0,3333333333333333;21,000000000000004
HRAD;UTI - NEONATAL;2024;3;0,1111111111111111;18,000000000000018
HRAD;UTI - NEONATAL;2024;4;0,13043478260869565;5,99999999999999
HRAD;UTI - NEONATAL;2024;5;0,3765182186234818;5,666666666666666
HRAD;UTI - NEONATAL;2024;6;0,23904382470119523;8,000000000000007
HRAD;UTI - NEONATAL;2024;7;0,2831050228310502;26,0
HRAD;UTI - NEONATAL;2024;8;0,125;17,000000000000014
HRAD;UTI - NEONATAL;2024;9;0,5555555555555556;6,000000000000003
HRAD;UTI - NEONATAL;2024;10;0,34065934065934067;7,333333333333338
HRAD;UTI - NEONATAL;2024;11;0,4838709677419355;5,250000000000003
HRAD;UTI - NEONATAL;2024;12;0,5555555555555556;3,6000000000000036
HRAD;UTI - NEONATAL;2025;1;0,3333333333333333;4,333333333333333
HRAD;UTI - NEONATAL;2025;2;0,1111111111111111;9,999999999999991
HRAD;UTI - NEONATAL;2025;4;0,2222222222222222;10,0
HRAD;UTI - NEONATAL;2025;5;0,1111111111111111;40,00000000000001
HRAD;UTI - NEONATAL;2025;6;0,3333333333333333;3,333333333333339
HRAD;UTI - NEONATAL;2025;7;0,5555555555555556;4,999999999999997
HRAD;UTI - NEONATAL;2025;8;0,1111111111111111;8,999999999999991
HRAD;UTI - NEONATAL;2025;9;0,2222222222222222;8,500000000000005
HRAD;UTI - NEONATAL;2025;11;0,3333333333333333;10,000000000000005
HRAD;UTI - NEONATAL;2025;12;0,3333333333333333;23,0
HRAD;UTI - NEONATAL;2026;1;0,1111111111111111;66,0
HRAD;UTI - NEONATAL;2026;2;0,4444444444444444;9,250000000000002
HRAD;UTI - NEONATAL;2026;3;0,3333333333333333;25,999999999999996
HRAD;UTI - NEONATAL;2026;4;0,3333333333333333;9,666666666666666
HRAD;UTI - NEONATAL;2026;5;0,3333333333333333;31,000000000000004
HRBJA;BOARDING/HRB/CHB;2026;3;5,8125;
HRBJA;BOARDING/HRB/CHB;2026;4;1,7647058823529411;
HRBJA;BOARDING/HRB/CHB;2026;5;8,857142857142858;
HRBJA;CLINICA CIRURGICA/HRB/CHB;2024;6;4,0;0,4
HRBJA;CLINICA CIRURGICA/HRB/CHB;2024;7;3,8095238095238093;0,28750000000000026
HRBJA;CLINICA CIRURGICA/HRB/CHB;2024;8;4,761904761904762;0,1200000000000002
HRBJA;CLINICA CIRURGICA/HRB/CHB;2024;9;3,857142857142857;0,3086419753086418
HRBJA;CLINICA CIRURGICA/HRB/CHB;2024;10;4,809523809523809;0,2970297029702972
HRBJA;CLINICA CIRURGICA/HRB/CHB;2024;11;4,809523809523809;0,40594059405940586
HRBJA;CLINICA CIRURGICA/HRB/CHB;2024;12;5,666666666666667;0,3277310924369746
HRBJA;CLINICA CIRURGICA/HRB/CHB;2025;1;6,061749571183533;0,36842105263157915
HRBJA;CLINICA CIRURGICA/HRB/CHB;2025;2;5,470588235294118;0,44086021505376366
HRBJA;CLINICA CIRURGICA/HRB/CHB;2025;3;4,68780487804878;0,3225806451612906
HRBJA;CLINICA CIRURGICA/HRB/CHB;2025;4;5,095238095238095;0,3364485981308412
HRBJA;CLINICA CIRURGICA/HRB/CHB;2025;5;5,476190476190476;0,3478260869565217
HRBJA;CLINICA CIRURGICA/HRB/CHB;2025;6;4,9523809523809526;0,18269230769230774
HRBJA;CLINICA CIRURGICA/HRB/CHB;2025;7;5,142857142857143;0,13888888888888895
HRBJA;CLINICA CIRURGICA/HRB/CHB;2025;8;5,571428571428571;0,04273504273504296
HRBJA;CLINICA CIRURGICA/HRB/CHB;2025;9;4,571428571428571;0,20833333333333331
HRBJA;CLINICA CIRURGICA/HRB/CHB;2025;10;4,333333333333333;0,42857142857142827
HRBJA;CLINICA CIRURGICA/HRB/CHB;2025;11;4,333333333333333;0,2527472527472526
HRBJA;CLINICA CIRURGICA/HRB/CHB;2025;12;5,380952380952381;0,1946902654867257
HRBJA;CLINICA CIRURGICA/HRB/CHB;2026;1;5,571428571428571;0,1452991452991451
HRBJA;CLINICA CIRURGICA/HRB/CHB;2026;2;5,298342541436464;0,15328467153284675
HRBJA;CLINICA CIRURGICA/HRB/CHB;2026;3;5,142857142857143;0,2055555555555556
HRBJA;CLINICA CIRURGICA/HRB/CHB;2026;4;4,514285714285714;0,1392405063291139
HRBJA;CLINICA CIRURGICA/HRB/CHB;2026;5;4,742857142857143;0,12650602409638587
HRBJA;CLINICA MEDICA/HRB/CHB;2024;6;1,829268292682927;2,1999999999999997
HRBJA;CLINICA MEDICA/HRB/CHB;2024;7;2,767857142857143;0,18666666666666726
HRBJA;CLINICA MEDICA/HRB/CHB;2024;8;2,9594272076372317;0,14999999999999963
HRBJA;CLINICA MEDICA/HRB/CHB;2024;9;3,0145278450363198;0,1686746987951803
HRBJA;CLINICA MEDICA/HRB/CHB;2024;10;2,081272084805654;0,3333333333333341
HRBJA;CLINICA MEDICA/HRB/CHB;2024;11;3,4264884568651275;0,4574468085106384
HRBJA;CLINICA MEDICA/HRB/CHB;2024;12;4,147887323943662;0,1842105263157892
HRBJA;CLINICA MEDICA/HRB/CHB;2025;1;4,111111111111111;0,1981981981981978
HRBJA;CLINICA MEDICA/HRB/CHB;2025;2;3,3118279569892475;0,18181818181818168
HRBJA;CLINICA MEDICA/HRB/CHB;2025;3;3,6666666666666665;0,1414141414141415
HRBJA;CLINICA MEDICA/HRB/CHB;2025;4;3,814814814814815;0,11650485436893221
HRBJA;CLINICA MEDICA/HRB/CHB;2025;5;3,925925925925926;0,10377358490566019
HRBJA;CLINICA MEDICA/HRB/CHB;2025;6;4,06905055487053;0,23636363636363628
HRBJA;CLINICA MEDICA/HRB/CHB;2025;7;4,101311084624553;0,027027027027027008
HRBJA;CLINICA MEDICA/HRB/CHB;2025;8;3,259259259259259;0,10227272727272717
HRBJA;CLINICA MEDICA/HRB/CHB;2025;9;3,0;0,13580246913580288
HRBJA;CLINICA MEDICA/HRB/CHB;2025;10;3,111111111111111;0,10714285714285705
HRBJA;CLINICA MEDICA/HRB/CHB;2025;11;3,4444444444444446;0,04301075268817243
HRBJA;CLINICA MEDICA/HRB/CHB;2025;12;2,925925925925926;0,35443037974683567
HRBJA;CLINICA MEDICA/HRB/CHB;2026;1;3,223700120918984;0,3488372093023258
HRBJA;CLINICA MEDICA/HRB/CHB;2026;2;4,250825082508251;0,23913043478260865
HRBJA;CLINICA MEDICA/HRB/CHB;2026;3;4,315545243619489;0,6833333333333329
HRBJA;CLINICA MEDICA/HRB/CHB;2026;4;3,2085561497326203;0,9000000000000004
HRBJA;CLINICA MEDICA/HRB/CHB;2026;5;3,1649214659685865;0,5897435897435894
HRBJA;PRONTO ATENDIMENTO;2020;6;0,703125;40,5
HRBJA;TRAUMATO-ORTOPEDIA CIRURGICA/CHPB/CHB;2024;6;1,1842105263157894;-4,666666666666666
HRBJA;TRAUMATO-ORTOPEDIA CIRURGICA/CHPB/CHB;2024;7;0,6923076923076923;2,5555555555555545
HRBJA;TRAUMATO-ORTOPEDIA CIRURGICA/CHPB/CHB;2024;8;0,7692307692307693;11,8
HRBJA;TRAUMATO-ORTOPEDIA CIRURGICA/CHPB/CHB;2024;9;0,6923076923076923;10,666666666666666
HRBJA;TRAUMATO-ORTOPEDIA CIRURGICA/CHPB/CHB;2024;10;0,6923076923076923;20,33333333333333
HRBJA;TRAUMATO-ORTOPEDIA CIRURGICA/CHPB/CHB;2024;11;1,0;15,307692307692307
HRBJA;TRAUMATO-ORTOPEDIA CIRURGICA/CHPB/CHB;2024;12;1,0;16,30769230769231
HRBJA;TRAUMATO-ORTOPEDIA CIRURGICA/CHPB/CHB;2025;1;1,1538461538461537;16,46666666666667
HRBJA;TRAUMATO-ORTOPEDIA CIRURGICA/CHPB/CHB;2025;2;0,5384615384615384;40,42857142857143
HRBJA;TRAUMATO-ORTOPEDIA CIRURGICA/CHPB/CHB;2025;3;1,0825396825396825;12,818181818181817
HRBJA;TRAUMATO-ORTOPEDIA CIRURGICA/CHPB/CHB;2025;4;0,3333333333333333;51,333333333333336
HRBJA;TRAUMATO-ORTOPEDIA CIRURGICA/CHPB/CHB;2025;5;1,0;17,222222222222225
HRBJA;TRAUMATO-ORTOPEDIA CIRURGICA/CHPB/CHB;2025;6;1,0;8,666666666666664
HRBJA;TRAUMATO-ORTOPEDIA CIRURGICA/CHPB/CHB;2025;7;1,1111111111111112;14,500000000000002
HRBJA;TRAUMATO-ORTOPEDIA CIRURGICA/CHPB/CHB;2025;8;1,8888888888888888;4,941176470588235
HRBJA;TRAUMATO-ORTOPEDIA CIRURGICA/CHPB/CHB;2025;9;1,1111111111111112;12,7
HRBJA;TRAUMATO-ORTOPEDIA CIRURGICA/CHPB/CHB;2025;10;0,4444444444444444;56,25
HRBJA;TRAUMATO-ORTOPEDIA CIRURGICA/CHPB/CHB;2025;11;0,5555555555555556;41,6
HRBJA;TRAUMATO-ORTOPEDIA CIRURGICA/CHPB/CHB;2025;12;1,0;16,666666666666668
HRBJA;TRAUMATO-ORTOPEDIA CIRURGICA/CHPB/CHB;2026;1;0,8888888888888888;23,875000000000004
HRBJA;TRAUMATO-ORTOPEDIA CIRURGICA/CHPB/CHB;2026;2;1,0202429149797572;9,11111111111111
HRBJA;TRAUMATO-ORTOPEDIA CIRURGICA/CHPB/CHB;2026;3;2,915360501567398;2,3
HRBJA;TRAUMATO-ORTOPEDIA CIRURGICA/CHPB/CHB;2026;4;1,9063545150501673;0,15789473684210467
HRBJA;TRAUMATO-ORTOPEDIA CIRURGICA/CHPB/CHB;2026;5;2,17;1,1904761904761898
HRBJA;UAVC-AGUDO/HRB/CHB;2026;3;3,032608695652174;4,444444444444445
HRBJA;UAVC-AGUDO/HRB/CHB;2026;4;3,0;4,166666666666666
HRBJA;UAVC-AGUDO/HRB/CHB;2026;5;3,25;3,7692307692307687
HRBJA;UCR-CIRURGICA/HRB/CHB;2026;2;7,0;0,0
HRBJA;UCR-CIRURGICA/HRB/CHB;2026;3;7,311320754716981;0,31999999999999995
HRBJA;UCR-CIRURGICA/HRB/CHB;2026;4;7,0;0,5000000000000001
HRBJA;UCR-CIRURGICA/HRB/CHB;2026;5;7,5;0,5999999999999999
HRBJA;UNIDADE INTERNAÇÃO - CLINICA CIRURGICA;2019;1;3,2857142857142856;1,6521739130434783
HRBJA;UNIDADE INTERNAÇÃO - CLINICA CIRURGICA;2019;2;3,142857142857143;1,878787878787879
HRBJA;UNIDADE INTERNAÇÃO - CLINICA CIRURGICA;2019;3;3,619047619047619;0,7236842105263158
HRBJA;UNIDADE INTERNAÇÃO - CLINICA CIRURGICA;2019;4;4,0;1,1666666666666667
HRBJA;UNIDADE INTERNAÇÃO - CLINICA CIRURGICA;2019;5;3,6666666666666665;0,38961038961038985
HRBJA;UNIDADE INTERNAÇÃO - CLINICA CIRURGICA;2019;6;3,0952380952380953;1,2923076923076922
HRBJA;UNIDADE INTERNAÇÃO - CLINICA CIRURGICA;2019;7;3,2857142857142856;1,4202898550724634
HRBJA;UNIDADE INTERNAÇÃO - CLINICA CIRURGICA;2019;8;3,2857142857142856;1,4927536231884058
HRBJA;UNIDADE INTERNAÇÃO - CLINICA CIRURGICA;2019;9;2,7142857142857144;0,8421052631578942
HRBJA;UNIDADE INTERNAÇÃO - CLINICA CIRURGICA;2019;10;3,9523809523809526;0,5301204819277109
HRBJA;UNIDADE INTERNAÇÃO - CLINICA CIRURGICA;2019;11;3,9047619047619047;0,24390243902439027
HRBJA;UNIDADE INTERNAÇÃO - CLINICA CIRURGICA;2019;12;2,9523809523809526;1,0322580645161297
HRBJA;UNIDADE INTERNAÇÃO - CLINICA CIRURGICA;2020;1;4,0476190476190474;0,88235294117647
HRBJA;UNIDADE INTERNAÇÃO - CLINICA CIRURGICA;2020;2;2,4285714285714284;2,352941176470588
HRBJA;UNIDADE INTERNAÇÃO - CLINICA CIRURGICA;2020;3;3,0952380952380953;2,046153846153847
HRBJA;UNIDADE INTERNAÇÃO - CLINICA CIRURGICA;2020;4;3,0;2,4444444444444446
HRBJA;UNIDADE INTERNAÇÃO - CLINICA CIRURGICA;2020;5;3,615780445969125;2,455882352941176
HRBJA;UNIDADE INTERNAÇÃO - CLINICA CIRURGICA;2020;6;3,5714285714285716;1,8399999999999999
HRBJA;UNIDADE INTERNAÇÃO - CLINICA CIRURGICA;2020;7;4,380952380952381;0,5760869565217396
HRBJA;UNIDADE INTERNAÇÃO - CLINICA CIRURGICA;2020;8;4,333333333333333;0,9340659340659343
HRBJA;UNIDADE INTERNAÇÃO - CLINICA CIRURGICA;2020;9;4,285714285714286;0,766666666666667
HRBJA;UNIDADE INTERNAÇÃO - CLINICA CIRURGICA;2020;10;3,857142857142857;0,41975308641975334
HRBJA;UNIDADE INTERNAÇÃO - CLINICA CIRURGICA;2020;11;2,9523809523809526;0,40322580645161255
HRBJA;UNIDADE INTERNAÇÃO - CLINICA CIRURGICA;2020;12;3,0952380952380953;1,9692307692307691
HRBJA;UNIDADE INTERNAÇÃO - CLINICA CIRURGICA;2021;1;2,2857142857142856;2,291666666666667
HRBJA;UNIDADE INTERNAÇÃO - CLINICA CIRURGICA;2021;2;2,7142857142857144;1,684210526315789
HRBJA;UNIDADE INTERNAÇÃO - CLINICA CIRURGICA;2021;3;3,057010785824345;1,5156249999999996
HRBJA;UNIDADE INTERNAÇÃO - CLINICA CIRURGICA;2021;4;3,1372549019607843;1,6249999999999996
HRBJA;UNIDADE INTERNAÇÃO - CLINICA CIRURGICA;2021;5;4,133333333333334;1,1046511627906979
HRBJA;UNIDADE INTERNAÇÃO - CLINICA CIRURGICA;2021;6;3,0573248407643314;0,8124999999999998
HRBJA;UNIDADE INTERNAÇÃO - CLINICA CIRURGICA;2021;7;3,5238095238095237;0,8918918918918919
HRBJA;UNIDADE INTERNAÇÃO - CLINICA CIRURGICA;2021;8;3,4285714285714284;0,9722222222222223
HRBJA;UNIDADE INTERNAÇÃO - CLINICA CIRURGICA;2021;9;2,761904761904762;0,5862068965517244
HRBJA;UNIDADE INTERNAÇÃO - CLINICA CIRURGICA;2021;10;2,9523809523809526;0,33870967741935454
HRBJA;UNIDADE INTERNAÇÃO - CLINICA CIRURGICA;2021;11;3,142857142857143;0,5757575757575758
HRBJA;UNIDADE INTERNAÇÃO - CLINICA CIRURGICA;2021;12;3,5238095238095237;0,9864864864864864
HRBJA;UNIDADE INTERNAÇÃO - CLINICA CIRURGICA;2022;1;2,436055469953775;1,274509803921569
HRBJA;UNIDADE INTERNAÇÃO - CLINICA CIRURGICA;2022;2;3,2442067736185383;0,6923076923076922
HRBJA;UNIDADE INTERNAÇÃO - CLINICA CIRURGICA;2022;3;3,423017107309487;1,1126760563380287
HRBJA;UNIDADE INTERNAÇÃO - CLINICA CIRURGICA;2022;4;2,7142857142857144;1,0350877192982457
HRBJA;UNIDADE INTERNAÇÃO - CLINICA CIRURGICA;2022;5;3,095163806552262;1,2187499999999996
HRBJA;UNIDADE INTERNAÇÃO - CLINICA CIRURGICA;2022;6;2,665589660743134;1,5636363636363644
HRBJA;UNIDADE INTERNAÇÃO - CLINICA CIRURGICA;2022;7;3,619047619047619;1,1315789473684206
HRBJA;UNIDADE INTERNAÇÃO - CLINICA CIRURGICA;2022;8;3,084577114427861;0,8166666666666662
HRBJA;UNIDADE INTERNAÇÃO - CLINICA CIRURGICA;2022;9;3,5714285714285716;0,7866666666666666
HRBJA;UNIDADE INTERNAÇÃO - CLINICA CIRURGICA;2022;10;3,749574105621806;0,9014084507042252
HRBJA;UNIDADE INTERNAÇÃO - CLINICA CIRURGICA;2022;11;2,8668941979522184;0,1607142857142858
HRBJA;UNIDADE INTERNAÇÃO - CLINICA CIRURGICA;2022;12;3,2946859903381642;1,333333333333333
HRBJA;UNIDADE INTERNAÇÃO - CLINICA CIRURGICA;2023;1;3,0;0,9365079365079367
HRBJA;UNIDADE INTERNAÇÃO - CLINICA CIRURGICA;2023;2;2,3333333333333335;0,28571428571428603
HRBJA;UNIDADE INTERNAÇÃO - CLINICA CIRURGICA;2023;3;2,9523809523809526;0,2758620689655169
HRBJA;UNIDADE INTERNAÇÃO - CLINICA CIRURGICA;2023;4;3,0952380952380953;1,0923076923076926
HRBJA;UNIDADE INTERNAÇÃO - CLINICA CIRURGICA;2023;5;2,1904761904761907;0,8478260869565212
HRBJA;UNIDADE INTERNAÇÃO - CLINICA CIRURGICA;2023;6;3,0476190476190474;0,3593749999999998
HRBJA;UNIDADE INTERNAÇÃO - CLINICA CIRURGICA;2023;7;2,6666666666666665;0,3392857142857146
HRBJA;UNIDADE INTERNAÇÃO - CLINICA CIRURGICA;2023;8;3,0476190476190474;0,06250000000000011
HRBJA;UNIDADE INTERNAÇÃO - CLINICA CIRURGICA;2023;9;3,238095238095238;0,16176470588235342
HRBJA;UNIDADE INTERNAÇÃO - CLINICA CIRURGICA;2023;10;2,5714285714285716;0,018518518518518882
HRBJA;UNIDADE INTERNAÇÃO - CLINICA CIRURGICA;2023;11;4,238095238095238;0,08988764044943787
HRBJA;UNIDADE INTERNAÇÃO - CLINICA CIRURGICA;2023;12;3,857142857142857;0,2839506172839509
HRBJA;UNIDADE INTERNAÇÃO - CLINICA CIRURGICA;2024;1;3,51840490797546;0,13513513513513534
HRBJA;UNIDADE INTERNAÇÃO - CLINICA CIRURGICA;2024;2;2,4761904761904763;0,17307692307692285
HRBJA;UNIDADE INTERNAÇÃO - CLINICA CIRURGICA;2024;3;3,0952380952380953;0,1076923076923076
HRBJA;UNIDADE INTERNAÇÃO - CLINICA CIRURGICA;2024;4;2,9523809523809526;0,17741935483871019
HRBJA;UNIDADE INTERNAÇÃO - CLINICA CIRURGICA;2024;5;4,619047619047619;-0,010309278350515668
HRBJA;UNIDADE INTERNAÇÃO - CLINICA CIRURGICA;2024;6;3,6;0,7301587301587299
HRBJA;UNIDADE INTERNAÇÃO - CLINICA MÉDICA;2019;1;2,5;0,7727272727272719
HRBJA;UNIDADE INTERNAÇÃO - CLINICA MÉDICA;2019;2;2,340909090909091;0,7184466019417473
HRBJA;UNIDADE INTERNAÇÃO - CLINICA MÉDICA;2019;3;2,2954545454545454;1,4950495049504953
HRBJA;UNIDADE INTERNAÇÃO - CLINICA MÉDICA;2019;4;2,477272727272727;0,5045871559633023
HRBJA;UNIDADE INTERNAÇÃO - CLINICA MÉDICA;2019;5;2,5;0,48181818181818137
HRBJA;UNIDADE INTERNAÇÃO - CLINICA MÉDICA;2019;6;2,090909090909091;0,5652173913043483
HRBJA;UNIDADE INTERNAÇÃO - CLINICA MÉDICA;2019;7;2,4318181818181817;0,8598130841121503
HRBJA;UNIDADE INTERNAÇÃO - CLINICA MÉDICA;2019;8;2,5454545454545454;0,45535714285714246
HRBJA;UNIDADE INTERNAÇÃO - CLINICA MÉDICA;2019;9;2,3863636363636362;0,40000000000000047
HRBJA;UNIDADE INTERNAÇÃO - CLINICA MÉDICA;2019;10;2,6363636363636362;0,5258620689655168
HRBJA;UNIDADE INTERNAÇÃO - CLINICA MÉDICA;2019;11;2,159090909090909;0,9789473684210523
HRBJA;UNIDADE INTERNAÇÃO - CLINICA MÉDICA;2019;12;2,25;0,44444444444444403
HRBJA;UNIDADE INTERNAÇÃO - CLINICA MÉDICA;2020;1;2,2954545454545454;0,7425742574257418
HRBJA;UNIDADE INTERNAÇÃO - CLINICA MÉDICA;2020;2;2,2954545454545454;0,9801980198019801
HRBJA;UNIDADE INTERNAÇÃO - CLINICA MÉDICA;2020;3;2,3636363636363638;0,6538461538461533
HRBJA;UNIDADE INTERNAÇÃO - CLINICA MÉDICA;2020;4;2,0681818181818183;2,714285714285715
HRBJA;UNIDADE INTERNAÇÃO - CLINICA MÉDICA;2020;5;2,3379888268156424;2,6296296296296298
HRBJA;UNIDADE INTERNAÇÃO - CLINICA MÉDICA;2020;6;2,5681818181818183;1,389380530973451
HRBJA;UNIDADE INTERNAÇÃO - CLINICA MÉDICA;2020;7;2,8181818181818183;0,9516129032258069
HRBJA;UNIDADE INTERNAÇÃO - CLINICA MÉDICA;2020;8;2,6818181818181817;1,0932203389830513
HRBJA;UNIDADE INTERNAÇÃO - CLINICA MÉDICA;2020;9;2,4318181818181817;0,9158878504672894
HRBJA;UNIDADE INTERNAÇÃO - CLINICA MÉDICA;2020;10;2,5681818181818183;0,6194690265486719
HRBJA;UNIDADE INTERNAÇÃO - CLINICA MÉDICA;2020;11;2,659090909090909;0,9914529914529916
HRBJA;UNIDADE INTERNAÇÃO - CLINICA MÉDICA;2020;12;2,477272727272727;3,3944954128440363
HRBJA;UNIDADE INTERNAÇÃO - CLINICA MÉDICA;2021;1;2,477272727272727;3,220183486238532
HRBJA;UNIDADE INTERNAÇÃO - CLINICA MÉDICA;2021;2;2,2833607907743;1,616161616161616
HRBJA;UNIDADE INTERNAÇÃO - CLINICA MÉDICA;2021;3;2,785986290936786;2,084745762711864
HRBJA;UNIDADE INTERNAÇÃO - CLINICA MÉDICA;2021;4;3,0187207488299532;2,093023255813953
HRBJA;UNIDADE INTERNAÇÃO - CLINICA MÉDICA;2021;5;2,6247139588100685;1,495495495495496
HRBJA;UNIDADE INTERNAÇÃO - CLINICA MÉDICA;2021;6;2,8625954198473282;1,3920000000000001
HRBJA;UNIDADE INTERNAÇÃO - CLINICA MÉDICA;2021;7;3,0081481481481482;1,343511450381679
HRBJA;UNIDADE INTERNAÇÃO - CLINICA MÉDICA;2021;8;2,7359760658189978;0,8220338983050847
HRBJA;UNIDADE INTERNAÇÃO - CLINICA MÉDICA;2021;9;2,7022900763358777;1,2796610169491525
HRBJA;UNIDADE INTERNAÇÃO - CLINICA MÉDICA;2021;10;2,6460632818248713;0,49137931034482746
HRBJA;UNIDADE INTERNAÇÃO - CLINICA MÉDICA;2021;11;2,425629290617849;0,8867924528301887
HRBJA;UNIDADE INTERNAÇÃO - CLINICA MÉDICA;2021;12;2,5680473372781063;1,0446428571428574
HRBJA;UNIDADE INTERNAÇÃO - CLINICA MÉDICA;2022;1;2,8031914893617023;1,0420168067226896
HRBJA;UNIDADE INTERNAÇÃO - CLINICA MÉDICA;2022;2;1,9665551839464883;1,3333333333333341
HRBJA;UNIDADE INTERNAÇÃO - CLINICA MÉDICA;2022;3;2,748882265275708;0,8235294117647064
HRBJA;UNIDADE INTERNAÇÃO - CLINICA MÉDICA;2022;4;2,3076923076923075;0,7900000000000004
HRBJA;UNIDADE INTERNAÇÃO - CLINICA MÉDICA;2022;5;2,508298755186722;0,700854700854701
HRBJA;UNIDADE INTERNAÇÃO - CLINICA MÉDICA;2022;6;2,2153209109730847;1,22429906542056
HRBJA;UNIDADE INTERNAÇÃO - CLINICA MÉDICA;2022;7;2,942649967040211;1,013888888888889
HRBJA;UNIDADE INTERNAÇÃO - CLINICA MÉDICA;2022;8;2,9183673469387754;1,0909090909090908
HRBJA;UNIDADE INTERNAÇÃO - CLINICA MÉDICA;2022;9;2,489795918367347;1,0409836065573768
HRBJA;UNIDADE INTERNAÇÃO - CLINICA MÉDICA;2022;10;2,2244897959183674;1,5137614678899076
HRBJA;UNIDADE INTERNAÇÃO - CLINICA MÉDICA;2022;11;2,1575342465753424;1,5047619047619056
HRBJA;UNIDADE INTERNAÇÃO - CLINICA MÉDICA;2022;12;2,682092555331992;1,5736434108527126
HRBJA;UNIDADE INTERNAÇÃO - CLINICA MÉDICA;2023;1;2,480820105820106;1,8760330578512394
HRBJA;UNIDADE INTERNAÇÃO - CLINICA MÉDICA;2023;2;2,183673469387755;1,4392523364485985
HRBJA;UNIDADE INTERNAÇÃO - CLINICA MÉDICA;2023;3;2,5706254392129306;0,8220338983050852
HRBJA;UNIDADE INTERNAÇÃO - CLINICA MÉDICA;2023;4;2,7551020408163267;1,237037037037037
HRBJA;UNIDADE INTERNAÇÃO - CLINICA MÉDICA;2023;5;2,7755102040816326;0,889705882352941
HRBJA;UNIDADE INTERNAÇÃO - CLINICA MÉDICA;2023;6;2,7755102040816326;1,3750000000000002
HRBJA;UNIDADE INTERNAÇÃO - CLINICA MÉDICA;2023;7;2,63265306122449;1,0310077519379839
HRBJA;UNIDADE INTERNAÇÃO - CLINICA MÉDICA;2023;8;2,857142857142857;1,0428571428571431
HRBJA;UNIDADE INTERNAÇÃO - CLINICA MÉDICA;2023;9;2,63265306122449;1,1317829457364348
HRBJA;UNIDADE INTERNAÇÃO - CLINICA MÉDICA;2023;10;2,4693877551020407;1,0991735537190077
HRBJA;UNIDADE INTERNAÇÃO - CLINICA MÉDICA;2023;11;2,7755102040816326;0,9779411764705883
HRBJA;UNIDADE INTERNAÇÃO - CLINICA MÉDICA;2023;12;2,877551020408163;1,205673758865248
HRBJA;UNIDADE INTERNAÇÃO - CLINICA MÉDICA;2024;1;3,4376640419947506;1,023668639053254
HRBJA;UNIDADE INTERNAÇÃO - CLINICA MÉDICA;2024;2;3,0816326530612246;0,9072847682119202
HRBJA;UNIDADE INTERNAÇÃO - CLINICA MÉDICA;2024;3;2,938775510204082;0,6875000000000006
HRBJA;UNIDADE INTERNAÇÃO - CLINICA MÉDICA;2024;4;2,8979591836734695;0,7676056338028174
HRBJA;UNIDADE INTERNAÇÃO - CLINICA MÉDICA;2024;5;2,4693877551020407;0,9586776859504132
HRBJA;UNIDADE INTERNAÇÃO - CLINICA MÉDICA;2024;6;2,057142857142857;2,511904761904761
HRBJA;UNIDADE INTERNAÇÃO - CLINICA MÉDICA COVID-19;2020;7;2,0;14,649999999999999
HRBJA;UNIDADE INTERNAÇÃO - CLINICA MÉDICA COVID-19;2020;8;1,0;29,8
HRBJA;UNIDADE INTERNAÇÃO - CLINICA MÉDICA COVID-19;2020;9;1,5;19,4
HRBJA;UNIDADE INTERNAÇÃO - CLINICA MÉDICA COVID-19;2020;10;0,20666666666666667;146,0
HRBJA;UTI;2019;1;0,6;-0,9999999999999968
HRBJA;UTI;2019;2;0,2;0,4999999999999982
HRBJA;UTI;2019;3;0,6;-0,16666666666666424
HRBJA;UTI;2019;4;0,5;0,40000000000000263
HRBJA;UTI;2019;5;0,7;0,7142857142857136
HRBJA;UTI;2019;6;0,4;-0,49999999999999495
HRBJA;UTI;2019;7;0,8;0,25000000000000067
HRBJA;UTI;2019;8;0,7;-0,28571428571428154
HRBJA;UTI;2019;9;0,5;0,0
HRBJA;UTI;2019;10;0,8;0,25000000000000067
HRBJA;UTI;2019;11;0,6;0,6666666666666654
HRBJA;UTI;2019;12;0,5;-0,39999999999999414
HRBJA;UTI;2020;1;0,8;0,12499999999999817
HRBJA;UTI;2020;2;0,7;0,2857142857142863
HRBJA;UTI;2020;3;1,5;0,26666666666666733
HRBJA;UTI;2020;4;1,1;0,272727272727273
HRBJA;UTI;2020;5;1,7;-0,17647058823529554
HRBJA;UTI;2020;6;1,2;-0,5000000000000004
HRBJA;UTI;2020;7;1,0;0,299999999999999
HRBJA;UTI;2020;8;1,0;0,0
HRBJA;UTI;2020;9;0,2;0,0
HRBJA;UTI;2020;10;0,8;0,12499999999999817
HRBJA;UTI;2020;11;0,9;0,44444444444444353
HRBJA;UTI;2020;12;1,5;1,0666666666666673
HRBJA;UTI;2021;1;0,8;6,75
HRBJA;UTI;2021;2;1,0;0,3999999999999986
HRBJA;UTI;2021;3;0,8;0,25000000000000067
HRBJA;UTI;2021;4;1,1;-0,090909090909093
HRBJA;UTI;2021;5;0,47692307692307695;-1,9999999999999931
HRBJA;UTI - ADULTO;2021;5;0,62;0,0
HRBJA;UTI - ADULTO;2021;6;1,0;0,0
HRBJA;UTI - ADULTO;2021;7;0,7;0,14285714285714077
HRBJA;UTI - ADULTO;2021;8;0,6;0,16666666666666421
HRBJA;UTI - ADULTO;2021;9;0,4;-0,49999999999999495
HRBJA;UTI - ADULTO;2021;10;1,0;0,20000000000000054
HRBJA;UTI - ADULTO;2021;11;0,9;0,22222222222222368
HRBJA;UTI - ADULTO;2021;12;0,8;0,25000000000000067
HRBJA;UTI - ADULTO;2022;1;1,1;1,7272727272727268
HRBJA;UTI - ADULTO;2022;2;0,6;3,1666666666666656
HRBJA;UTI - ADULTO;2022;3;0,6;1,9999999999999993
HRBJA;UTI - ADULTO;2022;4;0,7;0,28571428571428753
HRBJA;UTI - ADULTO;2022;5;0,9;0,0
HRBJA;UTI - ADULTO;2022;6;0,4;0,0
HRBJA;UTI - ADULTO;2022;7;0,6;0,4999999999999984
HRBJA;UTI - ADULTO;2022;8;0,8;0,12499999999999817
HRBJA;UTI - ADULTO;2022;9;0,8;0,37500000000000033
HRBJA;UTI - ADULTO;2022;10;0,6;-0,3333333333333285
HRBJA;UTI - ADULTO;2022;11;0,2;0,0
HRBJA;UTI - ADULTO;2022;12;0,7;0,14285714285714077
HRBJA;UTI - ADULTO;2023;1;0,8;-0,12499999999999817
HRBJA;UTI - ADULTO;2023;2;0,8;0,0
HRBJA;UTI - ADULTO;2023;3;0,9620689655172414;-2,2222222222222197
HRBJA;UTI - ADULTO;2023;4;0,3;0,33333333333332993
HRBJA;UTI - ADULTO;2023;5;0,4;0,5000000000000013
HRBJA;UTI - ADULTO;2023;6;1,2;0,16666666666666774
HRBJA;UTI - ADULTO;2023;7;0,6;-0,16666666666666424
HRBJA;UTI - ADULTO;2023;8;0,7;0,14285714285714077
HRBJA;UTI - ADULTO;2023;9;0,6;0,0
HRBJA;UTI - ADULTO;2023;10;0,6;0,0
HRBJA;UTI - ADULTO;2023;11;0,9;0,33333333333333365
HRBJA;UTI - ADULTO;2023;12;0,9;0,0
HRBJA;UTI - ADULTO;2024;1;0,8942307692307693;0,2222222222222214
HRBJA;UTI - ADULTO;2024;2;0,6;0,0
HRBJA;UTI - ADULTO;2024;3;0,5;0,4000000000000011
HRBJA;UTI - ADULTO;2024;4;0,8;0,12499999999999872
HRBJA;UTI - ADULTO;2024;5;0,6;0,4999999999999984
HRBJA;UTI - ADULTO;2024;6;0,96;2,874999999999999
HRBJA;UTI ADULTO/HRB/CHB;2024;6;1,2;1,0000000000000009
HRBJA;UTI ADULTO/HRB/CHB;2024;7;1,5;0,400000000000001
HRBJA;UTI ADULTO/HRB/CHB;2024;8;1,3;0,6153846153846143
HRBJA;UTI ADULTO/HRB/CHB;2024;9;0,903010033444816;0,22222222222222207
HRBJA;UTI ADULTO/HRB/CHB;2024;10;1,4;0,3571428571428568
HRBJA;UTI ADULTO/HRB/CHB;2024;11;1,1;0,3636363636363629
HRBJA;UTI ADULTO/HRB/CHB;2024;12;1,1625;1,6666666666666667
HRBJA;UTI ADULTO/HRB/CHB;2025;1;1,3;0,7307692307692307
HRBJA;UTI ADULTO/HRB/CHB;2025;2;0,8;0,5625000000000019
HRBJA;UTI ADULTO/HRB/CHB;2025;3;1,3;0,6153846153846143
HRBJA;UTI ADULTO/HRB/CHB;2025;4;0,75;0,5333333333333323
HRBJA;UTI ADULTO/HRB/CHB;2025;5;1,35;0,7777777777777766
HRBJA;UTI ADULTO/HRB/CHB;2025;6;1,25;0,4000000000000013
HRBJA;UTI ADULTO/HRB/CHB;2025;7;1,1;0,22727272727272707
HRBJA;UTI ADULTO/HRB/CHB;2025;8;1,15;0,26086956521739046
HRBJA;UTI ADULTO/HRB/CHB;2025;9;0,9;0,22222222222222368
HRBJA;UTI ADULTO/HRB/CHB;2025;10;1,1;-0,04545454545454791
HRBJA;UTI ADULTO/HRB/CHB;2025;11;0,85;0,05882352941176607
HRBJA;UTI ADULTO/HRB/CHB;2025;12;1,0;0,15000000000000124
HRBJA;UTI ADULTO/HRB/CHB;2026;1;0,95;0,3157894736842095
HRBJA;UTI ADULTO/HRB/CHB;2026;2;1,1;0,13636363636363585
HRBJA;UTI ADULTO/HRB/CHB;2026;3;1,1;0,5454545454545469
HRBJA;UTI ADULTO/HRB/CHB;2026;4;1,2;0,2500000000000002
HRBJA;UTI ADULTO/HRB/CHB;2026;5;1,2;0,12500000000000103
HRBJA;UTI COVID-19;2020;7;0,6666666666666666;46,0
HRBJA;UTI COVID-19;2020;8;0,8333333333333334;36,800000000000004
HRBJA;UTI COVID-19;2020;9;0,6666666666666666;42,74999999999999
HRBJA;UTI COVID-19;2020;10;0,34444444444444444;
HRBJA;UUE/INTERNAÇÃO/HRB/CHB;2024;6;1,7763157894736843;
HRBJA;UUE/INTERNAÇÃO/HRB/CHB;2024;7;4,016194331983805;
HRBJA;UUE/INTERNAÇÃO/HRB/CHB;2024;8;5,785790031813361;
HRBJA;UUE/INTERNAÇÃO/HRB/CHB;2024;9;6,803713527851459;
HRBJA;UUE/INTERNAÇÃO/HRB/CHB;2024;10;2,8510948905109488;
HRBJA;UUE/INTERNAÇÃO/HRB/CHB;2024;11;1,791044776119403;
HRBJA;UUE/INTERNAÇÃO/HRB/CHB;2024;12;5,166666666666667;
HRBJA;UUE/INTERNAÇÃO/HRB/CHB;2025;1;6,959183673469388;-0,7727272727272727
HRBJA;UUE/INTERNAÇÃO/HRB/CHB;2025;2;6,683870967741935;-0,7027027027027029
HRBJA;UUE/INTERNAÇÃO/HRB/CHB;2025;3;5,470588235294118;1,1666666666666667
HRBJA;UUE/INTERNAÇÃO/HRB/CHB;2025;4;4,7560975609756095;2,333333333333333
HRBJA;UUE/INTERNAÇÃO/HRB/CHB;2025;5;3,26953125;4,9259259259259265
HRBJA;UUE/INTERNAÇÃO/HRB/CHB;2025;6;2,926829268292683;4,708333333333333
HRBJA;UUE/INTERNAÇÃO/HRB/CHB;2025;7;4,96484375;2,4390243902439024
HRBJA;UUE/INTERNAÇÃO/HRB/CHB;2025;8;3,4065934065934065;1,4333333333333327
HRBJA;UUE/INTERNAÇÃO/HRB/CHB;2025;9;4,300341296928328;0,2380952380952379
HRBJA;UUE/INTERNAÇÃO/HRB/CHB;2025;10;4,584507042253521;1,1428571428571432
HRBJA;UUE/INTERNAÇÃO/HRB/CHB;2025;11;4,785992217898833;2,0731707317073167
HRBJA;UUE/INTERNAÇÃO/HRB/CHB;2025;12;4,667953667953668;2,3076923076923075
HRBJA;UUE/INTERNAÇÃO/HRB/CHB;2026;1;5,819923371647509;1,2040816326530612
HRBJA;UUE/INTERNAÇÃO/HRB/CHB;2026;2;5,576271186440678;1,0425531914893615
HRBJA;UUE/INTERNAÇÃO/HRB/CHB;2026;3;2,066666666666667;7,2
HRJP;ALOJAMENTO CONJUNTO;2021;3;8,081196581196581;0,6065573770491802
HRJP;ALOJAMENTO CONJUNTO;2021;4;7,666666666666667;0,7101449275362318
HRJP;ALOJAMENTO CONJUNTO;2021;5;8,166666666666666;0,3673469387755103
HRJP;ALOJAMENTO CONJUNTO;2021;6;6,635687732342007;1,596638655462185
HRJP;ALOJAMENTO CONJUNTO;2021;7;7,068222621184919;1,1653543307086616
HRJP;ALOJAMENTO CONJUNTO;2021;8;8,0;0,8888888888888892
HRJP;ALOJAMENTO CONJUNTO;2021;9;8,0;1,2777777777777781
HRJP;ALOJAMENTO CONJUNTO;2021;10;6,833333333333333;1,934959349593496
HRJP;ALOJAMENTO CONJUNTO;2021;11;7,222222222222222;1,3846153846153848
HRJP;ALOJAMENTO CONJUNTO;2021;12;7,055555555555555;1,322834645669291
HRJP;ALOJAMENTO CONJUNTO;2022;1;8,204158790170132;0,9428571428571433
HRJP;ALOJAMENTO CONJUNTO;2022;2;8,242424242424242;0,8455882352941174
HRJP;ALOJAMENTO CONJUNTO;2022;3;7,622950819672131;1,1037037037037039
HRJP;ALOJAMENTO CONJUNTO;2022;4;8,444444444444445;0,6973684210526316
HRJP;ALOJAMENTO CONJUNTO;2022;5;7,888888888888889;0,9366197183098589
HRJP;ALOJAMENTO CONJUNTO;2022;6;6,611111111111111;1,134453781512605
HRJP;ALOJAMENTO CONJUNTO;2022;7;7,611111111111111;1,4087591240875914
HRJP;ALOJAMENTO CONJUNTO;2022;8;6,666666666666667;1,5166666666666664
HRJP;ALOJAMENTO CONJUNTO;2022;9;6,388888888888889;2,0695652173913044
HRJP;ALOJAMENTO CONJUNTO;2022;10;5,666666666666667;2,637254901960785
HRJP;ALOJAMENTO CONJUNTO;2022;11;6,111111111111111;1,8909090909090909
HRJP;ALOJAMENTO CONJUNTO;2022;12;6,944444444444445;1,6240000000000003
HRJP;ALOJAMENTO CONJUNTO;2023;1;7,111111111111111;1,6953124999999996
HRJP;ALOJAMENTO CONJUNTO;2023;2;6,833333333333333;1,4227642276422763
HRJP;ALOJAMENTO CONJUNTO;2023;3;7,4541984732824424;1,1428571428571428
HRJP;ALOJAMENTO CONJUNTO;2023;4;7,777777777777778;0,957142857142857
HRJP;ALOJAMENTO CONJUNTO;2023;5;8,567272727272726;0,7828947368421052
HRJP;ALOJAMENTO CONJUNTO;2023;6;7,166666666666667;1,3410852713178298
HRJP;ALOJAMENTO CONJUNTO;2023;7;7,722222222222222;1,3093525179856114
HRJP;ALOJAMENTO CONJUNTO;2023;8;6,777777777777778;1,459016393442623
HRJP;ALOJAMENTO CONJUNTO;2023;9;6,888888888888889;1,104838709677419
HRJP;ALOJAMENTO CONJUNTO;2023;10;7,555555555555555;1,036764705882353
HRJP;ALOJAMENTO CONJUNTO;2023;11;7,444444444444445;1,134328358208955
HRJP;ALOJAMENTO CONJUNTO;2023;12;6,833333333333333;1,4552845528455283
HRJP;ALOJAMENTO CONJUNTO;2024;1;7,944444444444445;0,9300699300699299
HRJP;ALOJAMENTO CONJUNTO;2024;2;7,0;1,1190476190476186
HRJP;ALOJAMENTO CONJUNTO;2024;3;7,277777777777778;1,1755725190839696
HRJP;ALOJAMENTO CONJUNTO;2024;4;7,055555555555555;0,8582677165354331
HRJP;ALOJAMENTO CONJUNTO;2024;5;7,666666666666667;1,0652173913043477
HRJP;ALOJAMENTO CONJUNTO;2024;6;7,888888888888889;0,9084507042253522
HRJP;ALOJAMENTO CONJUNTO;2024;7;6,901256732495511;1,6693548387096775
HRJP;ALOJAMENTO CONJUNTO;2024;8;7,111111111111111;1,6328125000000004
HRJP;ALOJAMENTO CONJUNTO;2024;9;8,277777777777779;0,9530201342281879
HRJP;ALOJAMENTO CONJUNTO;2024;10;8,160984848484848;0,935251798561151
HRJP;ALOJAMENTO CONJUNTO;2024;11;7,6;2,4210526315789473
HRJP;ALOJAMENTO CONJUNTO /UNIDADE DE INTERNAÇÃO;2024;11;8,421052631578947;0,5267857142857142
HRJP;ALOJAMENTO CONJUNTO /UNIDADE DE INTERNAÇÃO;2024;12;8,330396475770925;0,7622950819672131
HRJP;ALOJAMENTO CONJUNTO /UNIDADE DE INTERNAÇÃO;2025;1;8,11328125;1,0597014925373134
HRJP;ALOJAMENTO CONJUNTO /UNIDADE DE INTERNAÇÃO;2025;2;7,45413870246085;0,6050420168067228
HRJP;ALOJAMENTO CONJUNTO /UNIDADE DE INTERNAÇÃO;2025;3;9,663063063063063;0,2716763005780349
HRJP;ALOJAMENTO CONJUNTO /UNIDADE DE INTERNAÇÃO;2025;4;8,0;0,5705128205128204
HRJP;ALOJAMENTO CONJUNTO /UNIDADE DE INTERNAÇÃO;2025;5;8,540816326530612;0,20370370370370364
HRJP;ALOJAMENTO CONJUNTO /UNIDADE DE INTERNAÇÃO;2025;6;7,915966386554622;0,6624203821656048
HRJP;ALOJAMENTO CONJUNTO /UNIDADE DE INTERNAÇÃO;2025;7;7,6761904761904765;0,5769230769230768
HRJP;ALOJAMENTO CONJUNTO /UNIDADE DE INTERNAÇÃO;2025;8;8,208881578947368;0,7142857142857141
HRJP;ALOJAMENTO CONJUNTO /UNIDADE DE INTERNAÇÃO;2025;9;8,26771653543307;0,6285714285714286
HRJP;ALOJAMENTO CONJUNTO /UNIDADE DE INTERNAÇÃO;2025;10;8,786971830985916;0,5590062111801241
HRJP;ALOJAMENTO CONJUNTO /UNIDADE DE INTERNAÇÃO;2025;11;8,486486486486486;0,5923566878980892
HRJP;ALOJAMENTO CONJUNTO /UNIDADE DE INTERNAÇÃO;2025;12;8,146384479717813;0,557046979865772
HRJP;ALOJAMENTO CONJUNTO /UNIDADE DE INTERNAÇÃO;2026;1;8,902027027027026;0,2294117647058822
HRJP;ALOJAMENTO CONJUNTO /UNIDADE DE INTERNAÇÃO;2026;2;7,941818181818181;0,23717948717948703
HRJP;ALOJAMENTO CONJUNTO /UNIDADE DE INTERNAÇÃO;2026;3;8,073455759599332;0,5512820512820511
HRJP;ALOJAMENTO CONJUNTO /UNIDADE DE INTERNAÇÃO;2026;4;9,800362976406534;0,6833333333333332
HRJP;ALOJAMENTO CONJUNTO /UNIDADE DE INTERNAÇÃO;2026;5;9,15658362989324;1,1325301204819276
HRJP;PRÉ-PARTO;2026;3;1,3478260869565217;15,0
HRJP;PRÉ-PARTO;2026;4;0,75;19,333333333333332
HRJP;PRÉ-PARTO;2026;5;0,5;31,0
HRJP;UNIDADE DE INTERNAÇÃO - CLÍNICA DIP ALA C;2024;11;2,3076923076923075;5,6875
HRJP;UNIDADE DE INTERNAÇÃO - CLÍNICA DIP ALA C;2024;12;1,75;9,428571428571429
HRJP;UNIDADE DE INTERNAÇÃO - CLÍNICA DIP ALA C;2025;1;0,8493150684931506;18,166666666666668
HRJP;UNIDADE DE INTERNAÇÃO - CLÍNICA DIP ALA C;2025;2;1,435897435897436;5,749999999999999
HRJP;UNIDADE DE INTERNAÇÃO - CLÍNICA DIP ALA C;2025;3;2,0945945945945947;2,866666666666667
HRJP;UNIDADE DE INTERNAÇÃO - CLÍNICA DIP ALA C;2025;4;2,3943661971830985;3,5882352941176476
HRJP;UNIDADE DE INTERNAÇÃO - CLÍNICA DIP ALA C;2025;5;1,8008298755186722;2,8571428571428563
HRJP;UNIDADE DE INTERNAÇÃO - CLÍNICA DIP ALA C;2025;6;1,965065502183406;4,866666666666666
HRJP;UNIDADE DE INTERNAÇÃO - CLÍNICA DIP ALA C;2025;7;2,2813852813852815;6,941176470588236
HRJP;UNIDADE DE INTERNAÇÃO - CLÍNICA DIP ALA C;2025;8;2,7555555555555555;3,1874999999999996
HRJP;UNIDADE DE INTERNAÇÃO - CLÍNICA DIP ALA C;2025;9;2,6027397260273974;3,0526315789473677
HRJP;UNIDADE DE INTERNAÇÃO - CLÍNICA DIP ALA C;2025;10;3,3066666666666666;1,5624999999999996
HRJP;UNIDADE DE INTERNAÇÃO - CLÍNICA DIP ALA C;2025;11;3,875598086124402;1,2962962962962963
HRJP;UNIDADE DE INTERNAÇÃO - CLÍNICA DIP ALA C;2025;12;4,84375;1,3499999999999999
HRJP;UNIDADE DE INTERNAÇÃO - CLÍNICA DIP ALA C;2026;5;4,428571428571429;2,1999999999999997
HRJP;UNIDADE INTERNAÇÃO - ALTO RISCO OBSTETRICO (MATERNIDADE);2019;1;7,777777777777778;0,6357142857142858
HRJP;UNIDADE INTERNAÇÃO - ALTO RISCO OBSTETRICO (MATERNIDADE);2019;2;7,777777777777778;0,6785714285714285
HRJP;UNIDADE INTERNAÇÃO - ALTO RISCO OBSTETRICO (MATERNIDADE);2019;3;8,0;0,5902777777777781
HRJP;UNIDADE INTERNAÇÃO - ALTO RISCO OBSTETRICO (MATERNIDADE);2019;4;8,166666666666666;0,4625850340136053
HRJP;UNIDADE INTERNAÇÃO - ALTO RISCO OBSTETRICO (MATERNIDADE);2019;5;7,777777777777778;0,8499999999999999
HRJP;UNIDADE INTERNAÇÃO - ALTO RISCO OBSTETRICO (MATERNIDADE);2019;6;7,5;0,6444444444444444
HRJP;UNIDADE INTERNAÇÃO - ALTO RISCO OBSTETRICO (MATERNIDADE);2019;7;7,944444444444445;0,7692307692307692
HRJP;UNIDADE INTERNAÇÃO - ALTO RISCO OBSTETRICO (MATERNIDADE);2019;8;8,157894736842104;0,8166666666666668
HRJP;UNIDADE INTERNAÇÃO - ALTO RISCO OBSTETRICO (MATERNIDADE);2019;9;7,888888888888889;0,795774647887324
HRJP;UNIDADE INTERNAÇÃO - ALTO RISCO OBSTETRICO (MATERNIDADE);2019;10;7,055555555555555;1,4724409448818898
HRJP;UNIDADE INTERNAÇÃO - ALTO RISCO OBSTETRICO (MATERNIDADE);2019;11;6,222222222222222;1,6339285714285716
HRJP;UNIDADE INTERNAÇÃO - ALTO RISCO OBSTETRICO (MATERNIDADE);2019;12;7,555555555555555;1,3602941176470587
HRJP;UNIDADE INTERNAÇÃO - ALTO RISCO OBSTETRICO (MATERNIDADE);2020;1;7,166666666666667;1,2558139534883719
HRJP;UNIDADE INTERNAÇÃO - ALTO RISCO OBSTETRICO (MATERNIDADE);2020;2;7,444444444444445;0,6194029850746269
HRJP;UNIDADE INTERNAÇÃO - ALTO RISCO OBSTETRICO (MATERNIDADE);2020;3;7,555555555555555;0,7941176470588237
HRJP;UNIDADE INTERNAÇÃO - ALTO RISCO OBSTETRICO (MATERNIDADE);2020;4;5,555555555555555;1,9100000000000004
HRJP;UNIDADE INTERNAÇÃO - ALTO RISCO OBSTETRICO (MATERNIDADE);2020;5;7,055555555555555;1,110236220472441
HRJP;UNIDADE INTERNAÇÃO - ALTO RISCO OBSTETRICO (MATERNIDADE);2020;6;7,444444444444445;0,6268656716417911
HRJP;UNIDADE INTERNAÇÃO - ALTO RISCO OBSTETRICO (MATERNIDADE);2020;7;7,0;1,3095238095238093
HRJP;UNIDADE INTERNAÇÃO - ALTO RISCO OBSTETRICO (MATERNIDADE);2020;8;7,5;0,8444444444444447
HRJP;UNIDADE INTERNAÇÃO - ALTO RISCO OBSTETRICO (MATERNIDADE);2020;9;6,944444444444445;0,816
HRJP;UNIDADE INTERNAÇÃO - ALTO RISCO OBSTETRICO (MATERNIDADE);2020;10;6,111111111111111;1,6090909090909096
HRJP;UNIDADE INTERNAÇÃO - ALTO RISCO OBSTETRICO (MATERNIDADE);2020;11;7,5;1,1851851851851851
HRJP;UNIDADE INTERNAÇÃO - ALTO RISCO OBSTETRICO (MATERNIDADE);2020;12;6,5;1,854700854700854
HRJP;UNIDADE INTERNAÇÃO - ALTO RISCO OBSTETRICO (MATERNIDADE);2021;1;7,611111111111111;0,7372262773722627
HRJP;UNIDADE INTERNAÇÃO - ALTO RISCO OBSTETRICO (MATERNIDADE);2021;2;6,333333333333333;1,1754385964912284
HRJP;UNIDADE INTERNAÇÃO - ALTO RISCO OBSTETRICO (MATERNIDADE);2021;3;7,654320987654321;0,8999999999999999
HRJP;UNIDADE INTERNAÇÃO - CLINICA CIRURGICA ALA A;2022;6;2,04;4,705882352941175
HRJP;UNIDADE INTERNAÇÃO - CLINICA CIRURGICA ALA A;2022;7;3,2;5,250000000000001
HRJP;UNIDADE INTERNAÇÃO - CLINICA CIRURGICA ALA A;2022;8;2,5;7,840000000000001
HRJP;UNIDADE INTERNAÇÃO - CLINICA CIRURGICA ALA A;2022;9;2,4;6,0
HRJP;UNIDADE INTERNAÇÃO - CLINICA CIRURGICA ALA A;2022;10;2,9;4,310344827586206
HRJP;UNIDADE INTERNAÇÃO - CLINICA CIRURGICA ALA A;2022;11;2,8125;4,814814814814814
HRJP;UNIDADE INTERNAÇÃO - CLINICA CIRURGICA ALA A;2022;12;3,8;4,289473684210527
HRJP;UNIDADE INTERNAÇÃO - CLINICA CIRURGICA ALA A;2023;1;3,0;6,366666666666668
HRJP;UNIDADE INTERNAÇÃO - CLINICA CIRURGICA ALA A;2023;2;2,6;4,6923076923076925
HRJP;UNIDADE INTERNAÇÃO - CLINICA CIRURGICA ALA A;2023;3;3,9551724137931035;2,675675675675676
HRJP;UNIDADE INTERNAÇÃO - CLINICA CIRURGICA ALA A;2023;4;3,7906137184115525;2,7428571428571438
HRJP;UNIDADE INTERNAÇÃO - CLINICA CIRURGICA ALA A;2023;5;3,7240259740259742;1,9459459459459454
HRJP;UNIDADE INTERNAÇÃO - CLINICA CIRURGICA ALA A;2023;6;2,7857142857142856;2,2307692307692313
HRJP;UNIDADE INTERNAÇÃO - CLINICA CIRURGICA ALA A;2023;7;3,375;3,0740740740740744
HRJP;UNIDADE INTERNAÇÃO - CLINICA CIRURGICA ALA A;2023;8;3,7449664429530203;2,805555555555556
HRJP;UNIDADE INTERNAÇÃO - CLINICA CIRURGICA ALA A;2023;9;3,287671232876712;4,156250000000001
HRJP;UNIDADE INTERNAÇÃO - CLINICA CIRURGICA ALA A;2023;10;4,663716814159292;4,294117647058824
HRJP;UNIDADE INTERNAÇÃO - CLINICA CIRURGICA ALA A;2023;11;4,745762711864407;3,214285714285714
HRJP;UNIDADE INTERNAÇÃO - CLINICA CIRURGICA ALA A;2023;12;3,658385093167702;6,105263157894737
HRJP;UNIDADE INTERNAÇÃO - CLINICA CIRURGICA ALA A;2024;1;1,7547169811320755;8,88888888888889
HRJP;UNIDADE INTERNAÇÃO - CLINICA CIRURGICA ALA A;2024;2;2,8333333333333335;1,2941176470588232
HRJP;UNIDADE INTERNAÇÃO - CLINICA CIRURGICA ALA A;2024;3;2,345945945945946;1,7857142857142851
HRJP;UNIDADE INTERNAÇÃO - CLINICA CIRURGICA ALA A;2024;4;2,6582278481012658;1,571428571428571
HRJP;UNIDADE INTERNAÇÃO - CLINICA CIRURGICA ALA A;2024;5;1,1625;1,999999999999999
HRJP;UNIDADE INTERNAÇÃO - CLINICA CIRURGICA ALA A;2024;6;3,0177514792899407;2,1764705882352944
HRJP;UNIDADE INTERNAÇÃO - CLINICA CIRURGICA ALA A;2024;7;2,0;4,25
HRJP;UNIDADE INTERNAÇÃO - CLINICA CIRURGICA ALA A;2024;8;0,8806818181818182;10,399999999999999
HRJP;UNIDADE INTERNAÇÃO - CLINICA CIRURGICA ALA A;2024;9;2,1666666666666665;5,076923076923078
HRJP;UNIDADE INTERNAÇÃO - CLINICA CIRURGICA ALA A;2024;10;4,1891891891891895;1,9599999999999997
HRJP;UNIDADE INTERNAÇÃO - CLINICA CIRURGICA ALA A;2024;11;2,0;6,0
HRJP;UNIDADE INTERNAÇÃO - CLÍNICA CIRÚRGICA ALA A;2024;11;3,6774193548387095;3,1052631578947363
HRJP;UNIDADE INTERNAÇÃO - CLÍNICA CIRÚRGICA ALA A;2024;12;2,8333333333333335;4,882352941176472
HRJP;UNIDADE INTERNAÇÃO - CLÍNICA CIRÚRGICA ALA A;2025;1;3,0;7,1111111111111125
HRJP;UNIDADE INTERNAÇÃO - CLÍNICA CIRÚRGICA ALA A;2025;2;2,8333333333333335;2,88235294117647
HRJP;UNIDADE INTERNAÇÃO - CLÍNICA CIRÚRGICA ALA A;2025;3;2,5;3,333333333333333
HRJP;UNIDADE INTERNAÇÃO - CLÍNICA CIRÚRGICA ALA A;2025;4;2,7586206896551726;3,249999999999999
HRJP;UNIDADE INTERNAÇÃO - CLÍNICA CIRÚRGICA ALA A;2025;5;3,949044585987261;1,2999999999999996
HRJP;UNIDADE INTERNAÇÃO - CLÍNICA CIRÚRGICA ALA A;2025;6;3,3333333333333335;2,947368421052631
HRJP;UNIDADE INTERNAÇÃO - CLÍNICA CIRÚRGICA ALA A;2025;7;3,470149253731343;3,4
HRJP;UNIDADE INTERNAÇÃO - CLÍNICA CIRÚRGICA ALA A;2025;8;3,7278481012658227;3,1052631578947367
HRJP;UNIDADE INTERNAÇÃO - CLÍNICA CIRÚRGICA ALA A;2025;9;2,5;1,8666666666666667
HRJP;UNIDADE INTERNAÇÃO - CLÍNICA CIRÚRGICA ALA A;2025;10;3,3657142857142857;1,1578947368421046
HRJP;UNIDADE INTERNAÇÃO - CLÍNICA CIRÚRGICA ALA A;2025;11;2,057142857142857;1,6666666666666674
HRJP;UNIDADE INTERNAÇÃO - CLÍNICA CIRÚRGICA ALA A;2025;12;5,027027027027027;1,916666666666667
HRJP;UNIDADE INTERNAÇÃO - CLÍNICA CIRÚRGICA ALA A;2026;1;2,438202247191011;3,0
HRJP;UNIDADE INTERNAÇÃO - CLÍNICA CIRÚRGICA ALA A;2026;2;3,793548387096774;0,9047619047619047
HRJP;UNIDADE INTERNAÇÃO - CLÍNICA CIRÚRGICA ALA A;2026;3;4,833333333333333;1,1724137931034477
HRJP;UNIDADE INTERNAÇÃO - CLÍNICA CIRÚRGICA ALA A;2026;4;5,833333333333333;1,2571428571428573
HRJP;UNIDADE INTERNAÇÃO - CLÍNICA CIRÚRGICA ALA A;2026;5;4,790909090909091;1,2941176470588234
HRJP;UNIDADE INTERNAÇÃO - CLINICA CIRURGICA ALA B;2022;6;1,6;2,562500000000001
HRJP;UNIDADE INTERNAÇÃO - CLINICA CIRURGICA ALA B;2022;7;1,5;6,666666666666668
HRJP;UNIDADE INTERNAÇÃO - CLINICA CIRURGICA ALA B;2022;8;2,9166666666666665;3,9428571428571426
HRJP;UNIDADE INTERNAÇÃO - CLINICA CIRURGICA ALA B;2022;9;2,4166666666666665;3,758620689655173
HRJP;UNIDADE INTERNAÇÃO - CLINICA CIRURGICA ALA B;2022;10;2,8181818181818183;3,6363636363636362
HRJP;UNIDADE INTERNAÇÃO - CLINICA CIRURGICA ALA B;2022;11;1,8;4,277777777777779
HRJP;UNIDADE INTERNAÇÃO - CLINICA CIRURGICA ALA B;2022;12;2,3430232558139537;5,346153846153848
HRJP;UNIDADE INTERNAÇÃO - CLINICA CIRURGICA ALA B;2023;1;2,5833333333333335;5,032258064516128
HRJP;UNIDADE INTERNAÇÃO - CLINICA CIRURGICA ALA B;2023;2;2,4444444444444446;2,7727272727272734
HRJP;UNIDADE INTERNAÇÃO - CLINICA CIRURGICA ALA B;2023;3;1,8235294117647058;1,5000000000000002
HRJP;UNIDADE INTERNAÇÃO - CLINICA CIRURGICA ALA B;2023;4;2,5;2,049999999999999
HRJP;UNIDADE INTERNAÇÃO - CLINICA CIRURGICA ALA B;2023;5;2,75;1,5909090909090906
HRJP;UNIDADE INTERNAÇÃO - CLINICA CIRURGICA ALA B;2023;6;2,5;1,3500000000000008
HRJP;UNIDADE INTERNAÇÃO - CLINICA CIRURGICA ALA B;2023;7;2,5;1,9999999999999996
HRJP;UNIDADE INTERNAÇÃO - CLINICA CIRURGICA ALA B;2023;8;1,875;3,733333333333334
HRJP;UNIDADE INTERNAÇÃO - CLINICA CIRURGICA ALA B;2023;9;2,25;5,166666666666665
HRJP;UNIDADE INTERNAÇÃO - CLINICA CIRURGICA ALA B;2023;10;2,6463414634146343;6,214285714285715
HRJP;UNIDADE INTERNAÇÃO - CLINICA CIRURGICA ALA B;2023;11;2,75;4,272727272727273
HRJP;UNIDADE INTERNAÇÃO - CLINICA CIRURGICA ALA B;2023;12;2,25;4,777777777777779
HRJP;UNIDADE INTERNAÇÃO - CLINICA CIRURGICA ALA B;2024;1;1,75;3,7142857142857153
HRJP;UNIDADE INTERNAÇÃO - CLINICA CIRURGICA ALA B;2024;2;5,75;2,260869565217391
HRJP;UNIDADE INTERNAÇÃO - CLINICA CIRURGICA ALA B;2024;3;5,0;2,750000000000001
HRJP;UNIDADE INTERNAÇÃO - CLINICA CIRURGICA ALA B;2024;4;3,9473684210526314;2,1333333333333333
HRJP;UNIDADE INTERNAÇÃO - CLINICA CIRURGICA ALA B;2024;5;2,0898876404494384;3,3333333333333335
HRJP;UNIDADE INTERNAÇÃO - CLINICA CIRURGICA ALA B;2024;6;1,293103448275862;3,800000000000001
HRJP;UNIDADE INTERNAÇÃO - CLINICA CIRURGICA ALA B;2024;7;2,25;2,4444444444444438
HRJP;UNIDADE INTERNAÇÃO - CLINICA CIRURGICA ALA B;2024;8;0,5;22,500000000000004
HRJP;UNIDADE INTERNAÇÃO - CLINICA CIRURGICA ALA B;2024;9;2,25;6,888888888888888
HRJP;UNIDADE INTERNAÇÃO - CLINICA CIRURGICA ALA B;2024;10;1,75;4,428571428571429
HRJP;UNIDADE INTERNAÇÃO - CLÍNICA CIRÚRGICA ALA B;2024;11;2,019230769230769;4,142857142857143
HRJP;UNIDADE INTERNAÇÃO - CLÍNICA CIRÚRGICA ALA B;2024;12;0,75;6,333333333333332
HRJP;UNIDADE INTERNAÇÃO - CLÍNICA CIRÚRGICA ALA B;2025;1;0,5;12,500000000000004
HRJP;UNIDADE INTERNAÇÃO - CLÍNICA CIRÚRGICA ALA B;2025;2;1,25;5,400000000000001
HRJP;UNIDADE INTERNAÇÃO - CLÍNICA CIRÚRGICA ALA B;2025;3;1,5;3,166666666666666
HRJP;UNIDADE INTERNAÇÃO - CLÍNICA CIRÚRGICA ALA B;2025;4;3,5;1,9999999999999993
HRJP;UNIDADE INTERNAÇÃO - CLÍNICA CIRÚRGICA ALA B;2025;5;4,5;1,9444444444444442
HRJP;UNIDADE INTERNAÇÃO - CLÍNICA CIRÚRGICA ALA B;2025;6;4,0;2,375
HRJP;UNIDADE INTERNAÇÃO - CLÍNICA CIRÚRGICA ALA B;2025;7;0,5;2,499999999999998
HRJP;UNIDADE INTERNAÇÃO - CLÍNICA CIRÚRGICA ALA B;2025;8;2,268292682926829;4,666666666666666
HRJP;UNIDADE INTERNAÇÃO - CLÍNICA CIRÚRGICA ALA B;2025;9;4,102564102564102;1,625
HRJP;UNIDADE INTERNAÇÃO - CLÍNICA CIRÚRGICA ALA B;2025;10;2,7927927927927927;2,1999999999999997
HRJP;UNIDADE INTERNAÇÃO - CLÍNICA CIRÚRGICA ALA B;2025;11;8,181818181818182;0,6666666666666664
HRJP;UNIDADE INTERNAÇÃO - CLÍNICA CIRÚRGICA ALA B;2025;12;3,0707547169811322;2,8571428571428577
HRJP;UNIDADE INTERNAÇÃO - CLÍNICA CIRÚRGICA ALA B;2026;1;1,4285714285714286;4,1
HRJP;UNIDADE INTERNAÇÃO - CLÍNICA CIRÚRGICA ALA B;2026;2;1,4213197969543148;0,9000000000000006
HRJP;UNIDADE INTERNAÇÃO - CLÍNICA CIRÚRGICA ALA B;2026;3;5,41869918699187;1,3255813953488371
HRJP;UNIDADE INTERNAÇÃO - CLÍNICA CIRÚRGICA ALA B;2026;4;4,757709251101321;1,0555555555555554
HRJP;UNIDADE INTERNAÇÃO - CLÍNICA CIRÚRGICA ALA B;2026;5;3,825531914893617;1,4482758620689657
HRJP;UNIDADE INTERNAÇÃO - CLINICA CIRURGICA ALA C;2024;5;5,564102564102564;1,607142857142857
HRJP;UNIDADE INTERNAÇÃO - CLINICA CIRURGICA ALA C;2024;6;4,5;3,222222222222222
HRJP;UNIDADE INTERNAÇÃO - CLINICA CIRURGICA ALA C;2024;7;5,666666666666667;3,2058823529411757
HRJP;UNIDADE INTERNAÇÃO - CLINICA CIRURGICA ALA C;2024;8;3,5;3,8571428571428563
HRJP;UNIDADE INTERNAÇÃO - CLINICA CIRURGICA ALA C;2024;9;4,666666666666667;2,2857142857142856
HRJP;UNIDADE INTERNAÇÃO - CLINICA CIRURGICA ALA C;2024;10;3,576923076923077;1,8095238095238098
HRJP;UNIDADE INTERNAÇÃO - CLINICA CIRURGICA ALA C;2024;11;4,0;2,75
HRJP;UNIDADE INTERNAÇÃO - CLÍNICA CIRÚRGICA ALA C;2024;11;2,5;3,6153846153846163
HRJP;UNIDADE INTERNAÇÃO - CLÍNICA CIRÚRGICA ALA C;2024;12;3,0;6,833333333333335
HRJP;UNIDADE INTERNAÇÃO - CLÍNICA CIRÚRGICA ALA C;2025;1;2,3846153846153846;8,416666666666664
HRJP;UNIDADE INTERNAÇÃO - CLÍNICA CIRÚRGICA ALA C;2025;2;2,8333333333333335;1,823529411764706
HRJP;UNIDADE INTERNAÇÃO - CLÍNICA CIRÚRGICA ALA C;2025;3;4,028248587570621;3,260869565217391
HRJP;UNIDADE INTERNAÇÃO - CLÍNICA CIRÚRGICA ALA C;2025;4;5,6375838926174495;1,357142857142857
HRJP;UNIDADE INTERNAÇÃO - CLÍNICA CIRÚRGICA ALA C;2025;5;4,070707070707071;1,6923076923076923
HRJP;UNIDADE INTERNAÇÃO - CLÍNICA CIRÚRGICA ALA C;2025;6;3,3333333333333335;3,7499999999999996
HRJP;UNIDADE INTERNAÇÃO - CLÍNICA CIRÚRGICA ALA C;2025;7;5,511111111111111;2,625
HRJP;UNIDADE INTERNAÇÃO - CLÍNICA CIRÚRGICA ALA C;2025;8;5,52972972972973;2,3030303030303036
HRJP;UNIDADE INTERNAÇÃO - CLÍNICA CIRÚRGICA ALA C;2025;9;4,333333333333333;1,5384615384615383
HRJP;UNIDADE INTERNAÇÃO - CLÍNICA CIRÚRGICA ALA C;2025;10;4,428571428571429;2,4166666666666665
HRJP;UNIDADE INTERNAÇÃO - CLÍNICA CIRÚRGICA ALA C;2025;11;2,2674418604651163;0,769230769230769
HRJP;UNIDADE INTERNAÇÃO - CLÍNICA CIRÚRGICA ALA C;2025;12;3,5520833333333335;1,090909090909091
HRJP;UNIDADE INTERNAÇÃO - CLÍNICA CIRÚRGICA ALA C;2026;1;31,0;0,0
HRJP;UNIDADE INTERNAÇÃO - CLÍNICA CIRÚRGICA ALA C;2026;5;7,011904761904762;1,473684210526316
HRJP;UNIDADE INTERNAÇÃO - CLINICA MÉDICA ALA A;2021;7;1,0108695652173914;14,33333333333333
HRJP;UNIDADE INTERNAÇÃO - CLINICA MÉDICA ALA A;2021;8;0,917900403768506;18,000000000000004
HRJP;UNIDADE INTERNAÇÃO - CLINICA MÉDICA ALA A;2021;9;0,9504132231404959;16,304347826086953
HRJP;UNIDADE INTERNAÇÃO - CLINICA MÉDICA ALA A;2021;10;0,41687041564792177;47,72727272727273
HRJP;UNIDADE INTERNAÇÃO - CLINICA MÉDICA ALA A;2021;11;0,9;10,25925925925926
HRJP;UNIDADE INTERNAÇÃO - CLINICA MÉDICA ALA A;2021;12;1,2916666666666667;15,09090909090909
HRJP;UNIDADE INTERNAÇÃO - CLINICA MÉDICA ALA A;2022;1;0,8419010669253152;28,0
HRJP;UNIDADE INTERNAÇÃO - CLINICA MÉDICA ALA A;2022;2;1,1777476255088195;13,870967741935482
HRJP;UNIDADE INTERNAÇÃO - CLINICA MÉDICA ALA A;2022;3;1,054054054054054;20,717948717948715
HRJP;UNIDADE INTERNAÇÃO - CLINICA MÉDICA ALA A;2022;4;0,9459459459459459;16,42857142857143
HRJP;UNIDADE INTERNAÇÃO - CLINICA MÉDICA ALA A;2022;5;1,7567567567567568;10,4
HRJP;UNIDADE INTERNAÇÃO - CLINICA MÉDICA ALA A;2022;6;1,2537313432835822;9,999999999999998
HRJP;UNIDADE INTERNAÇÃO - CLINICA MÉDICA ALA A;2022;7;2,538011695906433;4,071428571428572
HRJP;UNIDADE INTERNAÇÃO - CLINICA MÉDICA ALA A;2022;8;2,5;4,266666666666667
HRJP;UNIDADE INTERNAÇÃO - CLINICA MÉDICA ALA A;2022;9;2,0;6,0
HRJP;UNIDADE INTERNAÇÃO - CLINICA MÉDICA ALA A;2022;10;2,8040201005025125;4,055555555555556
HRJP;UNIDADE INTERNAÇÃO - CLINICA MÉDICA ALA A;2022;11;1,3392857142857142;6,800000000000001
HRJP;UNIDADE INTERNAÇÃO - CLINICA MÉDICA ALA A;2022;12;0,8333333333333334;8,4
HRJP;UNIDADE INTERNAÇÃO - CLINICA MÉDICA ALA A;2023;1;0,8333333333333334;6,799999999999997
HRJP;UNIDADE INTERNAÇÃO - CLINICA MÉDICA ALA A;2023;2;1,3193717277486912;5,777777777777776
HRJP;UNIDADE INTERNAÇÃO - CLINICA MÉDICA ALA A;2023;3;2,5833333333333335;3,0
HRJP;UNIDADE INTERNAÇÃO - CLINICA MÉDICA ALA A;2023;4;3,6956521739130435;3,823529411764705
HRJP;UNIDADE INTERNAÇÃO - CLINICA MÉDICA ALA A;2023;5;1,4761904761904763;4,384615384615386
HRJP;UNIDADE INTERNAÇÃO - CLINICA MÉDICA ALA A;2023;6;1,7647058823529411;2,7692307692307687
HRJP;UNIDADE INTERNAÇÃO - CLINICA MÉDICA ALA A;2023;7;2,6666666666666665;4,208333333333333
HRJP;UNIDADE INTERNAÇÃO - CLINICA MÉDICA ALA A;2023;8;2,4260869565217393;4,444444444444445
HRJP;UNIDADE INTERNAÇÃO - CLINICA MÉDICA ALA A;2023;9;1,210762331838565;8,777777777777779
HRJP;UNIDADE INTERNAÇÃO - CLINICA MÉDICA ALA A;2023;10;1,24;4,7272727272727275
HRJP;UNIDADE INTERNAÇÃO - CLINICA MÉDICA ALA A;2023;11;1,3375796178343948;5,785714285714287
HRJP;UNIDADE INTERNAÇÃO - CLINICA MÉDICA ALA A;2023;12;1,5168195718654434;6,187499999999999
HRJP;UNIDADE INTERNAÇÃO - CLINICA MÉDICA ALA A;2024;1;1,391025641025641;5,785714285714285
HRJP;UNIDADE INTERNAÇÃO - CLINICA MÉDICA ALA A;2024;2;2,0;1,6818181818181825
HRJP;UNIDADE INTERNAÇÃO - CLINICA MÉDICA ALA A;2024;3;3,024390243902439;1,7777777777777783
HRJP;UNIDADE INTERNAÇÃO - CLINICA MÉDICA ALA A;2024;4;3,75;1,3695652173913047
HRJP;UNIDADE INTERNAÇÃO - CLINICA MÉDICA ALA A;2024;5;3,2754716981132077;1,446428571428571
HRJP;UNIDADE INTERNAÇÃO - CLINICA MÉDICA ALA A;2024;6;1,9136960600375235;3,5882352941176476
HRJP;UNIDADE INTERNAÇÃO - CLINICA MÉDICA ALA A;2024;7;1,7714285714285714;4,866666666666665
HRJP;UNIDADE INTERNAÇÃO - CLINICA MÉDICA ALA A;2024;8;2,375912408759124;5,166666666666668
HRJP;UNIDADE INTERNAÇÃO - CLINICA MÉDICA ALA A;2024;9;2,3529411764705883;4,3500000000000005
HRJP;UNIDADE INTERNAÇÃO - CLINICA MÉDICA ALA A;2024;10;2,335216572504708;2,3250000000000006
HRJP;UNIDADE INTERNAÇÃO - CLINICA MÉDICA ALA A;2024;11;2,3333333333333335;8,0
HRJP;UNIDADE INTERNAÇÃO - CLÍNICA MÉDICA ALA A;2024;11;2,590909090909091;2,3947368421052633
HRJP;UNIDADE INTERNAÇÃO - CLÍNICA MÉDICA ALA A;2024;12;2,6745098039215685;5,159090909090908
HRJP;UNIDADE INTERNAÇÃO - CLÍNICA MÉDICA ALA A;2025;1;2,5579567779960706;5,166666666666667
HRJP;UNIDADE INTERNAÇÃO - CLÍNICA MÉDICA ALA A;2025;2;2,684095860566449;0,6136363636363638
HRJP;UNIDADE INTERNAÇÃO - CLÍNICA MÉDICA ALA A;2025;3;3,2905027932960893;0,8070175438596496
HRJP;UNIDADE INTERNAÇÃO - CLÍNICA MÉDICA ALA A;2025;4;3,5040983606557377;1,508771929824561
HRJP;UNIDADE INTERNAÇÃO - CLÍNICA MÉDICA ALA A;2025;5;3,2303473491773307;0,7017543859649119
HRJP;UNIDADE INTERNAÇÃO - CLÍNICA MÉDICA ALA A;2025;6;2,76;1,869565217391304
HRJP;UNIDADE INTERNAÇÃO - CLÍNICA MÉDICA ALA A;2025;7;3,5603960396039604;3,6551724137931028
HRJP;UNIDADE INTERNAÇÃO - CLÍNICA MÉDICA ALA A;2025;8;2,680451127819549;2,2173913043478253
HRJP;UNIDADE INTERNAÇÃO - CLÍNICA MÉDICA ALA A;2025;9;2,7755905511811023;1,2127659574468082
HRJP;UNIDADE INTERNAÇÃO - CLÍNICA MÉDICA ALA A;2025;10;3,6752577319587627;0,9565217391304348
HRJP;UNIDADE INTERNAÇÃO - CLÍNICA MÉDICA ALA A;2025;11;3,8521400778210118;0,28787878787878785
HRJP;UNIDADE INTERNAÇÃO - CLÍNICA MÉDICA ALA A;2025;12;3,84070796460177;1,3571428571428579
HRJP;UNIDADE INTERNAÇÃO - CLÍNICA MÉDICA ALA A;2026;1;2,8440366972477062;2,1999999999999993
HRJP;UNIDADE INTERNAÇÃO - CLÍNICA MÉDICA ALA A;2026;2;3,0652631578947367;0,4230769230769228
HRJP;UNIDADE INTERNAÇÃO - CLÍNICA MÉDICA ALA A;2026;3;5,019490254872563;0,3611111111111113
HRJP;UNIDADE INTERNAÇÃO - CLÍNICA MÉDICA ALA A;2026;4;4,841772151898734;0,2843137254901963
HRJP;UNIDADE INTERNAÇÃO - CLÍNICA MÉDICA ALA A;2026;5;4,52808988764045;0,8846153846153846
HRJP;UNIDADE INTERNAÇÃO - CLINICA MÉDICA ALA B;2019;1;1,4693308550185873;8,88235294117647
HRJP;UNIDADE INTERNAÇÃO - CLINICA MÉDICA ALA B;2019;2;1,509143407122233;5,821428571428571
HRJP;UNIDADE INTERNAÇÃO - CLINICA MÉDICA ALA B;2019;3;1,6360327570518653;5,706896551724136
HRJP;UNIDADE INTERNAÇÃO - CLINICA MÉDICA ALA B;2019;4;1,697080291970803;4,467741935483871
HRJP;UNIDADE INTERNAÇÃO - CLINICA MÉDICA ALA B;2019;5;2,0206270627062706;5,50632911392405
HRJP;UNIDADE INTERNAÇÃO - CLINICA MÉDICA ALA B;2019;6;1,6779661016949152;4,196969696969697
HRJP;UNIDADE INTERNAÇÃO - CLINICA MÉDICA ALA B;2019;7;2,250213492741247;5,764705882352941
HRJP;UNIDADE INTERNAÇÃO - CLINICA MÉDICA ALA B;2019;8;2,046915725456125;5,18421052631579
HRJP;UNIDADE INTERNAÇÃO - CLINICA MÉDICA ALA B;2019;9;1,9363636363636363;5,619718309859153
HRJP;UNIDADE INTERNAÇÃO - CLINICA MÉDICA ALA B;2019;10;2,455178416013925;4,45054945054945
HRJP;UNIDADE INTERNAÇÃO - CLINICA MÉDICA ALA B;2019;11;2,3380035026269703;3,3370786516853927
HRJP;UNIDADE INTERNAÇÃO - CLINICA MÉDICA ALA B;2019;12;2,555918367346939;4,7227722772277225
HRJP;UNIDADE INTERNAÇÃO - CLINICA MÉDICA ALA B;2020;1;1,873191489361702;6,802816901408449
HRJP;UNIDADE INTERNAÇÃO - CLINICA MÉDICA ALA B;2020;2;2,2018518518518517;4,6829268292682915
HRJP;UNIDADE INTERNAÇÃO - CLINICA MÉDICA ALA B;2020;3;2,6256830601092895;5,225806451612904
HRJP;UNIDADE INTERNAÇÃO - CLINICA MÉDICA ALA B;2020;4;0,7407407407407407;32,949999999999996
HRJP;UNIDADE INTERNAÇÃO - CLINICA MÉDICA ALA B;2020;5;1,357396449704142;12,945945945945946
HRJP;UNIDADE INTERNAÇÃO - CLINICA MÉDICA ALA B;2020;6;1,1083743842364533;13,733333333333333
HRJP;UNIDADE INTERNAÇÃO - CLINICA MÉDICA ALA B;2020;7;1,6296296296296295;10,090909090909092
HRJP;UNIDADE INTERNAÇÃO - CLINICA MÉDICA ALA B;2020;8;1,7884615384615385;8,31111111111111
HRJP;UNIDADE INTERNAÇÃO - CLINICA MÉDICA ALA B;2020;9;1,5203955500618047;8,048780487804878
HRJP;UNIDADE INTERNAÇÃO - CLINICA MÉDICA ALA B;2020;10;1,3703703703703705;13,0
HRJP;UNIDADE INTERNAÇÃO - CLINICA MÉDICA ALA B;2020;11;2,2635135135135136;4,358208955223881
HRJP;UNIDADE INTERNAÇÃO - CLINICA MÉDICA ALA B;2020;12;2,9970703125;4,292929292929292
HRJP;UNIDADE INTERNAÇÃO - CLINICA MÉDICA ALA B;2021;1;1,5726829268292684;8,557692307692308
HRJP;UNIDADE INTERNAÇÃO - CLINICA MÉDICA ALA B;2021;2;1,303030303030303;12,372093023255813
HRJP;UNIDADE INTERNAÇÃO - CLINICA MÉDICA ALA B;2021;3;2,727272727272727;3,6666666666666674
HRJP;UNIDADE INTERNAÇÃO - CLINICA MÉDICA ALA B;2021;4;2,393939393939394;5,7594936708860756
HRJP;UNIDADE INTERNAÇÃO - CLINICA MÉDICA ALA B;2021;5;1,0606060606060606;20,400000000000002
HRJP;UNIDADE INTERNAÇÃO - CLINICA MÉDICA ALA B;2021;6;1,7878787878787878;11,322033898305085
HRJP;UNIDADE INTERNAÇÃO - CLINICA MÉDICA ALA B;2021;7;0,7045454545454546;35,904761904761905
HRJP;UNIDADE INTERNAÇÃO - CLINICA MÉDICA ALA B;2021;12;0,8108651911468813;20,999999999999996
HRJP;UNIDADE INTERNAÇÃO - CLINICA MÉDICA ALA B;2022;1;0,5132450331125827;32,35
HRJP;UNIDADE INTERNAÇÃO - CLINICA MÉDICA ALA B;2022;2;0,896797153024911;15,61111111111111
HRJP;UNIDADE INTERNAÇÃO - CLINICA MÉDICA ALA B;2022;3;1,272078501338091;9,913043478260871
HRJP;UNIDADE INTERNAÇÃO - CLINICA MÉDICA ALA B;2022;4;1,2121212121212122;8,725000000000001
HRJP;UNIDADE INTERNAÇÃO - CLINICA MÉDICA ALA B;2022;5;1,1491379310344827;15,139534883720927
HRJP;UNIDADE INTERNAÇÃO - CLINICA MÉDICA ALA B;2022;6;1,0588235294117647;10,916666666666664
HRJP;UNIDADE INTERNAÇÃO - CLINICA MÉDICA ALA B;2022;7;2,0;6,333333333333332
HRJP;UNIDADE INTERNAÇÃO - CLINICA MÉDICA ALA B;2022;8;1,8333333333333333;9,545454545454543
HRJP;UNIDADE INTERNAÇÃO - CLINICA MÉDICA ALA B;2022;9;1,8333333333333333;3,727272727272727
HRJP;UNIDADE INTERNAÇÃO - CLINICA MÉDICA ALA B;2022;10;1,5736040609137056;3,2999999999999985
HRJP;UNIDADE INTERNAÇÃO - CLINICA MÉDICA ALA B;2022;11;2,5974025974025974;2,1999999999999997
HRJP;UNIDADE INTERNAÇÃO - CLINICA MÉDICA ALA B;2022;12;1,172972972972973;9,714285714285715
HRJP;UNIDADE INTERNAÇÃO - CLINICA MÉDICA ALA B;2023;1;0,5933014354066986;27,500000000000007
HRJP;UNIDADE INTERNAÇÃO - CLINICA MÉDICA ALA B;2023;2;2,8127853881278537;3,7727272727272734
HRJP;UNIDADE INTERNAÇÃO - CLINICA MÉDICA ALA B;2023;3;3,429787234042553;1,2692307692307692
HRJP;UNIDADE INTERNAÇÃO - CLINICA MÉDICA ALA B;2023;4;2,375;1,6315789473684208
HRJP;UNIDADE INTERNAÇÃO - CLINICA MÉDICA ALA B;2023;5;2,875;1,173913043478261
HRJP;UNIDADE INTERNAÇÃO - CLINICA MÉDICA ALA B;2023;6;2,75;1,4999999999999993
HRJP;UNIDADE INTERNAÇÃO - CLINICA MÉDICA ALA B;2023;7;2,375;3,31578947368421
HRJP;UNIDADE INTERNAÇÃO - CLINICA MÉDICA ALA B;2023;8;1,375;2,0909090909090913
HRJP;UNIDADE INTERNAÇÃO - CLINICA MÉDICA ALA B;2023;9;2,25;4,4444444444444455
HRJP;UNIDADE INTERNAÇÃO - CLINICA MÉDICA ALA B;2023;10;1,3072289156626506;2,785714285714286
HRJP;UNIDADE INTERNAÇÃO - CLINICA MÉDICA ALA B;2023;11;1,5921787709497206;3,2631578947368416
HRJP;UNIDADE INTERNAÇÃO - CLINICA MÉDICA ALA B;2023;12;1,7835616438356163;7,095238095238096
HRJP;UNIDADE INTERNAÇÃO - CLINICA MÉDICA ALA B;2024;1;0,7898089171974523;10,000000000000004
HRJP;UNIDADE INTERNAÇÃO - CLINICA MÉDICA ALA B;2024;2;1,0909090909090908;1,4166666666666652
HRJP;UNIDADE INTERNAÇÃO - CLINICA MÉDICA ALA B;2024;3;1,7222222222222223;1,4736842105263157
HRJP;UNIDADE INTERNAÇÃO - CLINICA MÉDICA ALA B;2024;4;1,8333333333333333;0,7727272727272737
HRJP;UNIDADE INTERNAÇÃO - CLINICA MÉDICA ALA B;2024;5;1,878787878787879;1,136363636363637
HRJP;UNIDADE INTERNAÇÃO - CLINICA MÉDICA ALA B;2024;6;1,9047619047619047;1,4999999999999998
HRJP;UNIDADE INTERNAÇÃO - CLINICA MÉDICA ALA B;2024;7;1,5187319884726225;4,411764705882353
HRJP;UNIDADE INTERNAÇÃO - CLINICA MÉDICA ALA B;2024;8;1,9166666666666667;6,478260869565216
HRJP;UNIDADE INTERNAÇÃO - CLINICA MÉDICA ALA B;2024;9;1,6666666666666667;2,7000000000000006
HRJP;UNIDADE INTERNAÇÃO - CLINICA MÉDICA ALA B;2024;10;2,202185792349727;2,730769230769231
HRJP;UNIDADE INTERNAÇÃO - CLINICA MÉDICA ALA B;2024;11;2,0;6,500000000000001
HRJP;UNIDADE INTERNAÇÃO - CLÍNICA MÉDICA ALA B;2024;11;2,770700636942675;3,06896551724138
HRJP;UNIDADE INTERNAÇÃO - CLÍNICA MÉDICA ALA B;2024;12;2,4101876675603218;4,7586206896551735
HRJP;UNIDADE INTERNAÇÃO - CLÍNICA MÉDICA ALA B;2025;1;2,6453333333333333;6,750000000000002
HRJP;UNIDADE INTERNAÇÃO - CLÍNICA MÉDICA ALA B;2025;2;2,7755102040816326;2,2647058823529416
HRJP;UNIDADE INTERNAÇÃO - CLÍNICA MÉDICA ALA B;2025;3;3,329923273657289;1,619047619047619
HRJP;UNIDADE INTERNAÇÃO - CLÍNICA MÉDICA ALA B;2025;4;2,72;2,3235294117647056
HRJP;UNIDADE INTERNAÇÃO - CLÍNICA MÉDICA ALA B;2025;5;3,344736842105263;1,1219512195121957
HRJP;UNIDADE INTERNAÇÃO - CLÍNICA MÉDICA ALA B;2025;6;2,9838709677419355;2,5135135135135136
HRJP;UNIDADE INTERNAÇÃO - CLÍNICA MÉDICA ALA B;2025;7;2,4101876675603218;3,6896551724137927
HRJP;UNIDADE INTERNAÇÃO - CLÍNICA MÉDICA ALA B;2025;8;2,465909090909091;3,4642857142857135
HRJP;UNIDADE INTERNAÇÃO - CLÍNICA MÉDICA ALA B;2025;9;3,760217983651226;2,3260869565217392
HRJP;UNIDADE INTERNAÇÃO - CLÍNICA MÉDICA ALA B;2025;10;4,469325153374233;1,1063829787234039
HRJP;UNIDADE INTERNAÇÃO - CLÍNICA MÉDICA ALA B;2025;11;11,818181818181818;0,15384615384615372
HRJP;UNIDADE INTERNAÇÃO - CLÍNICA MÉDICA ALA B;2025;12;3,146969696969697;3,0
HRJP;UNIDADE INTERNAÇÃO - CLÍNICA MÉDICA ALA B;2026;1;2,5238095238095237;4,0754716981132075
HRJP;UNIDADE INTERNAÇÃO - CLÍNICA MÉDICA ALA B;2026;2;3,9456706281833616;1,2048192771084343
HRJP;UNIDADE INTERNAÇÃO - CLÍNICA MÉDICA ALA B;2026;3;3,9309791332263244;1,3291139240506327
HRJP;UNIDADE INTERNAÇÃO - CLÍNICA MÉDICA ALA B;2026;4;4,271186440677966;1,1071428571428568
HRJP;UNIDADE INTERNAÇÃO - CLÍNICA MÉDICA ALA B;2026;5;3,9295774647887325;1,9135802469135796
HRJP;UNIDADE INTERNAÇÃO - CLINICA MÉDICA ALA C;2022;6;1,9428571428571428;2,794117647058824
HRJP;UNIDADE INTERNAÇÃO - CLINICA MÉDICA ALA C;2022;7;2,0;4,857142857142856
HRJP;UNIDADE INTERNAÇÃO - CLINICA MÉDICA ALA C;2022;8;1,603448275862069;5,787878787878786
HRJP;UNIDADE INTERNAÇÃO - CLINICA MÉDICA ALA C;2022;9;1,639871382636656;3,9117647058823524
HRJP;UNIDADE INTERNAÇÃO - CLINICA MÉDICA ALA C;2022;10;1,2956656346749227;4,185185185185185
HRJP;UNIDADE INTERNAÇÃO - CLINICA MÉDICA ALA C;2022;11;1,380952380952381;5,206896551724139
HRJP;UNIDADE INTERNAÇÃO - CLINICA MÉDICA ALA C;2022;12;1,7755417956656347;5,027027027027026
HRJP;UNIDADE INTERNAÇÃO - CLINICA MÉDICA ALA C;2023;1;1,0;10,285714285714286
HRJP;UNIDADE INTERNAÇÃO - CLINICA MÉDICA ALA C;2023;2;1,4320987654320987;5,551724137931036
HRJP;UNIDADE INTERNAÇÃO - CLINICA MÉDICA ALA C;2023;3;2,463872832369942;1,818181818181818
HRJP;UNIDADE INTERNAÇÃO - CLINICA MÉDICA ALA C;2023;4;1,8545454545454545;1,8529411764705876
HRJP;UNIDADE INTERNAÇÃO - CLINICA MÉDICA ALA C;2023;5;2,0702054794520546;1,7179487179487174
HRJP;UNIDADE INTERNAÇÃO - CLINICA MÉDICA ALA C;2023;6;3,1407942238267146;2,224137931034482
HRJP;UNIDADE INTERNAÇÃO - CLINICA MÉDICA ALA C;2023;7;2,0;5,250000000000001
HRJP;UNIDADE INTERNAÇÃO - CLINICA MÉDICA ALA C;2023;8;2,1062717770034842;2,6666666666666656
HRJP;UNIDADE INTERNAÇÃO - CLINICA MÉDICA ALA C;2023;9;2,11340206185567;5,682926829268292
HRJP;UNIDADE INTERNAÇÃO - CLINICA MÉDICA ALA C;2023;10;1,603448275862069;5,499999999999999
HRJP;UNIDADE INTERNAÇÃO - CLINICA MÉDICA ALA C;2023;11;2,0869565217391304;3,3999999999999986
HRJP;UNIDADE INTERNAÇÃO - CLINICA MÉDICA ALA C;2023;12;2,1398230088495573;4,8717948717948705
HRJP;UNIDADE INTERNAÇÃO - CLINICA MÉDICA ALA C;2024;1;2,1433389544688026;5,170731707317072
HRJP;UNIDADE INTERNAÇÃO - CLINICA MÉDICA ALA C;2024;2;0,9981884057971014;2,1052631578947363
HRJP;UNIDADE INTERNAÇÃO - CLINICA MÉDICA ALA C;2024;3;2,929553264604811;1,6000000000000003
HRJP;UNIDADE INTERNAÇÃO - CLINICA MÉDICA ALA C;2024;4;3,717277486910995;0,8591549295774646
HRJP;UNIDADE INTERNAÇÃO - CLINICA MÉDICA ALA C;2024;5;3,0502008032128516;2,0204081632653064
HRJP;UNIDADE INTERNAÇÃO - CLINICA MÉDICA ALA C;2024;6;1,6774193548387097;3,5
HRJP;UNIDADE INTERNAÇÃO - CLINICA MÉDICA ALA C;2024;7;2,4424242424242424;3,2820512820512824
HRJP;UNIDADE INTERNAÇÃO - CLINICA MÉDICA ALA C;2024;8;2,0386847195357833;4,147058823529411
HRJP;UNIDADE INTERNAÇÃO - CLINICA MÉDICA ALA C;2024;9;1,5476190476190477;4,000000000000001
HRJP;UNIDADE INTERNAÇÃO - CLINICA MÉDICA ALA C;2024;10;2,926782273603083;2,4897959183673475
HRJP;UNIDADE INTERNAÇÃO - CLINICA MÉDICA ALA C;2024;11;2,1686746987951806;5,000000000000002
HRJP;UNIDADE INTERNAÇÃO - CLÍNICA MÉDICA ALA C;2024;11;2,3076923076923075;5,833333333333332
HRJP;UNIDADE INTERNAÇÃO - CLÍNICA MÉDICA ALA C;2024;12;2,4444444444444446;7,3181818181818175
HRJP;UNIDADE INTERNAÇÃO - CLÍNICA MÉDICA ALA C;2025;1;1,7547169811320755;5,88888888888889
HRJP;UNIDADE INTERNAÇÃO - CLÍNICA MÉDICA ALA C;2025;2;2,5555555555555554;2,9565217391304355
HRJP;UNIDADE INTERNAÇÃO - CLÍNICA MÉDICA ALA C;2025;3;2,8181818181818183;3,76
HRJP;UNIDADE INTERNAÇÃO - CLÍNICA MÉDICA ALA C;2025;4;3,230769230769231;2,285714285714286
HRJP;UNIDADE INTERNAÇÃO - CLÍNICA MÉDICA ALA C;2025;5;2,6117216117216118;2,3478260869565215
HRJP;UNIDADE INTERNAÇÃO - CLÍNICA MÉDICA ALA C;2025;6;2,142857142857143;4,722222222222223
HRJP;UNIDADE INTERNAÇÃO - CLÍNICA MÉDICA ALA C;2025;7;2,5353159851301115;4,6818181818181825
HRJP;UNIDADE INTERNAÇÃO - CLÍNICA MÉDICA ALA C;2025;8;2,88663967611336;4,608695652173914
HRJP;UNIDADE INTERNAÇÃO - CLÍNICA MÉDICA ALA C;2025;9;2,769230769230769;2,291666666666667
HRJP;UNIDADE INTERNAÇÃO - CLÍNICA MÉDICA ALA C;2025;10;4,018518518518518;1,2500000000000007
HRJP;UNIDADE INTERNAÇÃO - CLÍNICA MÉDICA ALA C;2025;11;1,792828685258964;1,8000000000000003
HRJP;UNIDADE INTERNAÇÃO - CLÍNICA MÉDICA ALA C;2025;12;3,5043478260869567;1,3076923076923082
HRJP;UNIDADE INTERNAÇÃO - CLÍNICA MÉDICA ALA C;2026;2;1,8064516129032258;2,0
HRJP;UNIDADE INTERNAÇÃO - CLÍNICA MÉDICA ALA C;2026;3;9,72549019607843;0,18750000000000006
HRJP;UNIDADE INTERNAÇÃO - CLÍNICA MÉDICA ALA C;2026;4;4,186046511627907;1,3333333333333333
HRJP;UNIDADE INTERNAÇÃO - CLÍNICA MÉDICA ALA C;2026;5;3,658385093167702;1,8421052631578945
HRJP;UNIDADE INTERNAÇÃO - CLINICA MÉDICA COVID 19;2021;7;0,7045454545454546;34,33333333333333
HRJP;UNIDADE INTERNAÇÃO - CLINICA MÉDICA COVID 19;2021;8;0,7575757575757576;32,92
HRJP;UNIDADE INTERNAÇÃO - CLINICA MÉDICA COVID 19;2021;9;0,5454545454545454;43,77777777777778
HRJP;UNIDADE INTERNAÇÃO - CLINICA MÉDICA COVID 19;2021;10;0,67601246105919;32,57142857142858
HRJP;UNIDADE INTERNAÇÃO - CLINICA MÉDICA COVID 19;2021;11;1,6519174041297935;10,482142857142858
HRJP;UNIDADE INTERNAÇÃO - CLINICA MÉDICA COVID 19;2021;12;1,7222222222222223;10,399999999999997
HRJP;UNIDADE INTERNAÇÃO - CLINICA MÉDICA MASCULINA;2019;1;1,4973166368515205;5,129629629629631
HRJP;UNIDADE INTERNAÇÃO - CLINICA MÉDICA MASCULINA;2019;2;1,7535353535353535;3,870967741935484
HRJP;UNIDADE INTERNAÇÃO - CLINICA MÉDICA MASCULINA;2019;3;1,310251798561151;8,553191489361701
HRJP;UNIDADE INTERNAÇÃO - CLINICA MÉDICA MASCULINA;2019;4;1,5654648956356736;5,3999999999999995
HRJP;UNIDADE INTERNAÇÃO - CLINICA MÉDICA MASCULINA;2019;5;1,7841726618705036;3,312500000000001
HRJP;UNIDADE INTERNAÇÃO - CLINICA MÉDICA MASCULINA;2019;6;1,6111111111111112;5,482758620689654
HRJP;UNIDADE INTERNAÇÃO - CLINICA MÉDICA MASCULINA;2019;7;1,8554327808471456;6,400000000000001
HRJP;UNIDADE INTERNAÇÃO - CLINICA MÉDICA MASCULINA;2019;8;1,8019704433497536;5,728813559322035
HRJP;UNIDADE INTERNAÇÃO - CLINICA MÉDICA MASCULINA;2019;9;1,5537848605577689;4,769230769230769
HRJP;UNIDADE INTERNAÇÃO - CLINICA MÉDICA MASCULINA;2019;10;1,5767484105358764;3,9642857142857135
HRJP;UNIDADE INTERNAÇÃO - CLINICA MÉDICA MASCULINA;2019;11;2,0309477756286265;3,557142857142857
HRJP;UNIDADE INTERNAÇÃO - CLINICA MÉDICA MASCULINA;2019;12;1,7443237907206317;7,000000000000002
HRJP;UNIDADE INTERNAÇÃO - CLINICA MÉDICA MASCULINA;2020;1;1,6161137440758293;8,490909090909092
HRJP;UNIDADE INTERNAÇÃO - CLINICA MÉDICA MASCULINA;2020;2;1,8621052631578947;5,0655737704918025
HRJP;UNIDADE INTERNAÇÃO - CLINICA MÉDICA MASCULINA;2020;3;1,9305054151624548;6,637681159420289
HRJP;UNIDADE INTERNAÇÃO - CLINICA MÉDICA MASCULINA;2020;4;0,8108108108108109;32,0
HRJP;UNIDADE INTERNAÇÃO - CLINICA MÉDICA MASCULINA;2021;7;1,2883116883116883;10,312500000000002
HRJP;UNIDADE INTERNAÇÃO - CLINICA PEDIÁTRICA;2019;1;3,0869565217391304;3,070422535211268
HRJP;UNIDADE INTERNAÇÃO - CLINICA PEDIÁTRICA;2019;2;3,391304347826087;1,9871794871794877
HRJP;UNIDADE INTERNAÇÃO - CLINICA PEDIÁTRICA;2019;3;3,130434782608696;3,4166666666666674
HRJP;UNIDADE INTERNAÇÃO - CLINICA PEDIÁTRICA;2019;4;3,4375;2,12987012987013
HRJP;UNIDADE INTERNAÇÃO - CLINICA PEDIÁTRICA;2019;5;4,205594405594406;0,9690721649484534
HRJP;UNIDADE INTERNAÇÃO - CLINICA PEDIÁTRICA;2019;6;3,177004538577912;1,528571428571429
HRJP;UNIDADE INTERNAÇÃO - CLINICA PEDIÁTRICA;2019;7;3,0254596888260257;2,739130434782609
HRJP;UNIDADE INTERNAÇÃO - CLINICA PEDIÁTRICA;2019;8;2,869565217391304;2,7272727272727275
HRJP;UNIDADE INTERNAÇÃO - CLINICA PEDIÁTRICA;2019;9;3,0;1,6825396825396821
HRJP;UNIDADE INTERNAÇÃO - CLINICA PEDIÁTRICA;2019;10;3,513629842180775;2,4303797468354436
HRJP;UNIDADE INTERNAÇÃO - CLINICA PEDIÁTRICA;2019;11;2,739130434782609;2,5873015873015874
HRJP;UNIDADE INTERNAÇÃO - CLINICA PEDIÁTRICA;2019;12;2,6050420168067228;2,916666666666667
HRJP;UNIDADE INTERNAÇÃO - CLINICA PEDIÁTRICA;2020;1;3,217391304347826;2,851351351351351
HRJP;UNIDADE INTERNAÇÃO - CLINICA PEDIÁTRICA;2020;2;2,8781954887218046;2,136363636363636
HRJP;UNIDADE INTERNAÇÃO - CLINICA PEDIÁTRICA;2020;3;2,8340365682137834;2,7846153846153836
HRJP;UNIDADE INTERNAÇÃO - CLINICA PEDIÁTRICA;2020;4;1,3181818181818181;12,13793103448276
HRJP;UNIDADE INTERNAÇÃO - CLINICA PEDIÁTRICA;2020;5;1,8636363636363635;8,317073170731707
HRJP;UNIDADE INTERNAÇÃO - CLINICA PEDIÁTRICA;2020;6;1,78125;9,500000000000002
HRJP;UNIDADE INTERNAÇÃO - CLINICA PEDIÁTRICA;2020;7;2,9130434782608696;4,2835820895522385
HRJP;UNIDADE INTERNAÇÃO - CLINICA PEDIÁTRICA;2020;8;2,260869565217391;6,596153846153845
HRJP;UNIDADE INTERNAÇÃO - CLINICA PEDIÁTRICA;2020;9;2,207792207792208;7,1568627450980395
HRJP;UNIDADE INTERNAÇÃO - CLINICA PEDIÁTRICA;2020;10;2,6956521739130435;3,7741935483870974
HRJP;UNIDADE INTERNAÇÃO - CLINICA PEDIÁTRICA;2020;11;1,9130434782608696;7,40909090909091
HRJP;UNIDADE INTERNAÇÃO - CLINICA PEDIÁTRICA;2020;12;2,0434782608695654;6,404255319148936
HRJP;UNIDADE INTERNAÇÃO - CLINICA PEDIÁTRICA;2021;1;2,3215859030837005;5,313725490196078
HRJP;UNIDADE INTERNAÇÃO - CLINICA PEDIÁTRICA;2021;2;1,9811320754716981;5,933333333333332
HRJP;UNIDADE INTERNAÇÃO - CLINICA PEDIÁTRICA;2021;3;3,5217391304347827;2,567901234567901
HRJP;UNIDADE INTERNAÇÃO - CLINICA PEDIÁTRICA;2021;4;2,8260869565217392;3,1230769230769235
HRJP;UNIDADE INTERNAÇÃO - CLINICA PEDIÁTRICA;2021;5;3,1739130434782608;2,3013698630136985
HRJP;UNIDADE INTERNAÇÃO - CLINICA PEDIÁTRICA;2021;6;2,5652173913043477;3,5084745762711873
HRJP;UNIDADE INTERNAÇÃO - CLINICA PEDIÁTRICA;2021;7;2,9565217391304346;4,235294117647059
HRJP;UNIDADE INTERNAÇÃO - CLINICA PEDIÁTRICA;2021;8;2,904895104895105;4,686567164179104
HRJP;UNIDADE INTERNAÇÃO - CLINICA PEDIÁTRICA;2021;9;2,4782608695652173;4,771929824561404
HRJP;UNIDADE INTERNAÇÃO - CLINICA PEDIÁTRICA;2021;10;2,130434782608696;6,244897959183675
HRJP;UNIDADE INTERNAÇÃO - CLINICA PEDIÁTRICA;2021;11;2,347826086956522;4,25925925925926
HRJP;UNIDADE INTERNAÇÃO - CLINICA PEDIÁTRICA;2021;12;2,5652173913043477;3,864406779661017
HRJP;UNIDADE INTERNAÇÃO - CLINICA PEDIÁTRICA;2022;1;3,2264416315049225;2,9189189189189184
HRJP;UNIDADE INTERNAÇÃO - CLINICA PEDIÁTRICA;2022;2;2,493150684931507;4,969230769230769
HRJP;UNIDADE INTERNAÇÃO - CLINICA PEDIÁTRICA;2022;3;3,452970297029703;3,844444444444445
HRJP;UNIDADE INTERNAÇÃO - CLINICA PEDIÁTRICA;2022;4;4,115384615384615;1,5981308411214954
HRJP;UNIDADE INTERNAÇÃO - CLINICA PEDIÁTRICA;2022;5;4,115384615384615;1,7570093457943923
HRJP;UNIDADE INTERNAÇÃO - CLINICA PEDIÁTRICA;2022;6;3,0555555555555554;2,961038961038961
HRJP;UNIDADE INTERNAÇÃO - CLINICA PEDIÁTRICA;2022;7;2,9430379746835444;2,4
HRJP;UNIDADE INTERNAÇÃO - CLINICA PEDIÁTRICA;2022;8;3,423076923076923;2,887640449438202
HRJP;UNIDADE INTERNAÇÃO - CLINICA PEDIÁTRICA;2022;9;3,078034682080925;3,3943661971830985
HRJP;UNIDADE INTERNAÇÃO - CLINICA PEDIÁTRICA;2022;10;2,769230769230769;3,2499999999999996
HRJP;UNIDADE INTERNAÇÃO - CLINICA PEDIÁTRICA;2022;11;3,131443298969072;2,135802469135802
HRJP;UNIDADE INTERNAÇÃO - CLINICA PEDIÁTRICA;2022;12;2,730769230769231;3,5633802816901414
HRJP;UNIDADE INTERNAÇÃO - CLINICA PEDIÁTRICA;2023;1;2,5384615384615383;4,636363636363637
HRJP;UNIDADE INTERNAÇÃO - CLINICA PEDIÁTRICA;2023;2;2,4863387978142075;2,4769230769230766
HRJP;UNIDADE INTERNAÇÃO - CLINICA PEDIÁTRICA;2023;3;3,8446475195822454;0,7157894736842104
HRJP;UNIDADE INTERNAÇÃO - CLINICA PEDIÁTRICA;2023;4;2,939866369710468;1,693181818181819
HRJP;UNIDADE INTERNAÇÃO - CLINICA PEDIÁTRICA;2023;5;3,0;1,9777777777777779
HRJP;UNIDADE INTERNAÇÃO - CLINICA PEDIÁTRICA;2023;6;3,329633740288568;2,62
HRJP;UNIDADE INTERNAÇÃO - CLINICA PEDIÁTRICA;2023;7;2,504366812227074;4,864864864864865
HRJP;UNIDADE INTERNAÇÃO - CLINICA PEDIÁTRICA;2023;8;2,566666666666667;4,194805194805195
HRJP;UNIDADE INTERNAÇÃO - CLINICA PEDIÁTRICA;2023;9;2,468996617812852;4,4520547945205475
HRJP;UNIDADE INTERNAÇÃO - CLINICA PEDIÁTRICA;2023;10;2,8978260869565218;4,837209302325582
HRJP;UNIDADE INTERNAÇÃO - CLINICA PEDIÁTRICA;2023;11;3,103448275862069;3,057471264367817
HRJP;UNIDADE INTERNAÇÃO - CLINICA PEDIÁTRICA;2023;12;2,502242152466368;4,694444444444444
HRJP;UNIDADE INTERNAÇÃO - CLINICA PEDIÁTRICA;2024;1;1,7942122186495177;6,722222222222222
HRJP;UNIDADE INTERNAÇÃO - CLINICA PEDIÁTRICA;2024;2;2,4;3,583333333333334
HRJP;UNIDADE INTERNAÇÃO - CLINICA PEDIÁTRICA;2024;3;2,2;3,333333333333334
HRJP;UNIDADE INTERNAÇÃO - CLINICA PEDIÁTRICA;2024;4;2,6519337016574585;2,5624999999999996
HRJP;UNIDADE INTERNAÇÃO - CLINICA PEDIÁTRICA;2024;5;2,996777658431794;1,4666666666666666
HRJP;UNIDADE INTERNAÇÃO - CLINICA PEDIÁTRICA;2024;6;2,8967813540510545;1,6436781609195397
HRJP;UNIDADE INTERNAÇÃO - CLINICA PEDIÁTRICA;2024;7;2,3;4,565217391304348
HRJP;UNIDADE INTERNAÇÃO - CLINICA PEDIÁTRICA;2024;8;2,2;5,833333333333332
HRJP;UNIDADE INTERNAÇÃO - CLINICA PEDIÁTRICA;2024;9;2,8947368421052633;2,965909090909091
HRJP;UNIDADE INTERNAÇÃO - CLINICA PEDIÁTRICA;2024;10;3,396348012889366;2,6666666666666665
HRJP;UNIDADE INTERNAÇÃO - CLINICA PEDIÁTRICA;2024;11;2,4;5,083333333333333
HRJP;UNIDADE INTERNAÇÃO - CLÍNICA PEDIÁTRICA;2024;11;2,3461538461538463;6,0655737704918025
HRJP;UNIDADE INTERNAÇÃO - CLÍNICA PEDIÁTRICA;2024;12;2,221498371335505;6,181818181818182
HRJP;UNIDADE INTERNAÇÃO - CLÍNICA PEDIÁTRICA;2025;1;2,2413793103448274;7,4
HRJP;UNIDADE INTERNAÇÃO - CLÍNICA PEDIÁTRICA;2025;2;2,9385307346326837;3,9142857142857137
HRJP;UNIDADE INTERNAÇÃO - CLÍNICA PEDIÁTRICA;2025;3;3,268370607028754;3,090909090909091
HRJP;UNIDADE INTERNAÇÃO - CLÍNICA PEDIÁTRICA;2025;4;3,2892998678996035;1,8192771084337347
HRJP;UNIDADE INTERNAÇÃO - CLÍNICA PEDIÁTRICA;2025;5;3,8058035714285716;1,9000000000000004
HRJP;UNIDADE INTERNAÇÃO - CLÍNICA PEDIÁTRICA;2025;6;2,848970251716247;1,192771084337349
HRJP;UNIDADE INTERNAÇÃO - CLÍNICA PEDIÁTRICA;2025;7;3,341743119266055;2,308510638297872
HRJP;UNIDADE INTERNAÇÃO - CLÍNICA PEDIÁTRICA;2025;8;2,9783491204330175;3,267605633802816
HRJP;UNIDADE INTERNAÇÃO - CLÍNICA PEDIÁTRICA;2025;9;2,6658322903629537;4,042253521126761
HRJP;UNIDADE INTERNAÇÃO - CLÍNICA PEDIÁTRICA;2025;10;2,908847184986595;4,257142857142856
HRJP;UNIDADE INTERNAÇÃO - CLÍNICA PEDIÁTRICA;2025;11;3,386243386243386;1,2968750000000004
HRJP;UNIDADE INTERNAÇÃO - CLÍNICA PEDIÁTRICA;2025;12;2,780730897009967;2,481481481481481
HRJP;UNIDADE INTERNAÇÃO - CLÍNICA PEDIÁTRICA;2026;1;3,1768595041322314;3,532258064516128
HRJP;UNIDADE INTERNAÇÃO - CLÍNICA PEDIÁTRICA;2026;2;2,75;1,8000000000000003
HRJP;UNIDADE INTERNAÇÃO - CLÍNICA PEDIÁTRICA;2026;3;3,6;3,0833333333333326
HRJP;UNIDADE INTERNAÇÃO - CLÍNICA PEDIÁTRICA;2026;4;3,185840707964602;0,5000000000000001
HRJP;UNIDADE INTERNAÇÃO - CLÍNICA PEDIÁTRICA;2026;5;2,8919803600654665;2,929824561403508
HRJP;UNIDADE INTERNAÇÃO - CLÍNICA PSIQUIÁTRICA ALA A;2024;11;2,0754716981132075;2,636363636363636
HRJP;UNIDADE INTERNAÇÃO - CLÍNICA PSIQUIÁTRICA ALA A;2024;12;0,9587628865979382;5,333333333333332
HRJP;UNIDADE INTERNAÇÃO - CLÍNICA PSIQUIÁTRICA ALA A;2025;1;0,6358974358974359;21,0
HRJP;UNIDADE INTERNAÇÃO - CLÍNICA PSIQUIÁTRICA ALA A;2025;2;1,3658536585365855;-0,7500000000000007
HRJP;UNIDADE INTERNAÇÃO - CLÍNICA PSIQUIÁTRICA ALA A;2025;3;0,6775956284153005;-4,500000000000004
HRJP;UNIDADE INTERNAÇÃO - CLÍNICA PSIQUIÁTRICA ALA A;2025;4;1,4210526315789473;-0,11111111111111145
HRJP;UNIDADE INTERNAÇÃO - CLÍNICA PSIQUIÁTRICA ALA A;2025;5;2,4473684210526314;1,5999999999999992
HRJP;UNIDADE INTERNAÇÃO - CLÍNICA PSIQUIÁTRICA ALA A;2025;6;0,7575757575757576;5,999999999999999
HRJP;UNIDADE INTERNAÇÃO - CLÍNICA PSIQUIÁTRICA ALA A;2025;7;1,1361256544502618;-1,714285714285716
HRJP;UNIDADE INTERNAÇÃO - CLÍNICA PSIQUIÁTRICA ALA A;2025;8;1,0;2,5000000000000013
HRJP;UNIDADE INTERNAÇÃO - CLÍNICA PSIQUIÁTRICA ALA A;2025;9;0,8379888268156425;-2,3999999999999977
HRJP;UNIDADE INTERNAÇÃO - CLÍNICA PSIQUIÁTRICA ALA A;2025;10;1,9254658385093169;-1,1999999999999988
HRJP;UNIDADE INTERNAÇÃO - CLÍNICA PSIQUIÁTRICA ALA A;2025;11;2,9310344827586206;-0,29411764705882376
HRJP;UNIDADE INTERNAÇÃO - CLÍNICA PSIQUIÁTRICA ALA A;2025;12;1,55;-29,000000000000004
HRJP;UNIDADE INTERNAÇÃO - CLÍNICA PSIQUIÁTRICA ALA A;2026;3;2,066666666666667;-5,250000000000001
HRJP;UNIDADE INTERNAÇÃO - CLÍNICA PSIQUIÁTRICA ALA A;2026;4;0,9523809523809523;-7,500000000000002
HRJP;UNIDADE INTERNAÇÃO - CLÍNICA PSIQUIÁTRICA ALA A;2026;5;1,7714285714285714;-13,0
HRJP;UNIDADE INTERNAÇÃO - CLÍNICA PSIQUIÁTRICA ALA C;2024;11;1,791044776119403;1,2499999999999998
HRJP;UNIDADE INTERNAÇÃO - CLÍNICA PSIQUIÁTRICA ALA C;2024;12;0,8266666666666667;2,4999999999999996
HRJP;UNIDADE INTERNAÇÃO - CLÍNICA PSIQUIÁTRICA ALA C;2025;1;1,1071428571428572;1,9999999999999991
HRJP;UNIDADE INTERNAÇÃO - CLÍNICA PSIQUIÁTRICA ALA C;2025;2;0,3783783783783784;7,000000000000003
HRJP;UNIDADE INTERNAÇÃO - CLÍNICA PSIQUIÁTRICA ALA C;2025;3;1,3777777777777778;1,4999999999999996
HRJP;UNIDADE INTERNAÇÃO - CLÍNICA PSIQUIÁTRICA ALA C;2025;4;1,267605633802817;4,666666666666666
HRJP;UNIDADE INTERNAÇÃO - CLÍNICA PSIQUIÁTRICA ALA C;2025;5;1,0;0,9999999999999991
HRJP;UNIDADE INTERNAÇÃO - CLÍNICA PSIQUIÁTRICA ALA C;2025;6;1,6666666666666667;1,0000000000000004
HRJP;UNIDADE INTERNAÇÃO - CLÍNICA PSIQUIÁTRICA ALA C;2025;7;1,0568181818181819;2,0000000000000013
HRJP;UNIDADE INTERNAÇÃO - CLÍNICA PSIQUIÁTRICA ALA C;2025;8;0,6595744680851063;1,9999999999999976
HRJP;UNIDADE INTERNAÇÃO - CLÍNICA PSIQUIÁTRICA ALA C;2025;9;1,0588235294117647;0,6666666666666675
HRJP;UNIDADE INTERNAÇÃO - CLÍNICA PSIQUIÁTRICA ALA C;2025;10;2,9523809523809526;1,3333333333333333
HRJP;UNIDADE INTERNAÇÃO - CLÍNICA PSIQUIÁTRICA ALA C;2025;11;4,186046511627907;1,5833333333333328
HRJP;UNIDADE INTERNAÇÃO - CLÍNICA PSIQUIÁTRICA ALA C;2025;12;4,84375;1,4
HRJP;UNIDADE INTERNAÇÃO - CLÍNICA PSIQUIÁTRICA ALA C;2026;3;31,0;0,0
HRJP;UNIDADE INTERNAÇÃO - CLÍNICA PSIQUIÁTRICA ALA C;2026;5;3,3214285714285716;2,9999999999999996
HRJP;UNIDADE INTERNAÇÃO - CLINICA TISIOLÓGICA ALA B;2022;6;3,0;1,6000000000000005
HRJP;UNIDADE INTERNAÇÃO - CLINICA TISIOLÓGICA ALA B;2022;7;0,9029126213592233;12,666666666666664
HRJP;UNIDADE INTERNAÇÃO - CLINICA TISIOLÓGICA ALA B;2022;11;0,25;14,000000000000005
HRJP;UNIDADE INTERNAÇÃO - CLINICA TISIOLÓGICA ALA B;2022;12;0,75;4,333333333333334
HRJP;UNIDADE INTERNAÇÃO - CLINICA TISIOLÓGICA ALA B;2023;1;0,75;18,66666666666667
HRJP;UNIDADE INTERNAÇÃO - CLINICA TISIOLÓGICA ALA B;2023;2;2,0;5,6000000000000005
HRJP;UNIDADE INTERNAÇÃO - CLINICA TISIOLÓGICA ALA B;2023;3;1,0689655172413792;2,4999999999999982
HRJP;UNIDADE INTERNAÇÃO - CLINICA TISIOLÓGICA ALA B;2023;4;0,5084745762711864;10,999999999999996
HRJP;UNIDADE INTERNAÇÃO - CLINICA TISIOLÓGICA ALA B;2023;5;1,5;0,9999999999999992
HRJP;UNIDADE INTERNAÇÃO - CLINICA TISIOLÓGICA ALA B;2023;6;0,5;5,999999999999998
HRJP;UNIDADE INTERNAÇÃO - CLINICA TISIOLÓGICA ALA B;2023;7;1,0;2,0000000000000018
HRJP;UNIDADE INTERNAÇÃO - CLINICA TISIOLÓGICA ALA B;2023;8;2,0;7,000000000000001
HRJP;UNIDADE INTERNAÇÃO - CLINICA TISIOLÓGICA ALA B;2023;9;1,6071428571428572;5,666666666666668
HRJP;UNIDADE INTERNAÇÃO - CLINICA TISIOLÓGICA ALA B;2023;10;0,96875;8,0
HRJP;UNIDADE INTERNAÇÃO - CLINICA TISIOLÓGICA ALA B;2023;11;0,6521739130434783;12,000000000000004
HRJP;UNIDADE INTERNAÇÃO - CLINICA TISIOLÓGICA ALA B;2023;12;1,0;7,000000000000001
HRJP;UNIDADE INTERNAÇÃO - CLINICA TISIOLÓGICA ALA B;2024;1;2,0;4,0
HRJP;UNIDADE INTERNAÇÃO - CLINICA TISIOLÓGICA ALA B;2024;2;0,5;4,9999999999999964
HRJP;UNIDADE INTERNAÇÃO - CLINICA TISIOLÓGICA ALA B;2024;3;0,5;8,999999999999998
HRJP;UNIDADE INTERNAÇÃO - CLINICA TISIOLÓGICA ALA B;2024;4;0,5;3,0000000000000027
HRJP;UNIDADE INTERNAÇÃO - CLINICA TISIOLÓGICA ALA B;2024;5;0,5;0,9999999999999991
HRJP;UNIDADE INTERNAÇÃO - CLINICA TISIOLÓGICA ALA B;2024;7;1,5;1,6666666666666676
HRJP;UNIDADE INTERNAÇÃO - CLINICA TISIOLÓGICA ALA B;2024;8;0,5;4,0000000000000036
HRJP;UNIDADE INTERNAÇÃO - CLINICA TISIOLÓGICA ALA B;2024;9;1,0;0,9999999999999998
HRJP;UNIDADE INTERNAÇÃO - CLINICA TISIOLÓGICA ALA B;2024;10;1,0;0,9999999999999991
HRJP;UNIDADE INTERNAÇÃO - CLÍNICA TISIOLÓGICA ALA B;2024;11;2,3076923076923075;4,249999999999999
HRJP;UNIDADE INTERNAÇÃO - CLÍNICA TISIOLÓGICA ALA B;2024;12;1,5;10,0
HRJP;UNIDADE INTERNAÇÃO - CLÍNICA TISIOLÓGICA ALA B;2025;1;1,5;8,666666666666664
HRJP;UNIDADE INTERNAÇÃO - CLÍNICA TISIOLÓGICA ALA B;2025;2;1,0;5,499999999999999
HRJP;UNIDADE INTERNAÇÃO - CLÍNICA TISIOLÓGICA ALA B;2025;3;1,5;8,666666666666664
HRJP;UNIDADE INTERNAÇÃO - CLÍNICA TISIOLÓGICA ALA B;2025;4;0,5;9,000000000000002
HRJP;UNIDADE INTERNAÇÃO - CLÍNICA TISIOLÓGICA ALA B;2025;5;0,5;7,0
HRJP;UNIDADE INTERNAÇÃO - CLÍNICA TISIOLÓGICA ALA B;2025;6;1,5;2,6666666666666656
HRJP;UNIDADE INTERNAÇÃO - CLÍNICA TISIOLÓGICA ALA B;2025;7;1,576271186440678;14,666666666666666
HRJP;UNIDADE INTERNAÇÃO - CLÍNICA TISIOLÓGICA ALA B;2025;9;1,5;4,666666666666665
HRJP;UNIDADE INTERNAÇÃO - CLÍNICA TISIOLÓGICA ALA B;2025;10;1,6607142857142858;2,666666666666668
HRJP;UNIDADE INTERNAÇÃO - CLÍNICA TISIOLÓGICA ALA B;2025;12;2,5;1,2000000000000002
HRJP;UNIDADE INTERNAÇÃO - CLÍNICA TISIOLÓGICA ALA B;2026;1;1,0;4,999999999999998
HRJP;UNIDADE INTERNAÇÃO - CLÍNICA TISIOLÓGICA ALA B;2026;2;1,0;5,499999999999999
HRJP;UNIDADE INTERNAÇÃO - CLÍNICA TISIOLÓGICA ALA B;2026;3;1,0;0,49999999999999956
HRJP;UNIDADE INTERNAÇÃO - CLÍNICA TISIOLÓGICA ALA B;2026;5;0,5;24,999999999999996
HRJP;UNIDADE INTERNAÇÃO - CLINICA TISIOLÓGICA ALA C;2019;1;0,9841269841269841;9,857142857142858
HRJP;UNIDADE INTERNAÇÃO - CLINICA TISIOLÓGICA ALA C;2019;2;0,8438356164383561;10,499999999999998
HRJP;UNIDADE INTERNAÇÃO - CLINICA TISIOLÓGICA ALA C;2019;3;1,131919905771496;9,709677419354836
HRJP;UNIDADE INTERNAÇÃO - CLINICA TISIOLÓGICA ALA C;2019;4;1,007838745800672;12,366666666666664
HRJP;UNIDADE INTERNAÇÃO - CLINICA TISIOLÓGICA ALA C;2019;5;1,1691810344827587;9,714285714285715
HRJP;UNIDADE INTERNAÇÃO - CLINICA TISIOLÓGICA ALA C;2019;6;1,3011152416356877;9,171428571428569
HRJP;UNIDADE INTERNAÇÃO - CLINICA TISIOLÓGICA ALA C;2019;7;1,0468409586056644;12,935483870967744
HRJP;UNIDADE INTERNAÇÃO - CLINICA TISIOLÓGICA ALA C;2019;8;0,8932764140875133;10,592592592592592
HRJP;UNIDADE INTERNAÇÃO - CLINICA TISIOLÓGICA ALA C;2019;9;1,3;5,7435897435897445
HRJP;UNIDADE INTERNAÇÃO - CLINICA TISIOLÓGICA ALA C;2019;10;1,1666666666666667;9,114285714285714
HRJP;UNIDADE INTERNAÇÃO - CLINICA TISIOLÓGICA ALA C;2019;11;1,114864864864865;10,303030303030301
HRJP;UNIDADE INTERNAÇÃO - CLINICA TISIOLÓGICA ALA C;2019;12;1,3940828402366865;8,94736842105263
HRJP;UNIDADE INTERNAÇÃO - CLINICA TISIOLÓGICA ALA C;2020;1;1,1345532831001077;15,705882352941178
HRJP;UNIDADE INTERNAÇÃO - CLINICA TISIOLÓGICA ALA C;2020;2;0,7164705882352941;19,80952380952381
HRJP;UNIDADE INTERNAÇÃO - CLINICA TISIOLÓGICA ALA C;2020;3;1,6047058823529412;9,068181818181817
HRJP;UNIDADE INTERNAÇÃO - CLINICA TISIOLÓGICA ALA C;2020;4;0,5769230769230769;40,529411764705884
HRJP;UNIDADE INTERNAÇÃO - CLINICA TISIOLÓGICA ALA C;2020;5;1,0128354725787632;19,464285714285715
HRJP;UNIDADE INTERNAÇÃO - CLINICA TISIOLÓGICA ALA C;2020;6;1,1499436302142052;13,352941176470587
HRJP;UNIDADE INTERNAÇÃO - CLINICA TISIOLÓGICA ALA C;2020;7;1,3754266211604096;10,8974358974359
HRJP;UNIDADE INTERNAÇÃO - CLINICA TISIOLÓGICA ALA C;2020;8;1,1254125412541254;17,484848484848484
HRJP;UNIDADE INTERNAÇÃO - CLINICA TISIOLÓGICA ALA C;2020;9;1,267605633802817;11,055555555555554
HRJP;UNIDADE INTERNAÇÃO - CLINICA TISIOLÓGICA ALA C;2020;10;1,5339470655926353;8,604651162790695
HRJP;UNIDADE INTERNAÇÃO - CLINICA TISIOLÓGICA ALA C;2020;11;1,0575793184488838;13,733333333333334
HRJP;UNIDADE INTERNAÇÃO - CLINICA TISIOLÓGICA ALA C;2020;12;0,8826879271070615;21,04
HRJP;UNIDADE INTERNAÇÃO - CLINICA TISIOLÓGICA ALA C;2021;1;1,090805902383655;14,612903225806452
HRJP;UNIDADE INTERNAÇÃO - CLINICA TISIOLÓGICA ALA C;2021;2;1,1789473684210525;10,65625
HRJP;UNIDADE INTERNAÇÃO - CLINICA TISIOLÓGICA ALA C;2021;3;1,099290780141844;13,600000000000001
HRJP;UNIDADE INTERNAÇÃO - CLINICA TISIOLÓGICA ALA C;2021;4;1,266490765171504;8,812500000000002
HRJP;UNIDADE INTERNAÇÃO - CLINICA TISIOLÓGICA ALA C;2021;5;0,9219330855018587;11,958333333333334
HRJP;UNIDADE INTERNAÇÃO - CLINICA TISIOLÓGICA ALA C;2021;6;0,8780487804878049;13,66666666666667
HRJP;UNIDADE INTERNAÇÃO - CLINICA TISIOLÓGICA ALA C;2021;7;0,7022653721682848;19,428571428571427
HRJP;UNIDADE INTERNAÇÃO - CLINICA TISIOLÓGICA ALA C;2021;12;1,2301587301587302;10,966666666666667
HRJP;UNIDADE INTERNAÇÃO - CLINICA TISIOLÓGICA ALA C;2022;1;1,2704918032786885;9,600000000000001
HRJP;UNIDADE INTERNAÇÃO - CLINICA TISIOLÓGICA ALA C;2022;2;1,1853546910755148;9,756756756756756
HRJP;UNIDADE INTERNAÇÃO - CLINICA TISIOLÓGICA ALA C;2022;3;1,2697302697302697;8,707317073170731
HRJP;UNIDADE INTERNAÇÃO - CLINICA TISIOLÓGICA ALA C;2022;4;0,9419600380589914;12,545454545454547
HRJP;UNIDADE INTERNAÇÃO - CLINICA TISIOLÓGICA ALA C;2022;5;1,0202531645569621;19,58974358974359
HRJP;UNIDADE INTERNAÇÃO - CLINICA TISIOLÓGICA ALA C;2022;6;1,0;14,625000000000002
HRJP;UNIDADE INTERNAÇÃO - CLINICA TISIOLÓGICA ALA C;2022;7;1,5121951219512195;5,750000000000001
HRJP;UNIDADE INTERNAÇÃO - CLINICA TISIOLÓGICA ALA C;2022;8;1,5;14,000000000000002
HRJP;UNIDADE INTERNAÇÃO - CLINICA TISIOLÓGICA ALA C;2022;9;0,75;27,999999999999996
HRJP;UNIDADE INTERNAÇÃO - CLINICA TISIOLÓGICA ALA C;2022;10;0,34065934065934067;25,000000000000004
HRJP;UNIDADE INTERNAÇÃO - CLINICA TISIOLÓGICA ALA C;2022;11;0,5;9,5
HRJP;UNIDADE INTERNAÇÃO - CLINICA TISIOLÓGICA ALA C;2022;12;0,75;4,666666666666667
HRJP;UNIDADE INTERNAÇÃO - CLINICA TISIOLÓGICA ALA C;2023;1;0,75;7,666666666666663
HRJP;UNIDADE INTERNAÇÃO - CLINICA TISIOLÓGICA ALA C;2023;2;0,7943262411347518;5,249999999999999
HRJP;UNIDADE INTERNAÇÃO - CLINICA TISIOLÓGICA ALA C;2023;3;1,7588652482269505;2,875
HRJP;UNIDADE INTERNAÇÃO - CLINICA TISIOLÓGICA ALA C;2023;4;0,425531914893617;9,499999999999998
HRJP;UNIDADE INTERNAÇÃO - CLINICA TISIOLÓGICA ALA C;2023;5;0,5705521472392638;5,000000000000002
HRJP;UNIDADE INTERNAÇÃO - CLINICA TISIOLÓGICA ALA C;2023;6;1,2650602409638554;6,000000000000001
HRJP;UNIDADE INTERNAÇÃO - CLINICA TISIOLÓGICA ALA C;2023;7;0,5;3,6666666666666634
HRJP;UNIDADE INTERNAÇÃO - CLINICA TISIOLÓGICA ALA C;2023;8;0,8806818181818182;8,000000000000002
HRJP;UNIDADE INTERNAÇÃO - CLINICA TISIOLÓGICA ALA C;2023;9;0,9259259259259259;2,0000000000000018
HRJP;UNIDADE INTERNAÇÃO - CLINICA TISIOLÓGICA ALA C;2023;10;1,441860465116279;3,624999999999999
HRJP;UNIDADE INTERNAÇÃO - CLINICA TISIOLÓGICA ALA C;2023;11;0,7317073170731707;5,750000000000001
HRJP;UNIDADE INTERNAÇÃO - CLINICA TISIOLÓGICA ALA C;2023;12;1,0;0,6666666666666661
HRJP;UNIDADE INTERNAÇÃO - CLINICA TISIOLÓGICA ALA C;2024;1;0,6666666666666666;2,2499999999999982
HRJP;UNIDADE INTERNAÇÃO - CLINICA TISIOLÓGICA ALA C;2024;2;0,6;8,333333333333334
HRJP;UNIDADE INTERNAÇÃO - CLINICA TISIOLÓGICA ALA C;2024;3;2,0920245398773005;4,909090909090908
HRJP;UNIDADE INTERNAÇÃO - CLINICA TISIOLÓGICA ALA C;2024;4;2,3076923076923075;6,0
HRJP;UNIDADE INTERNAÇÃO - CLINICA TISIOLÓGICA ALA C;2024;5;1,276470588235294;3,1428571428571423
HRJP;UNIDADE INTERNAÇÃO - CLINICA TISIOLÓGICA ALA C;2024;6;0,7017543859649122;3,7500000000000027
HRJP;UNIDADE INTERNAÇÃO - CLINICA TISIOLÓGICA ALA C;2024;7;0,5254237288135594;11,333333333333334
HRJP;UNIDADE INTERNAÇÃO - CLINICA TISIOLÓGICA ALA C;2024;8;1,282758620689655;15,999999999999998
HRJP;UNIDADE INTERNAÇÃO - CLINICA TISIOLÓGICA ALA C;2024;9;0,6818181818181818;30,333333333333332
HRJP;UNIDADE INTERNAÇÃO - CLINICA TISIOLÓGICA ALA C;2024;10;0,43356643356643354;39,0
HRJP;UNIDADE INTERNAÇÃO - CLÍNICA TISIOLÓGICA ALA C;2024;11;0,8653846153846154;18,333333333333332
HRJP;UNIDADE INTERNAÇÃO - CLÍNICA TISIOLÓGICA ALA C;2024;12;1,5955882352941178;5,8571428571428585
HRJP;UNIDADE INTERNAÇÃO - CLÍNICA TISIOLÓGICA ALA C;2025;1;2,2302158273381294;3,4999999999999996
HRJP;UNIDADE INTERNAÇÃO - CLÍNICA TISIOLÓGICA ALA C;2025;2;0,4409448818897638;12,499999999999998
HRJP;UNIDADE INTERNAÇÃO - CLÍNICA TISIOLÓGICA ALA C;2025;3;2,1446540880503147;-1,6363636363636371
HRJP;UNIDADE INTERNAÇÃO - CLÍNICA TISIOLÓGICA ALA C;2025;4;1,2195121951219512;13,799999999999999
HRJP;UNIDADE INTERNAÇÃO - CLÍNICA TISIOLÓGICA ALA C;2025;5;1,3247863247863247;10,399999999999999
HRJP;UNIDADE INTERNAÇÃO - CLÍNICA TISIOLÓGICA ALA C;2025;6;1,6981132075471699;4,833333333333335
HRJP;UNIDADE INTERNAÇÃO - CLÍNICA TISIOLÓGICA ALA C;2025;7;0,6838235294117647;3,6666666666666683
HRJP;UNIDADE INTERNAÇÃO - CLÍNICA TISIOLÓGICA ALA C;2025;8;1,1923076923076923;8,8
HRJP;UNIDADE INTERNAÇÃO - CLÍNICA TISIOLÓGICA ALA C;2025;10;1,488;2,4999999999999996
HRJP;UNIDADE INTERNAÇÃO - CLÍNICA TISIOLÓGICA ALA C;2025;11;0,9933774834437086;-5,800000000000001
HRJP;UNIDADE INTERNAÇÃO - CLÍNICA TISIOLÓGICA ALA C;2025;12;1,3478260869565217;-6,75
HRJP;UNIDADE INTERNAÇÃO - CLÍNICA TISIOLÓGICA ALA C;2026;5;0,5535714285714286;23,0
HRJP;UNIDADE INTERNAÇÃO - PSIQUIATRIA ALA A;2022;6;0,5538461538461539;30,000000000000004
HRJP;UNIDADE INTERNAÇÃO - PSIQUIATRIA ALA A;2022;7;0,8461538461538461;11,909090909090907
HRJP;UNIDADE INTERNAÇÃO - PSIQUIATRIA ALA A;2022;8;0,6153846153846154;7,499999999999997
HRJP;UNIDADE INTERNAÇÃO - PSIQUIATRIA ALA A;2022;9;1,2307692307692308;5,000000000000002
HRJP;UNIDADE INTERNAÇÃO - PSIQUIATRIA ALA A;2022;10;1,0769230769230769;5,571428571428573
HRJP;UNIDADE INTERNAÇÃO - PSIQUIATRIA ALA A;2022;11;1,0;8,384615384615385
HRJP;UNIDADE INTERNAÇÃO - PSIQUIATRIA ALA A;2022;12;1,0769230769230769;12,285714285714286
HRJP;UNIDADE INTERNAÇÃO - PSIQUIATRIA ALA A;2023;1;0,8461538461538461;11,545454545454543
HRJP;UNIDADE INTERNAÇÃO - PSIQUIATRIA ALA A;2023;2;1,0769230769230769;5,857142857142856
HRJP;UNIDADE INTERNAÇÃO - PSIQUIATRIA ALA A;2023;3;1,4801061007957559;2,3333333333333335
HRJP;UNIDADE INTERNAÇÃO - PSIQUIATRIA ALA A;2023;4;0,8130081300813008;3,9000000000000004
HRJP;UNIDADE INTERNAÇÃO - PSIQUIATRIA ALA A;2023;5;0,8282442748091603;8,857142857142856
HRJP;UNIDADE INTERNAÇÃO - PSIQUIATRIA ALA A;2023;6;2,0;2,8260869565217384
HRJP;UNIDADE INTERNAÇÃO - PSIQUIATRIA ALA A;2023;7;1,3076923076923077;5,117647058823531
HRJP;UNIDADE INTERNAÇÃO - PSIQUIATRIA ALA A;2023;8;0,9230769230769231;5,499999999999999
HRJP;UNIDADE INTERNAÇÃO - PSIQUIATRIA ALA A;2023;9;1,0129870129870129;2,846153846153847
HRJP;UNIDADE INTERNAÇÃO - PSIQUIATRIA ALA A;2023;10;1,7816091954022988;4,049999999999999
HRJP;UNIDADE INTERNAÇÃO - PSIQUIATRIA ALA A;2023;11;1,019830028328612;5,000000000000001
HRJP;UNIDADE INTERNAÇÃO - PSIQUIATRIA ALA A;2023;12;1,7309644670050761;4,590909090909093
HRJP;UNIDADE INTERNAÇÃO - PSIQUIATRIA ALA A;2024;1;1,1538461538461537;7,733333333333334
HRJP;UNIDADE INTERNAÇÃO - PSIQUIATRIA ALA A;2024;2;2,00531914893617;4,923076923076924
HRJP;UNIDADE INTERNAÇÃO - PSIQUIATRIA ALA A;2024;3;2,7301136363636362;2,6129032258064515
HRJP;UNIDADE INTERNAÇÃO - PSIQUIATRIA ALA A;2024;4;3,0481283422459895;2,078947368421052
HRJP;UNIDADE INTERNAÇÃO - PSIQUIATRIA ALA A;2024;5;1,55;4,250000000000001
HRJP;UNIDADE INTERNAÇÃO - PSIQUIATRIA ALA A;2024;6;1,2121212121212122;8,5
HRJP;UNIDADE INTERNAÇÃO - PSIQUIATRIA ALA A;2024;7;2,0186046511627906;3,7857142857142865
HRJP;UNIDADE INTERNAÇÃO - PSIQUIATRIA ALA A;2024;8;1,6553398058252426;4,0
HRJP;UNIDADE INTERNAÇÃO - PSIQUIATRIA ALA A;2024;9;1,3043478260869565;4,5555555555555545
HRJP;UNIDADE INTERNAÇÃO - PSIQUIATRIA ALA A;2024;10;3,1;3,1428571428571423
HRJP;UNIDADE INTERNAÇÃO - PSIQUIATRIA ALA A;2024;11;1,0;8,000000000000002
HRJP;UNIDADE INTERNAÇÃO - PSIQUIATRIA ALA C;2022;6;1,1904761904761905;1,799999999999999
HRJP;UNIDADE INTERNAÇÃO - PSIQUIATRIA ALA C;2022;7;0,8333333333333334;20,2
HRJP;UNIDADE INTERNAÇÃO - PSIQUIATRIA ALA C;2022;8;0,8333333333333334;9,6
HRJP;UNIDADE INTERNAÇÃO - PSIQUIATRIA ALA C;2022;9;1,6666666666666667;7,499999999999999
HRJP;UNIDADE INTERNAÇÃO - PSIQUIATRIA ALA C;2022;10;1,3932584269662922;6,875
HRJP;UNIDADE INTERNAÇÃO - PSIQUIATRIA ALA C;2022;11;2,357142857142857;2,636363636363637
HRJP;UNIDADE INTERNAÇÃO - PSIQUIATRIA ALA C;2022;12;1,5;6,555555555555557
HRJP;UNIDADE INTERNAÇÃO - PSIQUIATRIA ALA C;2023;1;0,8333333333333334;14,600000000000001
HRJP;UNIDADE INTERNAÇÃO - PSIQUIATRIA ALA C;2023;2;0,8974358974358975;5,400000000000001
HRJP;UNIDADE INTERNAÇÃO - PSIQUIATRIA ALA C;2023;3;3,263157894736842;2,1250000000000004
HRJP;UNIDADE INTERNAÇÃO - PSIQUIATRIA ALA C;2023;4;0,5;4,666666666666663
HRJP;UNIDADE INTERNAÇÃO - PSIQUIATRIA ALA C;2023;5;1,172972972972973;2,1428571428571415
HRJP;UNIDADE INTERNAÇÃO - PSIQUIATRIA ALA C;2023;6;0,8333333333333334;3,7999999999999985
HRJP;UNIDADE INTERNAÇÃO - PSIQUIATRIA ALA C;2023;7;1,1666666666666667;3,8571428571428563
HRJP;UNIDADE INTERNAÇÃO - PSIQUIATRIA ALA C;2023;8;0,8611111111111112;2,2
HRJP;UNIDADE INTERNAÇÃO - PSIQUIATRIA ALA C;2023;9;0,9615384615384616;4,999999999999999
HRJP;UNIDADE INTERNAÇÃO - PSIQUIATRIA ALA C;2023;10;0,7380952380952381;2,5000000000000004
HRJP;UNIDADE INTERNAÇÃO - PSIQUIATRIA ALA C;2023;11;0,8108108108108109;4,999999999999998
HRJP;UNIDADE INTERNAÇÃO - PSIQUIATRIA ALA C;2023;12;0,9393939393939394;0,49999999999999956
HRJP;UNIDADE INTERNAÇÃO - PSIQUIATRIA ALA C;2024;1;0,26495726495726496;7,999999999999997
HRJP;UNIDADE INTERNAÇÃO - PSIQUIATRIA ALA C;2024;2;0,6666666666666666;3,000000000000001
HRJP;UNIDADE INTERNAÇÃO - PSIQUIATRIA ALA C;2024;3;0,8333333333333334;5,199999999999999
HRJP;UNIDADE INTERNAÇÃO - PSIQUIATRIA ALA C;2024;4;1,9760479041916168;2,3636363636363638
HRJP;UNIDADE INTERNAÇÃO - PSIQUIATRIA ALA C;2024;5;0,5849056603773585;7,499999999999998
HRJP;UNIDADE INTERNAÇÃO - PSIQUIATRIA ALA C;2024;6;1,4285714285714286;3,000000000000001
HRJP;UNIDADE INTERNAÇÃO - PSIQUIATRIA ALA C;2024;7;1,273972602739726;5,000000000000001
HRJP;UNIDADE INTERNAÇÃO - PSIQUIATRIA ALA C;2024;8;0,7560975609756098;1,0000000000000009
HRJP;UNIDADE INTERNAÇÃO - PSIQUIATRIA ALA C;2024;9;1,0714285714285714;1,666666666666667
HRJP;UNIDADE INTERNAÇÃO - PSIQUIATRIA ALA C;2024;10;1,5121951219512195;2,5
HRJP;UNIDADE INTERNAÇÃO - PSIQUIATRIA ALA C;2024;11;2,0;4,000000000000001
HRJP;UTI;2019;1;0,9;2,7777777777777795
HRJP;UTI;2019;2;0,6;1,999999999999998
HRJP;UTI;2019;3;0,5;3,7999999999999994
HRJP;UTI;2019;4;0,802675585284281;4,250000000000002
HRJP;UTI;2019;5;0,2222222222222222;2,4999999999999925
HRJP;UTI;2019;6;0,5300353356890459;1,3999999999999975
HRJP;UTI;2019;7;0,6262626262626263;2,6666666666666656
HRJP;UTI;2019;8;0,7306397306397306;1,714285714285716
HRJP;UTI;2019;9;1,0;1,5000000000000013
HRJP;UTI;2019;10;0,4;5,4999999999999964
HRJP;UTI;2019;11;0,5;3,0000000000000027
HRJP;UTI;2019;12;0,7;1,2857142857142865
HRJP;UTI;2020;1;1,0;2,599999999999999
HRJP;UTI;2020;2;0,8;4,0
HRJP;UTI;2020;3;1,1;9,0
HRJP;UTI;2020;4;0,7;6,857142857142859
HRJP;UTI;2020;5;0,8551724137931035;9,437500000000002
HRJP;UTI;2020;6;0,55;3,727272727272729
HRJP;UTI;2020;7;1,1;3,0454545454545445
HRJP;UTI;2020;8;0,85;11,705882352941176
HRJP;UTI;2020;9;0,55;13,727272727272732
HRJP;UTI;2020;10;0,9;9,555555555555557
HRJP;UTI;2020;11;0,95;2,2631578947368416
HRJP;UTI;2020;12;0,9;1,8333333333333335
HRJP;UTI;2021;1;0,9;2,0000000000000013
HRJP;UTI;2021;2;0,8;4,125000000000001
HRJP;UTI;2021;3;0,6;0,4166666666666663
HRJP;UTI;2021;4;0,6;0,7500000000000007
HRJP;UTI;2021;5;0,35;4,714285714285714
HRJP;UTI;2021;6;0,4;9,875000000000004
HRJP;UTI;2021;7;0,4982142857142857;23,777777777777775
HRJP;UTI -  PEDIATRICO;2022;11;0,4;10,749999999999998
HRJP;UTI -  PEDIATRICO;2023;1;0,2198581560283688;77,0
HRJP;UTI -  PEDIATRICO;2023;2;0,12017167381974249;51,999999999999986
HRJP;UTI -  PEDIATRICO;2023;3;0,1336206896551724;18,999999999999993
HRJP;UTI -  PEDIATRICO;2023;4;0,125;29,000000000000004
HRJP;UTI -  PEDIATRICO;2023;5;0,375;25,66666666666666
HRJP;UTI -  PEDIATRICO;2023;6;0,125;91,99999999999999
HRJP;UTI -  PEDIATRICO;2023;7;0,5;19,750000000000004
HRJP;UTI -  PEDIATRICO;2023;8;0,25;62,49999999999999
HRJP;UTI -  PEDIATRICO;2023;9;0,125;132,0
HRJP;UTI -  PEDIATRICO;2023;10;0,125;94,0
HRJP;UTI -  PEDIATRICO;2023;11;0,24691358024691357;54,49999999999999
HRJP;UTI -  PEDIATRICO;2023;12;0,13304721030042918;116,99999999999999
HRJP;UTI -  PEDIATRICO;2024;1;0,15048543689320387;79,00000000000001
HRJP;UTI -  PEDIATRICO;2024;2;0,12184873949579832;114,99999999999997
HRJP;UTI -  PEDIATRICO;2024;3;0,5;25,800000000000004
HRJP;UTI -  PEDIATRICO;2024;4;0,3010033444816054;23,999999999999993
HRJP;UTI -  PEDIATRICO;2024;5;0,30097087378640774;24,0
HRJP;UTI -  PEDIATRICO;2024;6;0,30201342281879195;27,666666666666668
HRJP;UTI -  PEDIATRICO;2024;7;0,10032362459546926;112,0
HRJP;UTI -  PEDIATRICO;2024;8;0,30097087378640774;52,0
HRJP;UTI -  PEDIATRICO;2024;9;0,3;47,33333333333334
HRJP;UTI -  PEDIATRICO;2024;10;0,4;52,0
HRJP;UTI - ADULTO;2021;7;0,775;20,499999999999996
HRJP;UTI - ADULTO;2021;8;0,4;46,0
HRJP;UTI - ADULTO;2021;9;0,55;34,36363636363637
HRJP;UTI - ADULTO;2021;10;0,4087912087912088;38,833333333333336
HRJP;UTI - ADULTO;2021;11;0,5;9,399999999999997
HRJP;UTI - ADULTO;2021;12;0,4;8,499999999999995
HRJP;UTI - ADULTO;2022;1;0,6;6,333333333333333
HRJP;UTI - ADULTO;2022;2;0,3;13,33333333333334
HRJP;UTI - ADULTO;2022;3;0,9967845659163987;3,4999999999999996
HRJP;UTI - ADULTO;2022;4;1,6;2,375000000000001
HRJP;UTI - ADULTO;2022;5;0,6;5,333333333333336
HRJP;UTI - ADULTO;2022;6;1,0;3,2999999999999994
HRJP;UTI - ADULTO;2022;7;0,9;3,111111111111111
HRJP;UTI - ADULTO;2022;8;1,0894568690095847;2,272727272727274
HRJP;UTI - ADULTO;2022;9;0,3;8,999999999999996
HRJP;UTI - ADULTO;2022;10;0,8773584905660378;3,999999999999999
HRJP;UTI - ADULTO;2022;11;0,9933774834437086;2,5999999999999996
HRJP;UTI - ADULTO;2022;12;0,6;5,000000000000002
HRJP;UTI - ADULTO;2023;1;0,6;5,166666666666665
HRJP;UTI - ADULTO;2023;2;0,7795823665893271;11,75
HRJP;UTI - ADULTO;2023;3;0,9858657243816255;3,3333333333333326
HRJP;UTI - ADULTO;2023;4;0,9424083769633508;2,111111111111112
HRJP;UTI - ADULTO;2023;5;0,775;2,533333333333334
HRJP;UTI - ADULTO;2023;6;1,021505376344086;1,6842105263157892
HRJP;UTI - ADULTO;2023;7;0,75;1,9999999999999984
HRJP;UTI - ADULTO;2023;8;0,6739130434782609;1,846153846153845
HRJP;UTI - ADULTO;2023;9;0,6666666666666666;1,5833333333333344
HRJP;UTI - ADULTO;2023;10;0,7777777777777778;1,642857142857143
HRJP;UTI - ADULTO;2023;11;0,5;2,666666666666664
HRJP;UTI - ADULTO;2023;12;0,7777777777777778;1,642857142857143
HRJP;UTI - ADULTO;2024;1;0,7777777777777778;2,6428571428571437
HRJP;UTI - ADULTO;2024;2;0,7277992277992278;2,538461538461538
HRJP;UTI - ADULTO;2024;3;1,0;0,9444444444444449
HRJP;UTI - ADULTO;2024;4;0,5555555555555556;2,0999999999999983
HRJP;UTI - ADULTO;2024;5;0,9547101449275363;1,0000000000000009
HRJP;UTI - ADULTO;2024;6;0,6111111111111112;1,1818181818181792
HRJP;UTI - ADULTO;2024;7;0,8348294434470377;1,2666666666666682
HRJP;UTI - ADULTO;2024;8;0,6;1,6666666666666652
HRJP;UTI - ADULTO;2024;9;0,7035175879396985;-0,4285714285714304
HRJP;UTI - ADULTO;2024;10;0,6542207792207793;1,0769230769230758
HRJP;UTI - ADULTO;2024;11;0,43618739903069464;4,111111111111113
HRJP;UTI - ADULTO;2024;12;1,0064935064935066;0,9000000000000011
HRJP;UTI - ADULTO;2025;1;0,3553008595988539;2,2499999999999956
HRJP;UTI - ADULTO;2025;2;0,4014336917562724;1,0000000000000018
HRJP;UTI - ADULTO;2025;3;1,2753164556962024;1,769230769230771
HRJP;UTI - ADULTO;2025;4;1,0033444816053512;0,8999999999999994
HRJP;UTI - ADULTO;2025;5;1,0064935064935066;0,9000000000000011
HRJP;UTI - ADULTO;2025;6;0,693069306930693;1,5714285714285712
HRJP;UTI - ADULTO;2025;7;0,5961538461538461;1,6666666666666667
HRJP;UTI - ADULTO;2025;8;0,1987179487179487;3,0000000000000067
HRJP;UTI - ADULTO;2025;9;0,8;1,125000000000001
HRJP;UTI - ADULTO;2025;10;1,652037617554859;0,9411764705882361
HRJP;UTI - ADULTO;2025;11;0,8653846153846154;1,2222222222222217
HRJP;UTI - ADULTO;2025;12;1,0623052959501558;0,8181818181818183
HRJP;UTI - ADULTO;2026;1;1,0894568690095847;0,636363636363635
HRJP;UTI - ADULTO;2026;2;0,7877237851662404;3,454545454545455
HRJP;UTI - ADULTO;2026;3;0,75;1,3333333333333321
HRJP;UTI - ADULTO;2026;4;1,1159737417943107;1,1764705882352942
HRJP;UTI - ADULTO;2026;5;1,0333333333333334;1,5294117647058834
HRJP;UTI - NEONATAL;2019;1;0,6111111111111112;6,545454545454545
HRJP;UTI - NEONATAL;2019;2;0,3888888888888889;5,714285714285719
HRJP;UTI - NEONATAL;2019;3;0,22342342342342342;15,0
HRJP;UTI - NEONATAL;2019;4;0,5565862708719852;6,200000000000001
HRJP;UTI - NEONATAL;2019;5;0,1111111111111111;21,000000000000014
HRJP;UTI - NEONATAL;2019;6;0,7222222222222222;5,384615384615385
HRJP;UTI - NEONATAL;2019;7;0,2271062271062271;5,2499999999999964
HRJP;UTI - NEONATAL;2019;8;0,2222222222222222;16,5
HRJP;UTI - NEONATAL;2019;9;0,3333333333333333;21,33333333333334
HRJP;UTI - NEONATAL;2019;10;0,5871212121212122;14,799999999999997
HRJP;UTI - NEONATAL;2019;11;0,2788104089219331;25,40000000000001
HRJP;UTI - NEONATAL;2019;12;0,3384279475982533;42,79999999999999
HRJP;UTI - NEONATAL;2020;1;0,20666666666666667;29,99999999999999
HRJP;UTI - NEONATAL;2020;2;0,2777777777777778;26,0
HRJP;UTI - NEONATAL;2020;3;0,4444444444444444;11,249999999999998
HRJP;UTI - NEONATAL;2020;4;0,9444444444444444;3,882352941176471
HRJP;UTI - NEONATAL;2020;5;0,8985507246376812;8,000000000000002
HRJP;UTI - NEONATAL;2020;6;0,8364312267657993;5,200000000000001
HRJP;UTI - NEONATAL;2020;7;0,5615942028985508;4,8000000000000025
HRJP;UTI - NEONATAL;2020;8;0,956442831215971;9,529411764705882
HRJP;UTI - NEONATAL;2020;9;0,75;13,76923076923077
HRJP;UTI - NEONATAL;2020;10;0,3981651376146789;9,42857142857143
HRJP;UTI - NEONATAL;2020;11;0,9444444444444444;6,7647058823529385
HRJP;UTI - NEONATAL;2020;12;0,8282442748091603;5,857142857142857
HRJP;UTI - NEONATAL;2021;1;0,7112810707456979;10,166666666666668
HRJP;UTI - NEONATAL;2021;2;0,5132382892057027;7,111111111111109
HRJP;UTI - NEONATAL;2021;3;0,5244360902255639;7,555555555555559
HRJP;UTI - NEONATAL;2021;4;0,5;12,88888888888889
HRJP;UTI - NEONATAL;2021;5;0,36046511627906974;30,83333333333333
HRJP;UTI - NEONATAL;2021;6;0,4375;9,428571428571425
HRJP;UTI - NEONATAL;2021;7;0,375;9,499999999999995
HRJP;UTI - NEONATAL;2021;8;0,0625;54,00000000000001
HRJP;UTI - NEONATAL;2021;9;0,125;77,49999999999999
HRJP;UTI - NEONATAL;2021;10;0,186;17,999999999999996
HRJP;UTI - NEONATAL;2021;11;0,25;28,750000000000007
HRJP;UTI - NEONATAL;2021;12;0,25;15,750000000000007
HRJP;UTI - NEONATAL;2022;1;0,24899598393574296;13,500000000000004
HRJP;UTI - NEONATAL;2022;2;1,3125;3,095238095238095
HRJP;UTI - NEONATAL;2022;3;0,6875;16,363636363636363
HRJP;UTI - NEONATAL;2022;4;0,125;38,0
HRJP;UTI - NEONATAL;2022;5;0,25;6,750000000000001
HRJP;UTI - NEONATAL;2022;6;0,3125;8,000000000000004
HRJP;UTI - NEONATAL;2022;7;0,1875;7,0000000000000036
HRJP;UTI - NEONATAL;2022;8;0,0625;25,000000000000007
HRJP;UTI - NEONATAL;2022;9;0,2819548872180451;10,400000000000006
HRJP;UTI - NEONATAL;2022;10;0,3003875968992248;21,6
HRJP;UTI - NEONATAL;2022;11;0,12219959266802444;62,00000000000001
HRJP;UTI - NEONATAL;2022;12;0,1111111111111111;47,00000000000001
HRJP;UTI - NEONATAL;2023;1;0,16666666666666666;43,33333333333332
HRJP;UTI - NEONATAL;2023;2;0,18025751072961374;23,0
HRJP;UTI - NEONATAL;2023;3;0,1336206896551724;6,50000000000001
HRJP;UTI - NEONATAL;2023;4;0,0625;53,00000000000003
HRJP;UTI - NEONATAL;2023;5;0,060784313725490195;90,00000000000003
HRJP;UTI - NEONATAL;2023;6;0,0625;132,0
HRJP;UTI - NEONATAL;2023;7;0,20993227990970656;70,66666666666667
HRJP;UTI - NEONATAL;2023;8;0,11992263056092843;63,500000000000014
HRJP;UTI - NEONATAL;2023;10;0,16666666666666666;64,00000000000001
HRJP;UTI - NEONATAL;2023;11;0,11811023622047244;47,0
HRJP;UTI - NEONATAL;2023;12;0,16666666666666666;64,00000000000001
HRJP;UTI - NEONATAL;2024;1;0,22182468694096602;22,250000000000007
HRJP;UTI - NEONATAL;2024;2;0,05555555555555555;195,99999999999997
HRJP;UTI - NEONATAL;2024;3;0,2222222222222222;27,499999999999996
HRJP;UTI - NEONATAL;2024;4;0,06550218340611354;88,00000000000001
HRJP;UTI - NEONATAL;2024;5;0,06526315789473684;87,99999999999997
HRJP;UTI - NEONATAL;2024;6;0,16791044776119404;36,666666666666664
HRJP;UTI - NEONATAL;2024;8;0,1111111111111111;89,49999999999999
HRJP;UTI - NEONATAL;2024;9;0,1111111111111111;92,49999999999999
HRJP;UTI - NEONATAL;2024;10;0,2222222222222222;82,49999999999999
HRJP;UTI - NEONATAL I;2024;11;0,23076923076923078;78,50000000000001
HRJP;UTI - NEONATAL I;2025;1;0,2;47,499999999999986
HRJP;UTI - NEONATAL I;2025;3;0,4;3,2500000000000044
HRJP;UTI - NEONATAL I;2025;4;0,1;55,00000000000001
HRJP;UTI - NEONATAL I;2025;5;0,1;58,000000000000014
HRJP;UTI - NEONATAL I;2025;6;0,3;9,33333333333334
HRJP;UTI - NEONATAL I;2025;7;0,20195439739413681;37,0
HRJP;UTI - NEONATAL I;2025;8;0,20462046204620463;36,50000000000001
HRJP;UTI - NEONATAL I;2025;9;0,8053691275167785;11,625000000000004
HRJP;UTI - NEONATAL I;2025;10;1,1;4,181818181818183
HRJP;UTI - NEONATAL I;2025;11;0,5;13,799999999999999
HRJP;UTI - NEONATAL I;2025;12;0,8;9,625000000000002
HRJP;UTI - NEONATAL I;2026;1;0,6;4,666666666666668
HRJP;UTI - NEONATAL I;2026;3;0,2;24,500000000000004
HRJP;UTI - NEONATAL I;2026;4;0,1;23,999999999999986
HRJP;UTI - NEONATAL I;2026;5;0,2;24,500000000000004
HRJP;UTI - NEONATAL II;2025;4;0,125;53,99999999999999
HRJP;UTI - NEONATAL II;2025;5;0,125;65,0
HRJP;UTI - NEONATAL II;2025;6;0,125;35,00000000000001
HRJP;UTI - NEONATAL II;2025;7;0,125;72,99999999999999
HRJP;UTI - NEONATAL II;2025;8;0,7717842323651453;9,666666666666668
HRJP;UTI - NEONATAL II;2025;9;0,25210084033613445;26,0
HRJP;UTI - NEONATAL II;2025;10;0,625;4,000000000000003
HRJP;UTI - PEDIÁTRICO;2024;12;0,2;118,50000000000001
HRJP;UTI - PEDIÁTRICO;2025;1;0,4;58,00000000000001
HRJP;UTI - PEDIÁTRICO;2025;2;0,2;81,49999999999999
HRJP;UTI - PEDIÁTRICO;2025;3;0,2;23,000000000000007
HRJP;UTI - PEDIÁTRICO;2025;4;0,3;36,66666666666667
HRJP;UTI - PEDIÁTRICO;2025;5;0,3;18,666666666666668
HRJP;UTI - PEDIÁTRICO;2025;6;0,2;42,5
HRJP;UTI - PEDIÁTRICO;2025;7;0,2012987012987013;97,99999999999999
HRJP;UTI - PEDIÁTRICO;2025;8;0,3795918367346939;32,66666666666667
HRJP;UTI - PEDIÁTRICO;2025;9;0,30201342281879195;49,33333333333333
HRJP;UTI - PEDIÁTRICO;2025;10;0,2080536912751678;49,99999999999999
HRJP;UTI - PEDIÁTRICO;2025;11;0,7241379310344828;11,714285714285715
HRJP;UTI - PEDIÁTRICO;2025;12;0,8;13,5
HRJP;UTI - PEDIÁTRICO;2026;1;0,2;37,99999999999999
HRJP;UTI - PEDIÁTRICO;2026;2;0,4;13,499999999999998
HRJP;UTI - PEDIÁTRICO;2026;3;0,2;35,49999999999999
HRJP;UTI - PEDIÁTRICO;2026;4;0,6;10,999999999999998
HRJP;UTI - PEDIÁTRICO;2026;5;0,1;84,99999999999999
HRJP;UTI PEDIATRICA;2019;1;0,7;11,0
HRJP;UTI PEDIATRICA;2019;3;0,5;15,400000000000002
HRJP;UTI PEDIATRICA;2019;4;0,5;5,999999999999998
HRJP;UTI PEDIATRICA;2019;5;0,3;7,66666666666667
HRJP;UTI PEDIATRICA;2019;6;0,6;11,666666666666664
HRJP;UTI PEDIATRICA;2019;7;0,4542124542124542;19,999999999999996
HRJP;UTI PEDIATRICA;2019;8;0,25;32,5
HRJP;UTI PEDIATRICA;2019;9;0,12448132780082988;10,999999999999986
HRJP;UTI PEDIATRICA;2019;10;0,25203252032520324;17,500000000000007
HRJP;UTI PEDIATRICA;2019;11;0,371900826446281;19,999999999999996
HRJP;UTI PEDIATRICA;2019;12;0,3675889328063241;20,666666666666668
HRJP;UTI PEDIATRICA;2020;1;0,36328125;26,666666666666664
HRJP;UTI PEDIATRICA;2020;2;0,375;24,333333333333336
HRJP;UTI PEDIATRICA;2020;3;0,23574144486692014;50,00000000000001
HRJP;UTI PEDIATRICA;2020;4;0,3333333333333333;37,33333333333334
HRJP;UTI PEDIATRICA;2020;5;0,2222222222222222;87,99999999999999
HRJP;UTI PEDIATRICA;2020;6;0,1111111111111111;132,0
HRJP;UTI PEDIATRICA;2020;7;0,23134328358208955;46,49999999999999
HRJP;UTI PEDIATRICA;2020;8;0,372;28,66666666666666
HRJP;UTI PEDIATRICA;2020;9;0,45627376425855515;18,250000000000004
HRJP;UTI PEDIATRICA;2020;10;0,22142857142857142;78,0
HRJP;UTI PEDIATRICA;2020;11;0,1111111111111111;143,00000000000003
HRJP;UTI PEDIATRICA;2020;12;0,1103202846975089;90,99999999999999
HRJP;UTI PEDIATRICA;2021;1;0,41471571906354515;10,000000000000002
HRJP;UTI PEDIATRICA;2021;2;0,2248995983935743;32,50000000000001
HRJP;UTI PEDIATRICA;2021;4;0,9051724137931034;8,285714285714286
HRJP;UTI PEDIATRICA;2021;5;0,2;80,49999999999999
HRJP;UTI PEDIATRICA;2021;6;0,1;202,0
HRJP;UTI PEDIATRICA;2021;7;0,1;209,0
HRJP;UTI PEDIATRICA;2021;8;0,1;212,99999999999997
HRJP;UTI PEDIATRICA;2021;9;0,23255813953488372;67,0
HRJP;UTI PEDIATRICA;2021;10;0,375;34,66666666666666
HRJP;UTI PEDIATRICA;2021;11;0,5;30,749999999999996
HRJP;UTI PEDIATRICA;2021;12;0,75;25,500000000000004
HRJP;UTI PEDIATRICA;2022;1;0,375;23,999999999999993
HRJP;UTI PEDIATRICA;2022;2;0,625;14,0
HRJP;UTI PEDIATRICA;2022;3;0,375;19,0
HRJP;UTI PEDIATRICA;2022;4;0,5703422053231939;6,2
HRJP;UTI PEDIATRICA;2022;5;0,2222222222222222;34,5
HRJP;UTI PEDIATRICA;2022;6;0,1111111111111111;26,999999999999993
HRJP;UTI PEDIATRICA;2022;7;0,1111111111111111;77,00000000000001
HRJP;UTI PEDIATRICA;2022;8;0,2222222222222222;64,0
HRJP;UTI PEDIATRICA;2022;9;0,11764705882352941;121,99999999999999
IRS;ALA A;2023;11;3,313953488372093;-23,684210526315788
IRS;ALA A;2023;12;0,9275590551181102;8,263157894736842
IRS;ALA A;2024;1;0,642962962962963;8,14285714285714
IRS;ALA A;2024;2;1,0;7,272727272727271
IRS;ALA A;2024;3;0,5262345679012346;21,636363636363633
IRS;ALA A;2024;4;0,6955177743431221;12,066666666666665
IRS;ALA A;2024;5;0,6244604316546762;19,28571428571429
IRS;ALA A;2024;6;0,5301914580265096;16,166666666666664
IRS;ALA A;2024;7;0,6956521739130435;22,75
IRS;ALA A;2024;8;0,5652173913043478;21,230769230769226
IRS;ALA A;2024;9;0,43795620437956206;35,199999999999996
IRS;ALA A;2024;10;0,9444444444444444;8,058823529411766
IRS;ALA A;2024;11;0,7222222222222222;9,846153846153847
IRS;ALA A;2024;12;0,7777777777777778;21,928571428571427
IRS;ALA A;2025;1;0,5555555555555556;21,0
IRS;ALA A;2025;2;0,7777777777777778;13,571428571428571
IRS;ALA A;2025;3;0,8333333333333334;14,133333333333336
IRS;ALA A;2025;4;0,6111111111111112;11,090909090909093
IRS;ALA A;2025;5;1,1111111111111112;7,399999999999999
IRS;ALA A;2025;6;0,8333333333333334;6,533333333333332
IRS;ALA A;2025;7;1,1111111111111112;9,499999999999998
IRS;ALA A;2025;8;0,7222222222222222;9,307692307692307
IRS;ALA A;2025;9;0,8888888888888888;7,937499999999999
IRS;ALA A;2025;10;0,7222222222222222;11,846153846153848
IRS;ALA A;2025;11;0,8888888888888888;10,75
IRS;ALA A;2025;12;1,0;13,055555555555557
IRS;ALA A;2026;1;0,6111111111111112;11,454545454545457
IRS;ALA A;2026;2;0,9444444444444444;5,235294117647061
IRS;ALA A;2026;3;0,6666666666666666;15,666666666666663
IRS;ALA A;2026;4;0,8333333333333334;6,400000000000001
IRS;ALA A;2026;5;0,6111111111111112;8,090909090909092
IRS;ALA B;2023;11;4,090909090909091;-18,28571428571429
IRS;ALA B;2023;12;0,8611111111111112;9,499999999999998
IRS;ALA B;2024;1;0,7905282331511839;9,285714285714283
IRS;ALA B;2024;2;1,0780669144981412;7,5
IRS;ALA B;2024;3;0,9587628865979382;12,833333333333336
IRS;ALA B;2024;4;0,8484848484848485;11,214285714285715
IRS;ALA B;2024;5;0,6712598425196851;20,636363636363637
IRS;ALA B;2024;6;0,3614457831325301;35,857142857142854
IRS;ALA B;2024;7;0,6190476190476191;24,76923076923077
IRS;ALA B;2024;8;0,7619047619047619;20,249999999999996
IRS;ALA B;2024;9;0,5741626794258373;34,416666666666664
IRS;ALA B;2024;10;0,6666666666666666;11,333333333333332
IRS;ALA B;2024;11;0,6666666666666666;7,833333333333332
IRS;ALA B;2024;12;0,8888888888888888;19,5625
IRS;ALA B;2025;1;0,5555555555555556;35,099999999999994
IRS;ALA B;2025;2;0,2777777777777778;46,00000000000001
IRS;ALA B;2025;3;0,8333333333333334;9,6
IRS;ALA B;2025;4;0,6111111111111112;13,636363636363635
IRS;ALA B;2025;5;0,8333333333333334;9,933333333333334
IRS;ALA B;2025;6;0,6111111111111112;11,636363636363637
IRS;ALA B;2025;7;0,8333333333333334;12,466666666666669
IRS;ALA B;2025;8;0,7777777777777778;9,35714285714286
IRS;ALA B;2025;9;1,0;6,833333333333332
IRS;ALA B;2025;10;0,9444444444444444;7,588235294117648
IRS;ALA B;2025;11;1,0;9,388888888888891
IRS;ALA B;2025;12;0,6666666666666666;20,583333333333336
IRS;ALA B;2026;1;0,8333333333333334;13,466666666666665
IRS;ALA B;2026;2;0,6111111111111112;6,181818181818179
IRS;ALA B;2026;3;1,0555555555555556;8,789473684210526
IRS;ALA B;2026;4;1,2777777777777777;5,260869565217392
IRS;ALA B;2026;5;0,7777777777777778;8,35714285714286
IRS;ALA C;2023;11;4,326923076923077;-10,600000000000001
IRS;ALA C;2023;12;0,9235751295336787;11,521739130434783
IRS;ALA C;2024;1;2,015;5,615384615384615
IRS;ALA C;2024;2;1,2767295597484276;4,392857142857143
IRS;ALA C;2024;3;0,670549084858569;20,15384615384615
IRS;ALA C;2024;4;0,75;11,533333333333333
IRS;ALA C;2024;5;0,6480836236933798;7,666666666666667
IRS;ALA C;2024;6;0,6914893617021277;8,153846153846153
IRS;ALA C;2024;7;0,68;13,235294117647056
IRS;ALA C;2024;8;0,84;11,190476190476192
IRS;ALA C;2024;9;0,8411214953271028;10,904761904761905
IRS;ALA C;2024;10;0,9596231493943472;13,260869565217392
IRS;ALA C;2024;11;0,7083333333333334;13,76470588235294
IRS;ALA C;2024;12;0,7083333333333334;16,058823529411764
IRS;ALA C;2025;1;0,875;15,952380952380954
IRS;ALA C;2025;2;0,5;16,916666666666668
IRS;ALA C;2025;3;0,875;8,428571428571429
IRS;ALA C;2025;4;0,8333333333333334;7,75
IRS;ALA C;2025;5;0,75;10,38888888888889
IRS;ALA C;2025;6;0,875;7,380952380952382
IRS;ALA C;2025;7;0,6666666666666666;18,687499999999996
IRS;ALA C;2025;8;0,8333333333333334;14,35
IRS;ALA C;2025;9;0,5;15,083333333333332
IRS;ALA C;2025;10;1,125;4,11111111111111
IRS;ALA C;2025;11;0,5416666666666666;12,307692307692307
IRS;ALA C;2025;12;1,0637254901960784;4,642857142857142
IRS;ALA C;2026;1;0,8794326241134752;9,749999999999998
IRS;ALA C;2026;2;0,5833333333333334;11,500000000000002
IRS;ALA C;2026;3;0,75;11,555555555555554
IRS;ALA C;2026;4;0,75;14,833333333333334
IRS;ALA C;2026;5;0,4583333333333333;24,999999999999996
IRS;ALA D;2024;1;1,2916666666666667;3,500000000000001
IRS;ALA D;2024;10;0,5511111111111111;18,999999999999996
IRS;ALA D;2024;11;0,7222222222222222;14,692307692307697
IRS;ALA D;2024;12;0,5;25,111111111111114
IRS;ALA D;2025;1;0,8333333333333334;11,333333333333332
IRS;ALA D;2025;2;0,2777777777777778;34,0
IRS;ALA D;2025;3;0,8888888888888888;8,125
IRS;ALA D;2025;4;0,8888888888888888;8,250000000000002
IRS;ALA D;2025;5;0,9444444444444444;7,117647058823529
IRS;ALA D;2025;6;0,8333333333333334;6,6000000000000005
IRS;ALA D;2025;7;1,0;9,444444444444445
IRS;ALA D;2025;8;0,6111111111111112;20,363636363636367
IRS;ALA D;2025;9;0,5555555555555556;17,6
IRS;ALA D;2025;10;0,8333333333333334;6,266666666666668
IRS;ALA D;2025;11;0,7777777777777778;6,214285714285713
IRS;ALA D;2025;12;1,0555555555555556;5,052631578947366
IRS;ALA D;2026;1;0,6666666666666666;9,333333333333332
IRS;ALA D;2026;2;0,7777777777777778;10,428571428571427
IRS;ALA D;2026;3;1,3888888888888888;6,5600000000000005
IRS;ALA D;2026;4;0,8333333333333334;13,666666666666668
IRS;ALA D;2026;5;0,5555555555555556;20,7
IRS;ALA E;2023;11;2,888888888888889;-23,84615384615385
IRS;ALA E;2023;12;0,9547101449275363;9,176470588235295
IRS;ALA E;2024;1;1,012704174228675;3,333333333333334
IRS;ALA E;2024;2;0,3591331269349845;16,500000000000004
IRS;ALA E;2024;3;0,9495495495495495;11,470588235294116
IRS;ALA E;2024;4;0,8928571428571429;14,733333333333334
IRS;ALA E;2024;5;0,8969258589511754;5,750000000000002
IRS;ALA E;2024;6;1,0674157303370786;3,6315789473684204
IRS;ALA E;2024;7;1,0;6,500000000000001
IRS;ALA E;2024;8;0,6666666666666666;14,583333333333334
IRS;ALA E;2024;9;0,7222222222222222;13,076923076923073
IRS;ALA E;2024;10;0,28703703703703703;33,99999999999999
IRS;ALA F;2024;2;0,677570093457944;23,200000000000003
IRS;ALA F;2024;6;1,9148936170212767;3,666666666666667
IRS;UNIDADE DE URGÊNCIA - CLINICA PSIQUIÁTRICA SALA DE OBSERVAÇAO;2019;1;2,767857142857143;
IRS;UNIDADE DE URGÊNCIA - CLINICA PSIQUIÁTRICA SALA DE OBSERVAÇAO;2019;2;4,435643564356436;
IRS;UNIDADE DE URGÊNCIA - CLINICA PSIQUIÁTRICA SALA DE OBSERVAÇAO;2019;3;4,696969696969697;
IRS;UNIDADE DE URGÊNCIA - CLINICA PSIQUIÁTRICA SALA DE OBSERVAÇAO;2019;4;3,779527559055118;
IRS;UNIDADE DE URGÊNCIA - CLINICA PSIQUIÁTRICA SALA DE OBSERVAÇAO;2019;5;4,428571428571429;
IRS;UNIDADE DE URGÊNCIA - CLINICA PSIQUIÁTRICA SALA DE OBSERVAÇAO;2019;6;5,625;
IRS;UNIDADE DE URGÊNCIA - CLINICA PSIQUIÁTRICA SALA DE OBSERVAÇAO;2019;7;3,167883211678832;
IRS;UNIDADE DE URGÊNCIA - CLINICA PSIQUIÁTRICA SALA DE OBSERVAÇAO;2019;8;3,75;
IRS;UNIDADE DE URGÊNCIA - CLINICA PSIQUIÁTRICA SALA DE OBSERVAÇAO;2019;9;3,515625;
IRS;UNIDADE DE URGÊNCIA - CLINICA PSIQUIÁTRICA SALA DE OBSERVAÇAO;2019;10;4,386792452830188;
IRS;UNIDADE DE URGÊNCIA - CLINICA PSIQUIÁTRICA SALA DE OBSERVAÇAO;2019;11;4,951456310679611;
IRS;UNIDADE DE URGÊNCIA - CLINICA PSIQUIÁTRICA SALA DE OBSERVAÇAO;2019;12;5,286821705426356;
IRS;UNIDADE DE URGÊNCIA - CLINICA PSIQUIÁTRICA SALA DE OBSERVAÇAO;2020;1;4,366197183098592;
IRS;UNIDADE DE URGÊNCIA - CLINICA PSIQUIÁTRICA SALA DE OBSERVAÇAO;2020;2;4,984375;
IRS;UNIDADE DE URGÊNCIA - CLINICA PSIQUIÁTRICA SALA DE OBSERVAÇAO;2020;3;7,275510204081633;
IRS;UNIDADE DE URGÊNCIA - CLINICA PSIQUIÁTRICA SALA DE OBSERVAÇAO;2020;4;5,533980582524272;
IRS;UNIDADE DE URGÊNCIA - CLINICA PSIQUIÁTRICA SALA DE OBSERVAÇAO;2020;5;3,195876288659794;
IRS;UNIDADE DE URGÊNCIA - CLINICA PSIQUIÁTRICA SALA DE OBSERVAÇAO;2020;6;4,787234042553192;
IRS;UNIDADE DE URGÊNCIA - CLINICA PSIQUIÁTRICA SALA DE OBSERVAÇAO;2020;7;2,540983606557377;5,266666666666667
IRS;UNIDADE DE URGÊNCIA - CLINICA PSIQUIÁTRICA SALA DE OBSERVAÇAO;2020;8;2,8333333333333335;5,11764705882353
IRS;UNIDADE DE URGÊNCIA - CLINICA PSIQUIÁTRICA SALA DE OBSERVAÇAO;2020;9;2,5;5,133333333333334
IRS;UNIDADE DE URGÊNCIA - CLINICA PSIQUIÁTRICA SALA DE OBSERVAÇAO;2020;10;2,5;3,733333333333332
IRS;UNIDADE DE URGÊNCIA - CLINICA PSIQUIÁTRICA SALA DE OBSERVAÇAO;2020;11;3,0;4,444444444444444
IRS;UNIDADE DE URGÊNCIA - CLINICA PSIQUIÁTRICA SALA DE OBSERVAÇAO;2020;12;1,8333333333333333;6,999999999999999
IRS;UNIDADE DE URGÊNCIA - CLINICA PSIQUIÁTRICA SALA DE OBSERVAÇAO;2021;1;2,3333333333333335;6,428571428571429
IRS;UNIDADE DE URGÊNCIA - CLINICA PSIQUIÁTRICA SALA DE OBSERVAÇAO;2021;2;1,6666666666666667;5,8999999999999995
IRS;UNIDADE DE URGÊNCIA - CLINICA PSIQUIÁTRICA SALA DE OBSERVAÇAO;2021;3;1,6666666666666667;6,400000000000001
IRS;UNIDADE DE URGÊNCIA - CLINICA PSIQUIÁTRICA SALA DE OBSERVAÇAO;2021;4;2,5;5,3999999999999995
IRS;UNIDADE DE URGÊNCIA - CLINICA PSIQUIÁTRICA SALA DE OBSERVAÇAO;2021;5;2,0;6,249999999999999
IRS;UNIDADE DE URGÊNCIA - CLINICA PSIQUIÁTRICA SALA DE OBSERVAÇAO;2021;6;1,6666666666666667;7,3999999999999995
IRS;UNIDADE DE URGÊNCIA - CLINICA PSIQUIÁTRICA SALA DE OBSERVAÇAO;2021;7;2,1666666666666665;5,461538461538462
IRS;UNIDADE DE URGÊNCIA - CLINICA PSIQUIÁTRICA SALA DE OBSERVAÇAO;2021;8;3,5;2,0952380952380953
IRS;UNIDADE DE URGÊNCIA - CLINICA PSIQUIÁTRICA SALA DE OBSERVAÇAO;2021;9;2,3333333333333335;3,4285714285714293
IRS;UNIDADE DE URGÊNCIA - CLINICA PSIQUIÁTRICA SALA DE OBSERVAÇAO;2021;10;2,6666666666666665;3,0624999999999996
IRS;UNIDADE DE URGÊNCIA - CLINICA PSIQUIÁTRICA SALA DE OBSERVAÇAO;2021;11;1,8333333333333333;4,545454545454546
IRS;UNIDADE DE URGÊNCIA - CLINICA PSIQUIÁTRICA SALA DE OBSERVAÇAO;2021;12;2,5;2,400000000000001
IRS;UNIDADE DE URGÊNCIA - CLINICA PSIQUIÁTRICA SALA DE OBSERVAÇAO;2022;1;2,3333333333333335;5,499999999999999
IRS;UNIDADE DE URGÊNCIA - CLINICA PSIQUIÁTRICA SALA DE OBSERVAÇAO;2022;2;2,1666666666666665;5,692307692307692
IRS;UNIDADE DE URGÊNCIA - CLINICA PSIQUIÁTRICA SALA DE OBSERVAÇAO;2022;3;2,1666666666666665;5,153846153846154
IRS;UNIDADE DE URGÊNCIA - CLINICA PSIQUIÁTRICA SALA DE OBSERVAÇAO;2022;4;1,8333333333333333;5,454545454545455
IRS;UNIDADE DE URGÊNCIA - CLINICA PSIQUIÁTRICA SALA DE OBSERVAÇAO;2022;5;2,0;2,9166666666666674
IRS;UNIDADE DE URGÊNCIA - CLINICA PSIQUIÁTRICA SALA DE OBSERVAÇAO;2022;6;2,1666666666666665;5,53846153846154
IRS;UNIDADE DE URGÊNCIA - CLINICA PSIQUIÁTRICA SALA DE OBSERVAÇAO;2022;7;1,0;8,333333333333334
IRS;UNIDADE DE URGÊNCIA - CLINICA PSIQUIÁTRICA SALA DE OBSERVAÇAO;2022;8;0,5;24,666666666666664
IRS;UNIDADE DE URGÊNCIA - CLINICA PSIQUIÁTRICA SALA DE OBSERVAÇAO;2022;9;1,5;5,333333333333335
IRS;UNIDADE DE URGÊNCIA - CLINICA PSIQUIÁTRICA SALA DE OBSERVAÇAO;2022;10;1,1666666666666667;7,428571428571427
IRS;UNIDADE DE URGÊNCIA - CLINICA PSIQUIÁTRICA SALA DE OBSERVAÇAO;2022;11;1,6666666666666667;5,7
IRS;UNIDADE DE URGÊNCIA - CLINICA PSIQUIÁTRICA SALA DE OBSERVAÇAO;2022;12;0,5;22,000000000000004
IRS;UNIDADE DE URGÊNCIA - CLINICA PSIQUIÁTRICA SALA DE OBSERVAÇAO;2023;1;2,1666666666666665;4,0
IRS;UNIDADE DE URGÊNCIA - CLINICA PSIQUIÁTRICA SALA DE OBSERVAÇAO;2023;2;2,1666666666666665;4,461538461538462
IRS;UNIDADE DE URGÊNCIA - CLINICA PSIQUIÁTRICA SALA DE OBSERVAÇAO;2023;3;1,7816091954022988;6,1
IRS;UNIDADE DE URGÊNCIA - CLINICA PSIQUIÁTRICA SALA DE OBSERVAÇAO;2023;4;1,1666666666666667;8,0
IRS;UNIDADE DE URGÊNCIA - CLINICA PSIQUIÁTRICA SALA DE OBSERVAÇAO;2023;5;1,6666666666666667;7,599999999999999
IRS;UNIDADE DE URGÊNCIA - CLINICA PSIQUIÁTRICA SALA DE OBSERVAÇAO;2023;6;1,8333333333333333;6,090909090909091
IRS;UNIDADE DE URGÊNCIA - CLINICA PSIQUIÁTRICA SALA DE OBSERVAÇAO;2023;7;1,6666666666666667;7,599999999999999
IRS;UNIDADE INTERNAÇÃO - PSIQUIATRIA ALA A;2019;3;0,41333333333333333;4,500000000000004
IRS;UNIDADE INTERNAÇÃO - PSIQUIATRIA ALA A;2019;4;1,4;5,047619047619047
IRS;UNIDADE INTERNAÇÃO - PSIQUIATRIA ALA A;2019;5;0,9333333333333333;5,214285714285714
IRS;UNIDADE INTERNAÇÃO - PSIQUIATRIA ALA A;2019;6;0,8666666666666667;3,384615384615383
IRS;UNIDADE INTERNAÇÃO - PSIQUIATRIA ALA A;2019;7;1,2;6,833333333333334
IRS;UNIDADE INTERNAÇÃO - PSIQUIATRIA ALA A;2019;8;1,4;2,9523809523809517
IRS;UNIDADE INTERNAÇÃO - PSIQUIATRIA ALA A;2019;9;1,0;1,9999999999999996
IRS;UNIDADE INTERNAÇÃO - PSIQUIATRIA ALA A;2019;10;1,3333333333333333;1,8500000000000003
IRS;UNIDADE INTERNAÇÃO - PSIQUIATRIA ALA A;2019;11;1,4666666666666666;3,3181818181818192
IRS;UNIDADE INTERNAÇÃO - PSIQUIATRIA ALA A;2019;12;1,0;7,733333333333335
IRS;UNIDADE INTERNAÇÃO - PSIQUIATRIA ALA A;2020;1;1,2793650793650793;1,461538461538462
IRS;UNIDADE INTERNAÇÃO - PSIQUIATRIA ALA A;2020;2;1,10828025477707;3,9166666666666656
IRS;UNIDADE INTERNAÇÃO - PSIQUIATRIA ALA A;2020;3;1,0555555555555556;5,578947368421053
IRS;UNIDADE INTERNAÇÃO - PSIQUIATRIA ALA A;2020;4;0,7222222222222222;5,0769230769230775
IRS;UNIDADE INTERNAÇÃO - PSIQUIATRIA ALA A;2020;5;1,0555555555555556;4,263157894736842
IRS;UNIDADE INTERNAÇÃO - PSIQUIATRIA ALA A;2020;6;1,2222222222222223;3,4545454545454537
IRS;UNIDADE INTERNAÇÃO - PSIQUIATRIA ALA A;2020;7;0,7777777777777778;11,357142857142854
IRS;UNIDADE INTERNAÇÃO - PSIQUIATRIA ALA A;2020;8;0,9444444444444444;4,2941176470588225
IRS;UNIDADE INTERNAÇÃO - PSIQUIATRIA ALA A;2020;9;1,1827956989247312;2,636363636363636
IRS;UNIDADE INTERNAÇÃO - PSIQUIATRIA ALA A;2020;10;1,25;3,7999999999999994
IRS;UNIDADE INTERNAÇÃO - PSIQUIATRIA ALA A;2020;11;0,95;5,421052631578946
IRS;UNIDADE INTERNAÇÃO - PSIQUIATRIA ALA A;2020;12;1,25;7,919999999999999
IRS;UNIDADE INTERNAÇÃO - PSIQUIATRIA ALA A;2021;1;0,75;22,13333333333333
IRS;UNIDADE INTERNAÇÃO - PSIQUIATRIA ALA A;2021;2;0,85;10,23529411764706
IRS;UNIDADE INTERNAÇÃO - PSIQUIATRIA ALA A;2021;3;1,0;6,35
IRS;UNIDADE INTERNAÇÃO - PSIQUIATRIA ALA A;2021;4;1,05;4,571428571428572
IRS;UNIDADE INTERNAÇÃO - PSIQUIATRIA ALA A;2021;5;1,0;17,15
IRS;UNIDADE INTERNAÇÃO - PSIQUIATRIA ALA A;2021;6;0,75;18,199999999999996
IRS;UNIDADE INTERNAÇÃO - PSIQUIATRIA ALA A;2021;7;1,15;9,565217391304348
IRS;UNIDADE INTERNAÇÃO - PSIQUIATRIA ALA A;2021;8;1,05;2,9047619047619047
IRS;UNIDADE INTERNAÇÃO - PSIQUIATRIA ALA A;2021;9;1,1;6,772727272727272
IRS;UNIDADE INTERNAÇÃO - PSIQUIATRIA ALA A;2021;10;0,9;6,444444444444446
IRS;UNIDADE INTERNAÇÃO - PSIQUIATRIA ALA A;2021;11;1,4;5,035714285714286
IRS;UNIDADE INTERNAÇÃO - PSIQUIATRIA ALA A;2021;12;0,75;19,333333333333336
IRS;UNIDADE INTERNAÇÃO - PSIQUIATRIA ALA A;2022;1;0,6;14,916666666666666
IRS;UNIDADE INTERNAÇÃO - PSIQUIATRIA ALA A;2022;2;0,9204152249134948;9,73684210526316
IRS;UNIDADE INTERNAÇÃO - PSIQUIATRIA ALA A;2022;3;0,8260869565217391;12,631578947368421
IRS;UNIDADE INTERNAÇÃO - PSIQUIATRIA ALA A;2022;4;0,782608695652174;8,38888888888889
IRS;UNIDADE INTERNAÇÃO - PSIQUIATRIA ALA A;2022;5;1,173913043478261;5,259259259259261
IRS;UNIDADE INTERNAÇÃO - PSIQUIATRIA ALA A;2022;6;0,8260869565217391;12,210526315789473
IRS;UNIDADE INTERNAÇÃO - PSIQUIATRIA ALA A;2022;7;0,6086956521739131;20,35714285714286
IRS;UNIDADE INTERNAÇÃO - PSIQUIATRIA ALA A;2022;8;0,7391304347826086;13,352941176470587
IRS;UNIDADE INTERNAÇÃO - PSIQUIATRIA ALA A;2022;9;0,782608695652174;9,555555555555559
IRS;UNIDADE INTERNAÇÃO - PSIQUIATRIA ALA A;2022;10;1,0869565217391304;7,5200000000000005
IRS;UNIDADE INTERNAÇÃO - PSIQUIATRIA ALA A;2022;11;0,9130434782608695;6,238095238095237
IRS;UNIDADE INTERNAÇÃO - PSIQUIATRIA ALA A;2022;12;0,8260869565217391;18,526315789473685
IRS;UNIDADE INTERNAÇÃO - PSIQUIATRIA ALA A;2023;1;0,9130434782608695;16,42857142857143
IRS;UNIDADE INTERNAÇÃO - PSIQUIATRIA ALA A;2023;2;0,5652173913043478;23,846153846153843
IRS;UNIDADE INTERNAÇÃO - PSIQUIATRIA ALA A;2023;3;0,9295352323838081;8,450000000000001
IRS;UNIDADE INTERNAÇÃO - PSIQUIATRIA ALA A;2023;4;0,5217391304347826;19,833333333333336
IRS;UNIDADE INTERNAÇÃO - PSIQUIATRIA ALA A;2023;5;0,782608695652174;9,444444444444448
IRS;UNIDADE INTERNAÇÃO - PSIQUIATRIA ALA A;2023;6;0,4782608695652174;18,45454545454546
IRS;UNIDADE INTERNAÇÃO - PSIQUIATRIA ALA A;2023;7;0,7391304347826086;10,999999999999996
IRS;UNIDADE INTERNAÇÃO - PSIQUIATRIA ALA B;2019;3;0,41333333333333333;10,500000000000002
IRS;UNIDADE INTERNAÇÃO - PSIQUIATRIA ALA B;2019;4;1,2;3,666666666666665
IRS;UNIDADE INTERNAÇÃO - PSIQUIATRIA ALA B;2019;5;0,6;7,555555555555556
IRS;UNIDADE INTERNAÇÃO - PSIQUIATRIA ALA B;2019;6;1,2;3,666666666666665
IRS;UNIDADE INTERNAÇÃO - PSIQUIATRIA ALA B;2019;7;0,9333333333333333;9,857142857142858
IRS;UNIDADE INTERNAÇÃO - PSIQUIATRIA ALA B;2019;8;0,9333333333333333;2,5714285714285707
IRS;UNIDADE INTERNAÇÃO - PSIQUIATRIA ALA B;2019;9;1,0;2,666666666666667
IRS;UNIDADE INTERNAÇÃO - PSIQUIATRIA ALA B;2019;10;0,9333333333333333;3,642857142857141
IRS;UNIDADE INTERNAÇÃO - PSIQUIATRIA ALA B;2019;11;0,8666666666666667;4,230769230769231
IRS;UNIDADE INTERNAÇÃO - PSIQUIATRIA ALA B;2019;12;0,4666666666666667;15,142857142857139
IRS;UNIDADE INTERNAÇÃO - PSIQUIATRIA ALA B;2020;1;1,2666666666666666;2,736842105263158
IRS;UNIDADE INTERNAÇÃO - PSIQUIATRIA ALA B;2020;2;0,6590909090909091;2,6666666666666643
IRS;UNIDADE INTERNAÇÃO - PSIQUIATRIA ALA B;2020;3;1,25;4,599999999999999
IRS;UNIDADE INTERNAÇÃO - PSIQUIATRIA ALA B;2020;4;0,9166666666666666;4,181818181818182
IRS;UNIDADE INTERNAÇÃO - PSIQUIATRIA ALA B;2020;5;0,8333333333333334;4,3999999999999995
IRS;UNIDADE INTERNAÇÃO - PSIQUIATRIA ALA B;2020;6;1,3333333333333333;3,1875000000000013
IRS;UNIDADE INTERNAÇÃO - PSIQUIATRIA ALA B;2020;7;1,0813953488372092;12,055555555555554
IRS;UNIDADE INTERNAÇÃO - PSIQUIATRIA ALA B;2020;8;0,5555555555555556;8,9
IRS;UNIDADE INTERNAÇÃO - PSIQUIATRIA ALA B;2020;9;1,1290322580645162;1,8571428571428588
IRS;UNIDADE INTERNAÇÃO - PSIQUIATRIA ALA B;2020;10;0,75;5,200000000000002
IRS;UNIDADE INTERNAÇÃO - PSIQUIATRIA ALA B;2020;11;0,95;7,684210526315788
IRS;UNIDADE INTERNAÇÃO - PSIQUIATRIA ALA B;2020;12;0,6;14,999999999999996
IRS;UNIDADE INTERNAÇÃO - PSIQUIATRIA ALA B;2021;1;0,85;13,588235294117647
IRS;UNIDADE INTERNAÇÃO - PSIQUIATRIA ALA B;2021;2;0,5;31,1
IRS;UNIDADE INTERNAÇÃO - PSIQUIATRIA ALA B;2021;3;0,8;13,437500000000004
IRS;UNIDADE INTERNAÇÃO - PSIQUIATRIA ALA B;2021;4;0,85;6,058823529411764
IRS;UNIDADE INTERNAÇÃO - PSIQUIATRIA ALA B;2021;5;1,2;2,666666666666668
IRS;UNIDADE INTERNAÇÃO - PSIQUIATRIA ALA B;2021;6;1,15;9,608695652173912
IRS;UNIDADE INTERNAÇÃO - PSIQUIATRIA ALA B;2021;7;1,0;8,249999999999998
IRS;UNIDADE INTERNAÇÃO - PSIQUIATRIA ALA B;2021;8;0,9;5,666666666666668
IRS;UNIDADE INTERNAÇÃO - PSIQUIATRIA ALA B;2021;9;1,2;7,208333333333334
IRS;UNIDADE INTERNAÇÃO - PSIQUIATRIA ALA B;2021;10;0,95;9,263157894736839
IRS;UNIDADE INTERNAÇÃO - PSIQUIATRIA ALA B;2021;11;1,3;4,769230769230769
IRS;UNIDADE INTERNAÇÃO - PSIQUIATRIA ALA B;2021;12;1,2;10,291666666666668
IRS;UNIDADE INTERNAÇÃO - PSIQUIATRIA ALA B;2022;1;0,8;18,25
IRS;UNIDADE INTERNAÇÃO - PSIQUIATRIA ALA B;2022;2;0,3462897526501767;61,00000000000001
IRS;UNIDADE INTERNAÇÃO - PSIQUIATRIA ALA B;2022;3;0,6190476190476191;14,461538461538463
IRS;UNIDADE INTERNAÇÃO - PSIQUIATRIA ALA B;2022;4;0,9047619047619048;6,157894736842105
IRS;UNIDADE INTERNAÇÃO - PSIQUIATRIA ALA B;2022;5;0,8095238095238095;11,705882352941181
IRS;UNIDADE INTERNAÇÃO - PSIQUIATRIA ALA B;2022;6;0,7142857142857143;12,666666666666668
IRS;UNIDADE INTERNAÇÃO - PSIQUIATRIA ALA B;2022;7;0,9047619047619048;6,947368421052632
IRS;UNIDADE INTERNAÇÃO - PSIQUIATRIA ALA B;2022;8;0,8571428571428571;13,055555555555557
IRS;UNIDADE INTERNAÇÃO - PSIQUIATRIA ALA B;2022;9;1,2857142857142858;7,703703703703706
IRS;UNIDADE INTERNAÇÃO - PSIQUIATRIA ALA B;2022;10;0,8571428571428571;9,000000000000002
IRS;UNIDADE INTERNAÇÃO - PSIQUIATRIA ALA B;2022;11;1,1904761904761905;5,360000000000001
IRS;UNIDADE INTERNAÇÃO - PSIQUIATRIA ALA B;2022;12;0,47619047619047616;28,099999999999998
IRS;UNIDADE INTERNAÇÃO - PSIQUIATRIA ALA B;2023;1;0,8571428571428571;13,111111111111109
IRS;UNIDADE INTERNAÇÃO - PSIQUIATRIA ALA B;2023;2;0,38095238095238093;31,624999999999996
IRS;UNIDADE INTERNAÇÃO - PSIQUIATRIA ALA B;2023;3;1,1198686371100164;6,454545454545456
IRS;UNIDADE INTERNAÇÃO - PSIQUIATRIA ALA B;2023;4;0,5714285714285714;19,75
IRS;UNIDADE INTERNAÇÃO - PSIQUIATRIA ALA B;2023;5;1,0476190476190477;10,954545454545453
IRS;UNIDADE INTERNAÇÃO - PSIQUIATRIA ALA B;2023;6;0,8095238095238095;14,176470588235292
IRS;UNIDADE INTERNAÇÃO - PSIQUIATRIA ALA B;2023;7;0,6190476190476191;23,923076923076923
IRS;UNIDADE INTERNAÇÃO - PSIQUIATRIA ALA C;2019;3;0,93;3,6666666666666665
IRS;UNIDADE INTERNAÇÃO - PSIQUIATRIA ALA C;2019;4;1,0;2,849999999999999
IRS;UNIDADE INTERNAÇÃO - PSIQUIATRIA ALA C;2019;5;1,15;10,217391304347826
IRS;UNIDADE INTERNAÇÃO - PSIQUIATRIA ALA C;2019;6;0,7;15,142857142857148
IRS;UNIDADE INTERNAÇÃO - PSIQUIATRIA ALA C;2019;7;1,3;3,615384615384615
IRS;UNIDADE INTERNAÇÃO - PSIQUIATRIA ALA C;2019;8;1,1;3,681818181818181
IRS;UNIDADE INTERNAÇÃO - PSIQUIATRIA ALA C;2019;9;1,0;1,9000000000000008
IRS;UNIDADE INTERNAÇÃO - PSIQUIATRIA ALA C;2019;10;1,05;1,7619047619047625
IRS;UNIDADE INTERNAÇÃO - PSIQUIATRIA ALA C;2019;11;0,8;2,9375000000000013
IRS;UNIDADE INTERNAÇÃO - PSIQUIATRIA ALA C;2019;12;1,2;3,2083333333333317
IRS;UNIDADE INTERNAÇÃO - PSIQUIATRIA ALA C;2020;1;1,05;1,0952380952380956
IRS;UNIDADE INTERNAÇÃO - PSIQUIATRIA ALA C;2020;2;1,0;2,799999999999999
IRS;UNIDADE INTERNAÇÃO - PSIQUIATRIA ALA C;2020;3;0,65;5,000000000000001
IRS;UNIDADE INTERNAÇÃO - PSIQUIATRIA ALA C;2020;4;1,2;2,0833333333333344
IRS;UNIDADE INTERNAÇÃO - PSIQUIATRIA ALA C;2020;5;1,2019386106623586;1,8749999999999998
IRS;UNIDADE INTERNAÇÃO - PSIQUIATRIA ALA C;2020;6;1,25;3,56
IRS;UNIDADE INTERNAÇÃO - PSIQUIATRIA ALA C;2020;7;1,15;1,652173913043478
IRS;UNIDADE INTERNAÇÃO - PSIQUIATRIA ALA C;2020;8;1,2178571428571427;5,06060606060606
IRS;UNIDADE INTERNAÇÃO - PSIQUIATRIA ALA C;2020;9;1,1805555555555556;6,617647058823528
IRS;UNIDADE INTERNAÇÃO - PSIQUIATRIA ALA C;2020;10;1,4615384615384615;2,5526315789473677
IRS;UNIDADE INTERNAÇÃO - PSIQUIATRIA ALA C;2020;11;1,3461538461538463;4,085714285714286
IRS;UNIDADE INTERNAÇÃO - PSIQUIATRIA ALA C;2020;12;1,3461538461538463;3,857142857142856
IRS;UNIDADE INTERNAÇÃO - PSIQUIATRIA ALA C;2021;1;1,2307692307692308;10,812500000000004
IRS;UNIDADE INTERNAÇÃO - PSIQUIATRIA ALA C;2021;2;0,8461538461538461;10,954545454545457
IRS;UNIDADE INTERNAÇÃO - PSIQUIATRIA ALA C;2021;3;1,5769230769230769;3,341463414634146
IRS;UNIDADE INTERNAÇÃO - PSIQUIATRIA ALA C;2021;4;1,1538461538461537;13,133333333333333
IRS;UNIDADE INTERNAÇÃO - PSIQUIATRIA ALA C;2021;5;0,9615384615384616;14,280000000000001
IRS;UNIDADE INTERNAÇÃO - PSIQUIATRIA ALA C;2021;6;1,1153846153846154;6,862068965517241
IRS;UNIDADE INTERNAÇÃO - PSIQUIATRIA ALA C;2021;7;1,5384615384615385;4,975000000000002
IRS;UNIDADE INTERNAÇÃO - PSIQUIATRIA ALA C;2021;8;1,0384615384615385;5,518518518518519
IRS;UNIDADE INTERNAÇÃO - PSIQUIATRIA ALA C;2021;9;1,0;2,5384615384615397
IRS;UNIDADE INTERNAÇÃO - PSIQUIATRIA ALA C;2021;10;1,3076923076923077;4,764705882352941
IRS;UNIDADE INTERNAÇÃO - PSIQUIATRIA ALA C;2021;11;1,0;4,230769230769233
IRS;UNIDADE INTERNAÇÃO - PSIQUIATRIA ALA C;2021;12;1,3076923076923077;3,5882352941176463
IRS;UNIDADE INTERNAÇÃO - PSIQUIATRIA ALA C;2022;1;0,8222811671087533;19,000000000000004
IRS;UNIDADE INTERNAÇÃO - PSIQUIATRIA ALA C;2022;2;0,6153846153846154;15,125000000000004
IRS;UNIDADE INTERNAÇÃO - PSIQUIATRIA ALA C;2022;3;1,4230769230769231;2,891891891891891
IRS;UNIDADE INTERNAÇÃO - PSIQUIATRIA ALA C;2022;4;1,1153846153846154;1,8275862068965512
IRS;UNIDADE INTERNAÇÃO - PSIQUIATRIA ALA C;2022;5;1,5769230769230769;2,9756097560975605
IRS;UNIDADE INTERNAÇÃO - PSIQUIATRIA ALA C;2022;6;1,1153846153846154;2,965517241379312
IRS;UNIDADE INTERNAÇÃO - PSIQUIATRIA ALA C;2022;7;1,0;11,846153846153848
IRS;UNIDADE INTERNAÇÃO - PSIQUIATRIA ALA C;2022;8;1,3846153846153846;5,055555555555555
IRS;UNIDADE INTERNAÇÃO - PSIQUIATRIA ALA C;2022;9;1,0;6,615384615384615
IRS;UNIDADE INTERNAÇÃO - PSIQUIATRIA ALA C;2022;10;0,8846153846153846;7,869565217391303
IRS;UNIDADE INTERNAÇÃO - PSIQUIATRIA ALA C;2022;11;1,2307692307692308;5,593749999999998
IRS;UNIDADE INTERNAÇÃO - PSIQUIATRIA ALA C;2022;12;0,6153846153846154;20,75
IRS;UNIDADE INTERNAÇÃO - PSIQUIATRIA ALA C;2023;1;1,0384615384615385;4,1111111111111125
IRS;UNIDADE INTERNAÇÃO - PSIQUIATRIA ALA C;2023;2;0,8846153846153846;8,695652173913045
IRS;UNIDADE INTERNAÇÃO - PSIQUIATRIA ALA C;2023;3;1,1086092715231788;4,148148148148146
IRS;UNIDADE INTERNAÇÃO - PSIQUIATRIA ALA C;2023;4;1,1538461538461537;6,333333333333335
IRS;UNIDADE INTERNAÇÃO - PSIQUIATRIA ALA C;2023;5;1,3461538461538463;5,342857142857144
IRS;UNIDADE INTERNAÇÃO - PSIQUIATRIA ALA C;2023;6;1,1538461538461537;3,6666666666666683
IRS;UNIDADE INTERNAÇÃO - PSIQUIATRIA ALA C;2023;7;1,2307692307692308;5,843750000000001
IRS;UNIDADE INTERNAÇÃO - PSIQUIATRIA ALA D;2019;3;0,62;3,4999999999999973
IRS;UNIDADE INTERNAÇÃO - PSIQUIATRIA ALA D;2019;4;1,6;3,6874999999999996
IRS;UNIDADE INTERNAÇÃO - PSIQUIATRIA ALA D;2019;5;1,0;11,200000000000001
IRS;UNIDADE INTERNAÇÃO - PSIQUIATRIA ALA D;2019;6;0,9;12,777777777777777
IRS;UNIDADE INTERNAÇÃO - PSIQUIATRIA ALA D;2019;7;1,5;2,866666666666666
IRS;UNIDADE INTERNAÇÃO - PSIQUIATRIA ALA D;2019;8;1,1;4,000000000000001
IRS;UNIDADE INTERNAÇÃO - PSIQUIATRIA ALA D;2019;9;1,3;2,3076923076923075
IRS;UNIDADE INTERNAÇÃO - PSIQUIATRIA ALA D;2019;10;1,2;1,7500000000000002
IRS;UNIDADE INTERNAÇÃO - PSIQUIATRIA ALA D;2019;11;1,1;2,272727272727274
IRS;UNIDADE INTERNAÇÃO - PSIQUIATRIA ALA D;2019;12;1,1;3,6363636363636367
IRS;UNIDADE INTERNAÇÃO - PSIQUIATRIA ALA D;2020;1;1,0;1,699999999999999
IRS;UNIDADE INTERNAÇÃO - PSIQUIATRIA ALA D;2020;2;1,6;2,1875000000000004
IRS;UNIDADE INTERNAÇÃO - PSIQUIATRIA ALA D;2020;3;1,1;5,090909090909092
IRS;UNIDADE INTERNAÇÃO - PSIQUIATRIA ALA D;2020;4;0,8;1,2499999999999998
IRS;UNIDADE INTERNAÇÃO - PSIQUIATRIA ALA D;2020;5;1,0;2,599999999999999
IRS;UNIDADE INTERNAÇÃO - PSIQUIATRIA ALA D;2020;6;0,7;4,857142857142855
IRS;UNIDADE INTERNAÇÃO - PSIQUIATRIA ALA D;2020;7;0,10472972972972973;202,0
IRS;UNIDADE INTERNAÇÃO - PSIQUIATRIA ALA D;2020;8;0,1;273,0
IRS;UNIDADE INTERNAÇÃO - PSIQUIATRIA ALA D;2020;9;0,1;256,0
IRS;UNIDADE INTERNAÇÃO - PSIQUIATRIA ALA D;2020;10;0,2;152,50000000000003
IRS;UNIDADE INTERNAÇÃO - PSIQUIATRIA ALA D;2020;12;0,3;83,33333333333333
IRS;UNIDADE INTERNAÇÃO - PSIQUIATRIA ALA D;2021;1;0,2;143,0
IRS;UNIDADE INTERNAÇÃO - PSIQUIATRIA ALA D;2021;2;0,9;26,444444444444446
IRS;UNIDADE INTERNAÇÃO - PSIQUIATRIA ALA D;2021;3;0,4;63,0
IRS;UNIDADE INTERNAÇÃO - PSIQUIATRIA ALA D;2021;4;0,4;61,99999999999999
IRS;UNIDADE INTERNAÇÃO - PSIQUIATRIA ALA D;2021;5;0,5;54,0
IRS;UNIDADE INTERNAÇÃO - PSIQUIATRIA ALA D;2021;6;0,2;148,99999999999997
IRS;UNIDADE INTERNAÇÃO - PSIQUIATRIA ALA D;2021;8;0,1;300,0
IRS;UNIDADE INTERNAÇÃO - PSIQUIATRIA ALA D;2021;10;0,3;102,33333333333333
IRS;UNIDADE INTERNAÇÃO - PSIQUIATRIA ALA D;2022;1;0,34444444444444444;60,33333333333335
IRS;UNIDADE INTERNAÇÃO - PSIQUIATRIA ALA D;2022;2;0,4666666666666667;17,499999999999996
IRS;UNIDADE INTERNAÇÃO - PSIQUIATRIA ALA D;2022;6;0,2;117,99999999999999
IRS;UNIDADE INTERNAÇÃO - PSIQUIATRIA ALA D;2022;7;0,1;260,0
IRS;UNIDADE INTERNAÇÃO - PSIQUIATRIA ALA D;2022;11;0,1;208,00000000000003
IRS;UNIDADE INTERNAÇÃO - PSIQUIATRIA ALA D;2023;2;0,1;
IRS;UNIDADE INTERNAÇÃO - PSIQUIATRIA ALA E;2019;3;0,34444444444444444;2,5000000000000013
IRS;UNIDADE INTERNAÇÃO - PSIQUIATRIA ALA E;2019;4;1,2222222222222223;2,9545454545454537
IRS;UNIDADE INTERNAÇÃO - PSIQUIATRIA ALA E;2019;5;0,6111111111111112;10,090909090909092
IRS;UNIDADE INTERNAÇÃO - PSIQUIATRIA ALA E;2019;6;1,2222222222222223;4,500000000000001
IRS;UNIDADE INTERNAÇÃO - PSIQUIATRIA ALA E;2019;7;1,3759791122715406;2,0000000000000004
IRS;UNIDADE INTERNAÇÃO - PSIQUIATRIA ALA E;2019;8;1,6;2,750000000000001
IRS;UNIDADE INTERNAÇÃO - PSIQUIATRIA ALA E;2019;9;0,8;1,625
IRS;UNIDADE INTERNAÇÃO - PSIQUIATRIA ALA E;2019;10;0,5;0,9999999999999991
IRS;UNIDADE INTERNAÇÃO - PSIQUIATRIA ALA E;2019;11;0,2;7,500000000000007
IRS;UNIDADE INTERNAÇÃO - PSIQUIATRIA ALA E;2019;12;0,6;3,9999999999999987
IRS;UNIDADE INTERNAÇÃO - PSIQUIATRIA ALA E;2020;1;0,6;1,1666666666666667
IRS;UNIDADE INTERNAÇÃO - PSIQUIATRIA ALA E;2020;2;0,8;2,500000000000001
IRS;UNIDADE INTERNAÇÃO - PSIQUIATRIA ALA E;2020;3;1,7;3,176470588235294
IRS;UNIDADE INTERNAÇÃO - PSIQUIATRIA ALA E;2020;4;0,7;1,285714285714287
IRS;UNIDADE INTERNAÇÃO - PSIQUIATRIA ALA E;2020;5;0,40789473684210525;4,250000000000003
IRS;UNIDADE INTERNAÇÃO - PSIQUIATRIA ALA E;2020;6;0,5;4,400000000000001
IRS;UNIDADE INTERNAÇÃO - PSIQUIATRIA ALA E;2020;7;1,55;2,846153846153847
IRS;UNIDADE INTERNAÇÃO - PSIQUIATRIA ALA E;2020;8;1,2777777777777777;2,869565217391304
IRS;UNIDADE INTERNAÇÃO - PSIQUIATRIA ALA E;2020;9;0,9444444444444444;3,6470588235294117
IRS;UNIDADE INTERNAÇÃO - PSIQUIATRIA ALA E;2020;10;1,1666666666666667;1,8095238095238089
IRS;UNIDADE INTERNAÇÃO - PSIQUIATRIA ALA E;2020;11;1,6111111111111112;1,9655172413793094
IRS;UNIDADE INTERNAÇÃO - PSIQUIATRIA ALA E;2020;12;1,5555555555555556;2,7500000000000004
IRS;UNIDADE INTERNAÇÃO - PSIQUIATRIA ALA E;2021;1;1,1111111111111112;5,799999999999999
IRS;UNIDADE INTERNAÇÃO - PSIQUIATRIA ALA E;2021;2;1,1666666666666667;1,8571428571428557
IRS;UNIDADE INTERNAÇÃO - PSIQUIATRIA ALA E;2021;3;1,7777777777777777;3,531249999999999
IRS;UNIDADE INTERNAÇÃO - PSIQUIATRIA ALA E;2021;4;1,1111111111111112;9,099999999999998
IRS;UNIDADE INTERNAÇÃO - PSIQUIATRIA ALA E;2021;5;0,7222222222222222;11,769230769230768
IRS;UNIDADE INTERNAÇÃO - PSIQUIATRIA ALA E;2021;6;1,1111111111111112;4,6000000000000005
IRS;UNIDADE INTERNAÇÃO - PSIQUIATRIA ALA E;2021;7;1,4444444444444444;3,6923076923076916
IRS;UNIDADE INTERNAÇÃO - PSIQUIATRIA ALA E;2021;8;1,2222222222222223;3,9545454545454537
IRS;UNIDADE INTERNAÇÃO - PSIQUIATRIA ALA E;2021;9;0,9444444444444444;2,8823529411764723
IRS;UNIDADE INTERNAÇÃO - PSIQUIATRIA ALA E;2021;10;1,0;3,722222222222221
IRS;UNIDADE INTERNAÇÃO - PSIQUIATRIA ALA E;2021;11;1,2777777777777777;2,5217391304347823
IRS;UNIDADE INTERNAÇÃO - PSIQUIATRIA ALA E;2021;12;1,1111111111111112;3,4999999999999987
IRS;UNIDADE INTERNAÇÃO - PSIQUIATRIA ALA E;2022;1;0,8333333333333334;8,266666666666666
IRS;UNIDADE INTERNAÇÃO - PSIQUIATRIA ALA E;2022;2;0,2916666666666667;21,0
IRS;UNIDADE INTERNAÇÃO - PSIQUIATRIA ALA E;2022;3;1,0555555555555556;1,0526315789473684
IRS;UNIDADE INTERNAÇÃO - PSIQUIATRIA ALA E;2022;4;0,6111111111111112;2,727272727272729
IRS;UNIDADE INTERNAÇÃO - PSIQUIATRIA ALA E;2022;5;1,2777777777777777;1,478260869565218
IRS;UNIDADE INTERNAÇÃO - PSIQUIATRIA ALA E;2022;6;0,6666666666666666;8,5
IRS;UNIDADE INTERNAÇÃO - PSIQUIATRIA ALA E;2022;7;0,9444444444444444;4,823529411764707
IRS;UNIDADE INTERNAÇÃO - PSIQUIATRIA ALA E;2022;8;0,9444444444444444;6,117647058823529
IRS;UNIDADE INTERNAÇÃO - PSIQUIATRIA ALA E;2022;9;0,7777777777777778;13,642857142857144
IRS;UNIDADE INTERNAÇÃO - PSIQUIATRIA ALA E;2022;10;0,6666666666666666;6,58333333333333
IRS;UNIDADE INTERNAÇÃO - PSIQUIATRIA ALA E;2022;11;1,2777777777777777;2,9565217391304333
IRS;UNIDADE INTERNAÇÃO - PSIQUIATRIA ALA E;2022;12;0,8333333333333334;15,66666666666667
IRS;UNIDADE INTERNAÇÃO - PSIQUIATRIA ALA E;2023;1;0,7222222222222222;4,153846153846155
IRS;UNIDADE INTERNAÇÃO - PSIQUIATRIA ALA E;2023;2;0,8888888888888888;2,0
IRS;UNIDADE INTERNAÇÃO - PSIQUIATRIA ALA E;2023;3;0,8314176245210728;0,2142857142857161
IRS;UNIDADE INTERNAÇÃO - PSIQUIATRIA ALA E;2023;4;0,8888888888888888;3,999999999999998
IRS;UNIDADE INTERNAÇÃO - PSIQUIATRIA ALA E;2023;5;0,8888888888888888;5,437499999999999
IRS;UNIDADE INTERNAÇÃO - PSIQUIATRIA ALA E;2023;6;1,0555555555555556;4,052631578947368
IRS;UNIDADE INTERNAÇÃO - PSIQUIATRIA ALA E;2023;7;0,9444444444444444;5,529411764705884
IRS;UNIDADE INTERNAÇÃO - PSIQUIATRIA ALA F;2020;6;0,5714285714285714;3,9999999999999973
IRS;UNIDADE INTERNAÇÃO - PSIQUIATRIA ALA F;2020;7;1,5942857142857143;4,111111111111111
IRS;UNIDADE INTERNAÇÃO - PSIQUIATRIA ALA F;2021;6;0,1;289,0
IRS;UNIDADE INTERNAÇÃO - PSIQUIATRIA ALA F;2021;7;0,2;128,50000000000003
IRS;UNIDADE INTERNAÇÃO - PSIQUIATRIA ALA F;2021;8;0,2;147,0
IRS;UNIDADE INTERNAÇÃO - PSIQUIATRIA ALA F;2021;9;0,2;145,0
IRS;UNIDADE INTERNAÇÃO - PSIQUIATRIA ALA F;2021;10;0,14285714285714285;
IRS;UNIDADE INTERNAÇÃO - PSIQUIATRIA ALA F;2022;1;0,5191387559808612;47,285714285714285
IRS;UNIDADE INTERNAÇÃO - PSIQUIATRIA ALA F;2022;2;0,1;212,99999999999997
IRS;UNIDADE INTERNAÇÃO - PSIQUIATRIA ALA F;2022;4;0,1;299,0
IRS;UNIDADE INTERNAÇÃO - PSIQUIATRIA ALA F;2022;10;0,1;307,0
IRS;UNIDADE INTERNAÇÃO - PSIQUIATRIA ALA F;2022;11;0,1;263,0
IRS;UNIDADE INTERNAÇÃO - PSIQUIATRIA ALA F;2022;12;0,3;59,00000000000001
IRS;UNIDADE INTERNAÇÃO - PSIQUIATRIA ALA F;2023;2;0,2;121,0
IRS;UNIDADE INTERNAÇÃO - PSIQUIATRIA ALA F;2023;3;0,10689655172413794;283,0
IRS;UNIDADE INTERNAÇÃO - PSIQUIATRIA UNIDADE DE TRATAMENTO CLÍNICO;2020;6;0,5714285714285714;47,99999999999999
IRS;UNIDADE INTERNAÇÃO - PSIQUIATRIA UNIDADE DE TRATAMENTO CLÍNICO;2020;7;0,8378378378378378;5,799999999999997
IRS;UNIDADE INTERNAÇÃO - PSIQUIATRIA UNIDADE DE TRATAMENTO CLÍNICO;2020;8;0,5;6,000000000000002
IRS;UNIDADE INTERNAÇÃO - PSIQUIATRIA UNIDADE DE TRATAMENTO CLÍNICO;2020;9;0,6666666666666666;8,5
IRS;UNIDADE INTERNAÇÃO - PSIQUIATRIA UNIDADE DE TRATAMENTO CLÍNICO;2020;10;1,5;2,000000000000001
IRS;UNIDADE INTERNAÇÃO - PSIQUIATRIA UNIDADE DE TRATAMENTO CLÍNICO;2020;11;0,5;4,666666666666663
IRS;UNIDADE INTERNAÇÃO - PSIQUIATRIA UNIDADE DE TRATAMENTO CLÍNICO;2020;12;1,6666666666666667;4,7
IRS;UNIDADE INTERNAÇÃO - PSIQUIATRIA UNIDADE DE TRATAMENTO CLÍNICO;2021;1;0,6666666666666666;13,249999999999996
IRS;UNIDADE INTERNAÇÃO - PSIQUIATRIA UNIDADE DE TRATAMENTO CLÍNICO;2021;2;1,3333333333333333;5,374999999999999
IRS;UNIDADE INTERNAÇÃO - PSIQUIATRIA UNIDADE DE TRATAMENTO CLÍNICO;2021;3;0,8333333333333334;2,6000000000000023
IRS;UNIDADE INTERNAÇÃO - PSIQUIATRIA UNIDADE DE TRATAMENTO CLÍNICO;2021;5;1,0;9,33333333333333
IRS;UNIDADE INTERNAÇÃO - PSIQUIATRIA UNIDADE DE TRATAMENTO CLÍNICO;2021;6;0,5;6,33333333333333
IRS;UNIDADE INTERNAÇÃO - PSIQUIATRIA UNIDADE DE TRATAMENTO CLÍNICO;2021;7;0,16666666666666666;32,999999999999986
IRS;UNIDADE INTERNAÇÃO - PSIQUIATRIA UNIDADE DE TRATAMENTO CLÍNICO;2021;8;0,8333333333333334;1,3999999999999986
IRS;UNIDADE INTERNAÇÃO - PSIQUIATRIA UNIDADE DE TRATAMENTO CLÍNICO;2021;9;0,8333333333333334;1,8000000000000018
IRS;UNIDADE INTERNAÇÃO - PSIQUIATRIA UNIDADE DE TRATAMENTO CLÍNICO;2021;10;1,1666666666666667;7,7142857142857135
IRS;UNIDADE INTERNAÇÃO - PSIQUIATRIA UNIDADE DE TRATAMENTO CLÍNICO;2021;11;0,16666666666666666;46,99999999999999
IRS;UNIDADE INTERNAÇÃO - PSIQUIATRIA UNIDADE DE TRATAMENTO CLÍNICO;2021;12;0,8333333333333334;13,600000000000001
IRS;UNIDADE INTERNAÇÃO - PSIQUIATRIA UNIDADE DE TRATAMENTO CLÍNICO;2022;1;0,3333333333333333;31,000000000000004
IRS;UNIDADE INTERNAÇÃO - PSIQUIATRIA UNIDADE DE TRATAMENTO CLÍNICO;2022;2;0,6666666666666666;16,0
IRS;UNIDADE INTERNAÇÃO - PSIQUIATRIA UNIDADE DE TRATAMENTO CLÍNICO;2022;3;0,5;22,66666666666667
IRS;UNIDADE INTERNAÇÃO - PSIQUIATRIA UNIDADE DE TRATAMENTO CLÍNICO;2022;4;0,8333333333333334;10,2
IRS;UNIDADE INTERNAÇÃO - PSIQUIATRIA UNIDADE DE TRATAMENTO CLÍNICO;2022;5;0,16666666666666666;36,00000000000001
IRS;UNIDADE INTERNAÇÃO - PSIQUIATRIA UNIDADE DE TRATAMENTO CLÍNICO;2022;6;0,3333333333333333;13,500000000000002
IRS;UNIDADE INTERNAÇÃO - PSIQUIATRIA UNIDADE DE TRATAMENTO CLÍNICO;2022;7;0,6666666666666666;14,249999999999996
IRS;UNIDADE INTERNAÇÃO - PSIQUIATRIA UNIDADE DE TRATAMENTO CLÍNICO;2022;8;0,5;19,33333333333333
IRS;UNIDADE INTERNAÇÃO - PSIQUIATRIA UNIDADE DE TRATAMENTO CLÍNICO;2022;9;0,16666666666666666;57,99999999999999
IRS;UNIDADE INTERNAÇÃO - PSIQUIATRIA UNIDADE DE TRATAMENTO CLÍNICO;2022;10;0,5;17,666666666666664
IRS;UNIDADE INTERNAÇÃO - PSIQUIATRIA UNIDADE DE TRATAMENTO CLÍNICO;2022;11;0,3333333333333333;25,000000000000004
IRS;UNIDADE INTERNAÇÃO - PSIQUIATRIA UNIDADE DE TRATAMENTO CLÍNICO;2022;12;0,16666666666666666;68,0
IRS;UNIDADE INTERNAÇÃO - PSIQUIATRIA UNIDADE DE TRATAMENTO CLÍNICO;2023;1;0,5;11,66666666666667
IRS;UNIDADE INTERNAÇÃO - PSIQUIATRIA UNIDADE DE TRATAMENTO CLÍNICO;2023;2;0,3333333333333333;10,000000000000002
IRS;UNIDADE INTERNAÇÃO - PSIQUIATRIA UNIDADE DE TRATAMENTO CLÍNICO;2023;3;0,5344827586206896;1,000000000000002
IRS;UNIDADE INTERNAÇÃO - PSIQUIATRIA UNIDADE DE TRATAMENTO CLÍNICO;2023;4;0,16666666666666666;18,99999999999999
IRS;UNIDADE INTERNAÇÃO - PSIQUIATRIA UNIDADE DE TRATAMENTO CLÍNICO;2023;5;0,8333333333333334;0,9999999999999992
IRS;UNIDADE INTERNAÇÃO - PSIQUIATRIA UNIDADE DE TRATAMENTO CLÍNICO;2023;6;0,6666666666666666;4,749999999999997
IRS;UNIDADE INTERNAÇÃO - PSIQUIATRIA UNIDADE DE TRATAMENTO CLÍNICO;2023;7;0,16666666666666666;33,99999999999999
IRS;UNIDADE URGÊNCIA/EMERGÊNCIA - OBSERVAÇÃO;2023;11;8,4375;
IRS;UNIDADE URGÊNCIA/EMERGÊNCIA - OBSERVAÇÃO;2023;12;1,5121951219512195;
IRS;UNIDADE URGÊNCIA/EMERGÊNCIA - OBSERVAÇÃO;2024;1;2,335616438356164;
IRS;UNIDADE URGÊNCIA/EMERGÊNCIA - OBSERVAÇÃO;2024;2;2,9;
IRS;UNIDADE URGÊNCIA/EMERGÊNCIA - OBSERVAÇÃO;2024;3;4,032520325203252;
IRS;UNIDADE URGÊNCIA/EMERGÊNCIA - OBSERVAÇÃO;2024;4;3,0708661417322833;
IRS;UNIDADE URGÊNCIA/EMERGÊNCIA - OBSERVAÇÃO;2024;5;4,428571428571429;
IRS;UNIDADE URGÊNCIA/EMERGÊNCIA - OBSERVAÇÃO;2024;6;3,230769230769231;
IRS;UNIDADE URGÊNCIA/EMERGÊNCIA - OBSERVAÇÃO;2024;7;3,376237623762376;
IRS;UNIDADE URGÊNCIA/EMERGÊNCIA - OBSERVAÇÃO;2024;8;1,8931297709923665;
IRS;UNIDADE URGÊNCIA/EMERGÊNCIA - OBSERVAÇÃO;2024;9;3,2142857142857144;
IRS;UNIDADE URGÊNCIA/EMERGÊNCIA - OBSERVAÇÃO;2024;10;2,719298245614035;
IRS;UNIDADE URGÊNCIA/EMERGÊNCIA - OBSERVAÇÃO;2024;11;2,7586206896551726;
IRS;UNIDADE URGÊNCIA/EMERGÊNCIA - OBSERVAÇÃO;2024;12;2,8181818181818183;
IRS;UNIDADE URGÊNCIA/EMERGÊNCIA - OBSERVAÇÃO;2025;1;2,2371134020618557;
IRS;UNIDADE URGÊNCIA/EMERGÊNCIA - OBSERVAÇÃO;2025;2;2,8;
IRS;UNIDADE URGÊNCIA/EMERGÊNCIA - OBSERVAÇÃO;2025;3;3,99009900990099;
IRS;UNIDADE URGÊNCIA/EMERGÊNCIA - OBSERVAÇÃO;2025;4;1,3888888888888888;
IRS;UNIDADE URGÊNCIA/EMERGÊNCIA - OBSERVAÇÃO;2025;5;1,8083333333333333;
IRS;UNIDADE URGÊNCIA/EMERGÊNCIA - OBSERVAÇÃO;2025;6;1,8584070796460177;
IRS;UNIDADE URGÊNCIA/EMERGÊNCIA - OBSERVAÇÃO;2025;7;2,1565217391304348;
IRS;UNIDADE URGÊNCIA/EMERGÊNCIA - OBSERVAÇÃO;2025;8;2,4554455445544554;
IRS;UNIDADE URGÊNCIA/EMERGÊNCIA - OBSERVAÇÃO;2025;9;1,6853932584269662;
IRS;UNIDADE URGÊNCIA/EMERGÊNCIA - OBSERVAÇÃO;2025;10;5,061224489795919;
IRS;UNIDADE URGÊNCIA/EMERGÊNCIA - OBSERVAÇÃO;2025;11;1,926605504587156;
IRS;UNIDADE URGÊNCIA/EMERGÊNCIA - OBSERVAÇÃO;2025;12;2,268292682926829;
IRS;UNIDADE URGÊNCIA/EMERGÊNCIA - OBSERVAÇÃO;2026;1;0,8611111111111112;
IRS;UNIDADE URGÊNCIA/EMERGÊNCIA - OBSERVAÇÃO;2026;2;1,308411214953271;
IRS;UNIDADE URGÊNCIA/EMERGÊNCIA - OBSERVAÇÃO;2026;3;4,3130434782608695;
IRS;UNIDADE URGÊNCIA/EMERGÊNCIA - OBSERVAÇÃO;2026;4;4,565217391304348;
IRS;UNIDADE URGÊNCIA/EMERGÊNCIA - OBSERVAÇÃO;2026;5;2,2545454545454544;
IRS;UTC - UNIDADE DE TRATAMENTO CLÍNICO;2023;11;1,875;-29,33333333333334
IRS;UTC - UNIDADE DE TRATAMENTO CLÍNICO;2023;12;0,8333333333333334;2,400000000000002
IRS;UTC - UNIDADE DE TRATAMENTO CLÍNICO;2024;1;0,16666666666666666;13,00000000000001
IRS;UTC - UNIDADE DE TRATAMENTO CLÍNICO;2024;2;0,3333333333333333;6,4999999999999964
IRS;UTC - UNIDADE DE TRATAMENTO CLÍNICO;2024;3;1,0;7,000000000000001
IRS;UTC - UNIDADE DE TRATAMENTO CLÍNICO;2024;4;0,5;8,333333333333329
IRS;UTC - UNIDADE DE TRATAMENTO CLÍNICO;2024;5;0,5;14,666666666666668
IRS;UTC - UNIDADE DE TRATAMENTO CLÍNICO;2024;6;0,6666666666666666;7,499999999999997
IRS;UTC - UNIDADE DE TRATAMENTO CLÍNICO;2024;7;1,1666666666666667;3,714285714285714
IRS;UTC - UNIDADE DE TRATAMENTO CLÍNICO;2024;8;0,5;3,33333333333333
IRS;UTC - UNIDADE DE TRATAMENTO CLÍNICO;2024;9;1,0;7,5
IRS;UTC - UNIDADE DE TRATAMENTO CLÍNICO;2024;10;0,8333333333333334;0,9999999999999992
IRS;UTC - UNIDADE DE TRATAMENTO CLÍNICO;2024;11;1,0;9,5
IRS;UTC - UNIDADE DE TRATAMENTO CLÍNICO;2024;12;0,6666666666666666;1,9999999999999982
IRS;UTC - UNIDADE DE TRATAMENTO CLÍNICO;2025;1;0,5;4,0000000000000036
IRS;UTC - UNIDADE DE TRATAMENTO CLÍNICO;2025;2;1,0;1,1666666666666654
IRS;UTC - UNIDADE DE TRATAMENTO CLÍNICO;2025;3;0,3333333333333333;6,000000000000005
IRS;UTC - UNIDADE DE TRATAMENTO CLÍNICO;2025;4;0,6666666666666666;12,000000000000004
IRS;UTC - UNIDADE DE TRATAMENTO CLÍNICO;2025;5;1,1666666666666667;4,1428571428571415
IRS;UTC - UNIDADE DE TRATAMENTO CLÍNICO;2025;6;0,5;8,333333333333329
IRS;UTC - UNIDADE DE TRATAMENTO CLÍNICO;2025;7;0,6666666666666666;7,749999999999998
IRS;UTC - UNIDADE DE TRATAMENTO CLÍNICO;2025;8;0,6666666666666666;16,000000000000004
IRS;UTC - UNIDADE DE TRATAMENTO CLÍNICO;2025;9;0,8333333333333334;11,2
IRS;UTC - UNIDADE DE TRATAMENTO CLÍNICO;2025;10;0,3333333333333333;11,0
IRS;UTC - UNIDADE DE TRATAMENTO CLÍNICO;2025;11;0,8333333333333334;2,4
IRS;UTC - UNIDADE DE TRATAMENTO CLÍNICO;2025;12;0,8333333333333334;4,000000000000001
IRS;UTC - UNIDADE DE TRATAMENTO CLÍNICO;2026;1;0,5;3,33333333333333
IRS;UTC - UNIDADE DE TRATAMENTO CLÍNICO;2026;2;0,8333333333333334;3,0000000000000004
IRS;UTC - UNIDADE DE TRATAMENTO CLÍNICO;2026;3;0,5;8,0
IRS;UTC - UNIDADE DE TRATAMENTO CLÍNICO;2026;4;0,5;16,000000000000004
IRS;UTC - UNIDADE DE TRATAMENTO CLÍNICO;2026;5;1,3333333333333333;6,999999999999998
MOV;ALOJAMENTO CONJUNTO;2019;1;5,955040871934605;1,5815602836879434
MOV;ALOJAMENTO CONJUNTO;2019;2;8,819209039548022;0,46636771300448443
MOV;ALOJAMENTO CONJUNTO;2019;3;8,68;0,18907563025210092
MOV;ALOJAMENTO CONJUNTO;2019;4;9,55719557195572;0,2625482625482624
MOV;ALOJAMENTO CONJUNTO;2019;5;10,76797829036635;0,26953125
MOV;ALOJAMENTO CONJUNTO;2019;6;9,755784061696659;0,13833992094861666
MOV;ALOJAMENTO CONJUNTO;2019;7;9,00726392251816;0,3458333333333332
MOV;ALOJAMENTO CONJUNTO;2019;8;9,51968503937008;0,047619047619047505
MOV;ALOJAMENTO CONJUNTO;2019;9;8,329411764705883;-0,08050847457627143
MOV;ALOJAMENTO CONJUNTO;2019;10;10,98613251155624;-0,18695652173913024
MOV;ALOJAMENTO CONJUNTO;2019;11;9,85645933014354;0,10194174757281546
MOV;ALOJAMENTO CONJUNTO;2019;12;9,606770833333334;0,6050420168067229
MOV;ALOJAMENTO CONJUNTO;2020;1;10,292490118577074;0,3452380952380952
MOV;ALOJAMENTO CONJUNTO;2020;2;9,503886010362693;-0,027667984189723552
MOV;ALOJAMENTO CONJUNTO;2020;3;11,46520618556701;0,24041811846689892
MOV;ALOJAMENTO CONJUNTO;2020;4;10,0;0,32222222222222213
MOV;ALOJAMENTO CONJUNTO;2020;5;10,238157894736842;0,5378486055776892
MOV;ALOJAMENTO CONJUNTO;2020;6;10,403225806451612;0,3023255813953488
MOV;ALOJAMENTO CONJUNTO;2020;7;10,206388206388207;0,2052238805970149
MOV;ALOJAMENTO CONJUNTO;2020;8;10,209827357237716;0,4314516129032258
MOV;ALOJAMENTO CONJUNTO;2020;9;10,172413793103448;0,6694915254237288
MOV;ALOJAMENTO CONJUNTO;2020;10;11,529972752043596;0,37728937728937734
MOV;ALOJAMENTO CONJUNTO;2020;11;8,8875;0,3206751054852321
MOV;ALOJAMENTO CONJUNTO;2020;12;9,42432082794308;0,6042553191489362
MOV;ALOJAMENTO CONJUNTO;2021;1;9,3;0,4177215189873418
MOV;ALOJAMENTO CONJUNTO;2021;2;8,52956298200514;0,15611814345991562
MOV;ALOJAMENTO CONJUNTO;2021;3;10,012422360248447;0,22692307692307695
MOV;ALOJAMENTO CONJUNTO;2021;4;9,747155499367889;0,15953307392996105
MOV;ALOJAMENTO CONJUNTO;2021;5;9,417721518987342;-0,04924242424242412
MOV;ALOJAMENTO CONJUNTO;2021;6;8,863636363636363;0,24358974358974364
MOV;ALOJAMENTO CONJUNTO;2021;7;9,42645241038319;0,1422764227642275
MOV;ALOJAMENTO CONJUNTO;2021;8;9,60758082497213;-0,1294964028776978
MOV;ALOJAMENTO CONJUNTO;2021;9;7,831578947368421;-0,3266129032258064
MOV;ALOJAMENTO CONJUNTO;2021;10;8,29112426035503;0,43362831858407075
MOV;ALOJAMENTO CONJUNTO;2021;11;8,892988929889299;0,14107883817427372
MOV;ALOJAMENTO CONJUNTO;2021;12;8,71655328798186;0,5806451612903227
MOV;ALOJAMENTO CONJUNTO;2022;1;8,69559748427673;0,5426008968609864
MOV;ALOJAMENTO CONJUNTO;2022;2;8,681879194630872;0,5411255411255412
MOV;ALOJAMENTO CONJUNTO;2022;3;10,003680981595092;0,3840304182509505
MOV;ALOJAMENTO CONJUNTO;2022;4;8,423645320197044;0,5657894736842105
MOV;ALOJAMENTO CONJUNTO;2022;5;10,294486215538846;0,12830188679245272
MOV;ALOJAMENTO CONJUNTO;2022;6;10,47887323943662;0,471774193548387
MOV;ALOJAMENTO CONJUNTO;2022;7;10,825396825396826;0,6060606060606062
MOV;ALOJAMENTO CONJUNTO;2022;8;10,208333333333334;0,5061224489795917
MOV;ALOJAMENTO CONJUNTO;2022;9;9,60651289009498;0,49152542372881375
MOV;ALOJAMENTO CONJUNTO;2022;10;9,392603129445234;0,6056338028169013
MOV;ALOJAMENTO CONJUNTO;2022;11;8,299492385786802;0,22477064220183487
MOV;ALOJAMENTO CONJUNTO;2022;12;9,277093596059114;0,26748971193415644
MOV;ALOJAMENTO CONJUNTO;2023;1;9,983050847457626;0,41700404858299595
MOV;ALOJAMENTO CONJUNTO;2023;2;8,811989100817438;0,09523809523809516
MOV;ALOJAMENTO CONJUNTO;2023;3;10,64;-0,12781954887218044
MOV;ALOJAMENTO CONJUNTO;2023;4;72,3;-3,3112033195020745
MOV;ALOJAMENTO CONJUNTO;2023;11;34,31137724550898;-2,198952879581152
MOV;ALOJAMENTO CONJUNTO;2023;12;8,734306569343065;0,051813471502590754
MOV;ALOJAMENTO CONJUNTO;2024;1;7,976608187134503;0,3545454545454544
MOV;ALOJAMENTO CONJUNTO;2024;2;10,4625748502994;0,2199170124481328
MOV;ALOJAMENTO CONJUNTO;2024;3;11,603591160220995;0,10332103321033212
MOV;ALOJAMENTO CONJUNTO;2024;4;11,565217391304348;-0,16541353383458637
MOV;ALOJAMENTO CONJUNTO;2024;5;11,565749235474007;-0,278688524590164
MOV;ALOJAMENTO CONJUNTO;2024;6;10,226171243941842;-0,1469194312796207
MOV;ALOJAMENTO CONJUNTO;2024;7;11,219047619047618;0,021929824561403643
MOV;ALOJAMENTO CONJUNTO;2024;8;10,666666666666666;-0,12500000000000028
MOV;ALOJAMENTO CONJUNTO;2024;9;11,19751166407465;-0,3666666666666667
MOV;ALOJAMENTO CONJUNTO;2024;10;9,814307458143075;-0,19711538461538483
MOV;ALOJAMENTO CONJUNTO;2024;11;10,251968503937007;-0,5161290322580647
MOV;ALOJAMENTO CONJUNTO;2024;12;11,410742496050553;-0,5407725321888414
MOV;ALOJAMENTO CONJUNTO;2025;1;12,550989345509894;-0,6503759398496242
MOV;ALOJAMENTO CONJUNTO;2025;2;12,568457538994801;-0,7142857142857144
MOV;ALOJAMENTO CONJUNTO;2025;3;12,681818181818182;-0,8592592592592593
MOV;ALOJAMENTO CONJUNTO;2025;4;13,1637519872814;-0,5760869565217391
MOV;ALOJAMENTO CONJUNTO;2025;5;11,91914191419142;-0,8025751072961375
MOV;ALOJAMENTO CONJUNTO;2025;6;11,08108108108108;-0,5853658536585366
MOV;ALOJAMENTO CONJUNTO;2025;7;10,941176470588236;-0,40686274509803905
MOV;ALOJAMENTO CONJUNTO;2025;8;11,067768595041322;-0,6435185185185186
MOV;ALOJAMENTO CONJUNTO;2025;9;11,370558375634518;-0,37946428571428575
MOV;ALOJAMENTO CONJUNTO;2025;10;10,644891122278057;-0,3414634146341463
MOV;ALOJAMENTO CONJUNTO;2025;11;10,890052356020943;-0,23557692307692302
MOV;ALOJAMENTO CONJUNTO;2025;12;10,20496894409938;-0,6886792452830189
MOV;ALOJAMENTO CONJUNTO;2026;1;10,167202572347266;-0,6862745098039215
MOV;ALOJAMENTO CONJUNTO;2026;2;9,625;-0,6161616161616162
MOV;ALOJAMENTO CONJUNTO;2026;3;11,540498442367602;-0,7112970711297072
MOV;ALOJAMENTO CONJUNTO;2026;4;11,514084507042254;-0,5321100917431194
MOV;ALOJAMENTO CONJUNTO;2026;5;12,18407960199005;-0,7721518987341774
MOV;CLINICA CIRÚRGICA;2023;11;34,8;-2,425287356321839
MOV;CLINICA CIRÚRGICA;2023;12;10,490693739424703;-0,30499999999999994
MOV;CLINICA CIRÚRGICA;2024;1;10,372400756143668;-0,3163841807909607
MOV;CLINICA CIRÚRGICA;2024;2;9,502127659574468;-0,1623376623376625
MOV;CLINICA CIRÚRGICA;2024;3;8,222222222222221;0,08108108108108096
MOV;CLINICA CIRÚRGICA;2024;4;8,995433789954339;-0,44670050761421315
MOV;CLINICA CIRÚRGICA;2024;5;13,145569620253164;-0,41791044776119407
MOV;CLINICA CIRÚRGICA;2024;6;10,675675675675675;0,5443037974683547
MOV;CLINICA CIRÚRGICA;2024;7;10,28936170212766;0,6282051282051281
MOV;CLINICA CIRÚRGICA;2024;8;11,69811320754717;0,3166666666666666
MOV;CLINICA CIRÚRGICA;2024;9;12,191780821917808;0,10112359550561788
MOV;CLINICA CIRÚRGICA;2024;10;8,425087108013937;1,2179487179487183
MOV;CLINICA CIRÚRGICA;2024;11;8,30188679245283;0,6969696969696968
MOV;CLINICA CIRÚRGICA;2024;12;10,894568690095847;0,1272727272727274
MOV;CLINICA CIRÚRGICA;2025;1;12,576512455516013;-0,15789473684210514
MOV;CLINICA CIRÚRGICA;2025;2;11,986928104575163;-0,29007633587786275
MOV;CLINICA CIRÚRGICA;2025;3;14,455056179775282;-0,30722891566265065
MOV;CLINICA CIRÚRGICA;2025;4;11,806930693069306;-0,09433962264150966
MOV;CLINICA CIRÚRGICA;2025;5;12,54637436762226;-0,09999999999999992
MOV;CLINICA CIRÚRGICA;2025;6;11,310592459605028;0,08571428571428567
MOV;CLINICA CIRÚRGICA;2025;7;11,609311740890687;-0,0702702702702702
MOV;CLINICA CIRÚRGICA;2025;8;9,28066528066528;-0,2847222222222221
MOV;CLINICA CIRÚRGICA;2025;9;10,758196721311476;-0,285714285714286
MOV;CLINICA CIRÚRGICA;2025;10;11,550321199143468;-0,022988505747126662
MOV;CLINICA CIRÚRGICA;2025;11;13,179611650485437;-0,016574585635359056
MOV;CLINICA CIRÚRGICA;2025;12;9,558886509635974;0,1944444444444444
MOV;CLINICA CIRÚRGICA;2026;1;11,129817444219068;0,2203389830508475
MOV;CLINICA CIRÚRGICA;2026;2;10,50656660412758;0,12000000000000013
MOV;CLINICA CIRÚRGICA;2026;3;12,378657487091221;0,06465517241379307
MOV;CLINICA CIRÚRGICA;2026;4;9,927667269439421;0,09836065573770487
MOV;CLINICA CIRÚRGICA;2026;5;11,31578947368421;0,0
MOV;PRÉ-PARTO;2019;1;6,398255813953488;
MOV;PRÉ-PARTO;2019;2;2,7559055118110236;
MOV;PRÉ-PARTO;2019;3;5,872670807453416;
MOV;PRÉ-PARTO;2019;4;3,814432989690722;
MOV;PRÉ-PARTO;2019;5;3,754325259515571;
MOV;PRÉ-PARTO;2019;6;3,514644351464435;
MOV;PRÉ-PARTO;2019;7;4,536585365853658;
MOV;PRÉ-PARTO;2019;8;4,205047318611987;
MOV;PRÉ-PARTO;2019;9;4,0285714285714285;
MOV;PRÉ-PARTO;2019;10;4,347560975609756;
MOV;PRÉ-PARTO;2019;11;4,2105263157894735;
MOV;PRÉ-PARTO;2019;12;5,185873605947956;
MOV;PRÉ-PARTO;2020;1;2,6698564593301435;
MOV;PRÉ-PARTO;2020;2;4,142857142857143;
MOV;PRÉ-PARTO;2020;3;2,291828793774319;
MOV;PRÉ-PARTO;2020;4;3,2103321033210332;
MOV;PRÉ-PARTO;2020;5;3,888888888888889;
MOV;PRÉ-PARTO;2020;6;3,5632183908045976;
MOV;PRÉ-PARTO;2020;7;3,6953642384105962;
MOV;PRÉ-PARTO;2020;8;2,2752293577981653;
MOV;PRÉ-PARTO;2020;9;2,278481012658228;
MOV;PRÉ-PARTO;2020;10;3,2838983050847457;
MOV;PRÉ-PARTO;2020;11;2,769230769230769;
MOV;PRÉ-PARTO;2020;12;3,4962406015037595;
MOV;PRÉ-PARTO;2021;1;3,6936170212765957;
MOV;PRÉ-PARTO;2021;2;2,343612334801762;
MOV;PRÉ-PARTO;2021;3;2,411111111111111;
MOV;PRÉ-PARTO;2021;4;2,6568265682656826;
MOV;PRÉ-PARTO;2021;5;4,989726027397261;
MOV;PRÉ-PARTO;2021;6;4,181184668989547;
MOV;PRÉ-PARTO;2021;7;5,442748091603053;
MOV;PRÉ-PARTO;2021;8;5,32013201320132;
MOV;PRÉ-PARTO;2021;9;2,2131147540983607;
MOV;PRÉ-PARTO;2021;10;6,034351145038168;
MOV;PRÉ-PARTO;2021;11;2,6744186046511627;
MOV;PRÉ-PARTO;2021;12;6,254385964912281;
MOV;PRÉ-PARTO;2022;1;3,390625;
MOV;PRÉ-PARTO;2022;2;2,6212765957446806;
MOV;PRÉ-PARTO;2022;3;2,2627737226277373;
MOV;PRÉ-PARTO;2022;4;2,9880478087649402;
MOV;PRÉ-PARTO;2022;5;2,97864768683274;
MOV;PRÉ-PARTO;2022;6;2,0901639344262297;
MOV;PRÉ-PARTO;2022;7;2,5833333333333335;
MOV;PRÉ-PARTO;2022;8;4,0;
MOV;PRÉ-PARTO;2022;9;3,940677966101695;
MOV;PRÉ-PARTO;2022;10;3,7903930131004366;
MOV;PRÉ-PARTO;2022;11;3,515625;
MOV;PRÉ-PARTO;2022;12;2,5101214574898787;
MOV;PRÉ-PARTO;2023;1;1,1185567010309279;
MOV;PRÉ-PARTO;2023;2;2,1155555555555554;
MOV;PRÉ-PARTO;2023;3;3,774907749077491;
MOV;PRÉ-PARTO;2023;4;7,0;
MOV;PRÉ-PARTO;2023;11;0,7894736842105263;16,5
MOV;PRÉ-PARTO;2023;12;0,21232876712328766;77,99999999999999
MOV;PRÉ-PARTO;2024;1;0,1111111111111111;165,00000000000003
MOV;PRÉ-PARTO;2024;2;0,3283018867924528;47,333333333333336
MOV;PRÉ-PARTO;2024;3;0,10472972972972973;158,0
MOV;PRÉ-PARTO;2024;4;0,42704626334519574;36,75
MOV;PRÉ-PARTO;2024;5;1,0580204778156996;14,300000000000002
MOV;PRÉ-PARTO;2024;6;0,3383458646616541;45,333333333333336
MOV;PRÉ-PARTO;2024;7;0,20261437908496732;-89,00000000000001
MOV;PRÉ-PARTO;2024;8;0,7654320987654321;-26,0
MOV;PRÉ-PARTO;2024;9;1,3636363636363635;-17,333333333333336
MOV;PRÉ-PARTO;2024;10;0,2080536912751678;-94,0
MOV;PRÉ-PARTO;2024;11;0,25862068965517243;-87,0
MOV;PRÉ-PARTO;2024;12;0,5849056603773585;-37,0
MOV;PRÉ-PARTO;2025;1;1,2984293193717278;-18,0
MOV;PRÉ-PARTO;2025;2;1,9259259259259258;-11,999999999999998
MOV;PRÉ-PARTO;2025;3;2,0043103448275863;-12,933333333333334
MOV;PRÉ-PARTO;2025;4;1,6071428571428572;-15,333333333333332
MOV;PRÉ-PARTO;2025;5;1,186602870813397;-19,75
MOV;PRÉ-PARTO;2025;6;0,6122448979591837;-38,0
MOV;PRÉ-PARTO;2025;7;0,4397163120567376;-48,5
MOV;PRÉ-PARTO;2025;8;0,6283783783783784;-34,0
MOV;PRÉ-PARTO;2025;9;1,0;-20,4
MOV;PRÉ-PARTO;2025;10;0,775;-28,5
MOV;PRÉ-PARTO;2025;11;0,43478260869565216;-45,0
MOV;PRÉ-PARTO;2025;12;0,8920863309352518;-22,0
MOV;PRÉ-PARTO;2026;1;1,4276315789473684;-13,857142857142858
MOV;PRÉ-PARTO;2026;2;0,4;-46,5
MOV;PRÉ-PARTO;2026;3;0,5284090909090909;-43,666666666666664
MOV;PRÉ-PARTO;2026;4;0,189873417721519;-113,0
MOV;PRÉ-PARTO;2026;5;0,20261437908496732;-106,0
MOV;SALA DE ESPERA - BLOCO CIRÚRGICO;2025;11;7,5;
MOV;SALA DE ESPERA - BLOCO CIRÚRGICO;2025;12;77,5;
MOV;SALA DE ESPERA - BLOCO CIRÚRGICO;2026;1;7,153846153846154;
MOV;SALA DE ESPERA - BLOCO CIRÚRGICO;2026;2;0,9032258064516129;
MOV;SALA DE ESPERA - BLOCO CIRÚRGICO;2026;3;1,5121951219512195;
MOV;SALA DE ESPERA - BLOCO CIRÚRGICO;2026;4;4,8;
MOV;SALA DE ESPERA - BLOCO CIRÚRGICO;2026;5;3,263157894736842;
MOV;SALA DE ESPERA - BLOCO OBSTÉTRICO;2025;11;4,615384615384615;
MOV;SALA DE ESPERA - BLOCO OBSTÉTRICO;2025;12;1,9375;
MOV;SALA DE ESPERA - BLOCO OBSTÉTRICO;2026;1;4,428571428571429;
MOV;SALA DE ESPERA - BLOCO OBSTÉTRICO;2026;4;8,181818181818182;
MOV;UNIDADE DE CUIDADO INTERMEDIÁRIO NEONATAL CANGURU;2023;11;14,482758620689655;-15,785714285714286
MOV;UNIDADE DE CUIDADO INTERMEDIÁRIO NEONATAL CANGURU;2023;12;2,547945205479452;4,750000000000001
MOV;UNIDADE DE CUIDADO INTERMEDIÁRIO NEONATAL CANGURU;2024;1;0,8;14,749999999999998
MOV;UNIDADE DE CUIDADO INTERMEDIÁRIO NEONATAL CANGURU;2024;2;1,4;9,714285714285717
MOV;UNIDADE DE CUIDADO INTERMEDIÁRIO NEONATAL CANGURU;2024;4;30,0;0,0
MOV;UNIDADE DE CUIDADO INTERMEDIÁRIO NEONATAL CANGURU;2024;5;3,1;1,1111111111111118
MOV;UNIDADE DE CUIDADO INTERMEDIÁRIO NEONATAL CANGURU;2024;6;2,3300970873786406;3,0
MOV;UNIDADE DE CUIDADO INTERMEDIÁRIO NEONATAL CANGURU;2024;7;1,7222222222222223;3,3333333333333344
MOV;UNIDADE DE CUIDADO INTERMEDIÁRIO NEONATAL CANGURU;2024;8;2,6;2,9230769230769225
MOV;UNIDADE DE CUIDADO INTERMEDIÁRIO NEONATAL CANGURU;2024;9;1,8;5,888888888888891
MOV;UNIDADE DE CUIDADO INTERMEDIÁRIO NEONATAL CANGURU;2024;10;1,6;10,625
MOV;UNIDADE DE CUIDADO INTERMEDIÁRIO NEONATAL CANGURU;2024;11;2,0;4,200000000000001
MOV;UNIDADE DE CUIDADO INTERMEDIÁRIO NEONATAL CANGURU;2024;12;2,8;2,2857142857142856
MOV;UNIDADE DE CUIDADO INTERMEDIÁRIO NEONATAL CANGURU;2025;1;2,6;2,6923076923076925
MOV;UNIDADE DE CUIDADO INTERMEDIÁRIO NEONATAL CANGURU;2025;2;2,0;4,700000000000001
MOV;UNIDADE DE CUIDADO INTERMEDIÁRIO NEONATAL CANGURU;2025;3;1,2916666666666667;15,499999999999998
MOV;UNIDADE DE CUIDADO INTERMEDIÁRIO NEONATAL CANGURU;2025;4;0,5263157894736842;38,00000000000001
MOV;UNIDADE DE CUIDADO INTERMEDIÁRIO NEONATAL CANGURU;2025;5;1,7032967032967032;10,8
MOV;UNIDADE DE CUIDADO INTERMEDIÁRIO NEONATAL CANGURU;2025;6;1,8;3,6666666666666656
MOV;UNIDADE DE CUIDADO INTERMEDIÁRIO NEONATAL CANGURU;2025;7;2,0;6,3
MOV;UNIDADE DE CUIDADO INTERMEDIÁRIO NEONATAL CANGURU;2025;8;1,8;6,444444444444444
MOV;UNIDADE DE CUIDADO INTERMEDIÁRIO NEONATAL CANGURU;2025;9;2,6;4,384615384615385
MOV;UNIDADE DE CUIDADO INTERMEDIÁRIO NEONATAL CANGURU;2025;10;2,4;3,9166666666666665
MOV;UNIDADE DE CUIDADO INTERMEDIÁRIO NEONATAL CANGURU;2025;11;2,4;1,8333333333333326
MOV;UNIDADE DE CUIDADO INTERMEDIÁRIO NEONATAL CANGURU;2025;12;2,6;0,6153846153846158
MOV;UNIDADE DE CUIDADO INTERMEDIÁRIO NEONATAL CANGURU;2026;1;1,8;8,222222222222223
MOV;UNIDADE DE CUIDADO INTERMEDIÁRIO NEONATAL CANGURU;2026;2;1,2;10,333333333333332
MOV;UNIDADE DE CUIDADO INTERMEDIÁRIO NEONATAL CANGURU;2026;3;2,0;5,000000000000001
MOV;UNIDADE DE CUIDADO INTERMEDIÁRIO NEONATAL CANGURU;2026;4;2,6;5,846153846153845
MOV;UNIDADE DE CUIDADO INTERMEDIÁRIO NEONATAL CANGURU;2026;5;0,8;21,000000000000004
MOV;UNIDADE DE CUIDADO INTERMEDIÁRIO NEONATAL CONVENCIONAL;2023;11;3,6448598130841123;-20,384615384615387
MOV;UNIDADE DE CUIDADO INTERMEDIÁRIO NEONATAL CONVENCIONAL;2023;12;0,8743589743589744;6,1818181818181825
MOV;UNIDADE DE CUIDADO INTERMEDIÁRIO NEONATAL CONVENCIONAL;2024;1;0,7192575406032483;6,500000000000002
MOV;UNIDADE DE CUIDADO INTERMEDIÁRIO NEONATAL CONVENCIONAL;2024;2;0,9783132530120482;1,7142857142857144
MOV;UNIDADE DE CUIDADO INTERMEDIÁRIO NEONATAL CONVENCIONAL;2024;3;1,3002207505518764;2,105263157894737
MOV;UNIDADE DE CUIDADO INTERMEDIÁRIO NEONATAL CONVENCIONAL;2024;4;1,5517241379310345;3,6296296296296306
MOV;UNIDADE DE CUIDADO INTERMEDIÁRIO NEONATAL CONVENCIONAL;2024;5;1,6591549295774648;3,63157894736842
MOV;UNIDADE DE CUIDADO INTERMEDIÁRIO NEONATAL CONVENCIONAL;2024;6;1,3119533527696794;4,666666666666667
MOV;UNIDADE DE CUIDADO INTERMEDIÁRIO NEONATAL CONVENCIONAL;2024;7;1,3297587131367292;1,3125000000000002
MOV;UNIDADE DE CUIDADO INTERMEDIÁRIO NEONATAL CONVENCIONAL;2024;8;1,157170923379175;9,789473684210524
MOV;UNIDADE DE CUIDADO INTERMEDIÁRIO NEONATAL CONVENCIONAL;2024;9;1,4046822742474916;8,071428571428571
MOV;UNIDADE DE CUIDADO INTERMEDIÁRIO NEONATAL CONVENCIONAL;2024;10;0,7164869029275809;12,666666666666664
MOV;UNIDADE DE CUIDADO INTERMEDIÁRIO NEONATAL CONVENCIONAL;2024;11;0,9787928221859706;6,200000000000001
MOV;UNIDADE DE CUIDADO INTERMEDIÁRIO NEONATAL CONVENCIONAL;2024;12;0,9567901234567902;6,899999999999999
MOV;UNIDADE DE CUIDADO INTERMEDIÁRIO NEONATAL CONVENCIONAL;2025;1;1,179080824088748;5,333333333333332
MOV;UNIDADE DE CUIDADO INTERMEDIÁRIO NEONATAL CONVENCIONAL;2025;2;1,1239092495636998;4,913043478260868
MOV;UNIDADE DE CUIDADO INTERMEDIÁRIO NEONATAL CONVENCIONAL;2025;3;1,259375;3,0769230769230784
MOV;UNIDADE DE CUIDADO INTERMEDIÁRIO NEONATAL CONVENCIONAL;2025;4;1,0482529118136439;1,1904761904761896
MOV;UNIDADE DE CUIDADO INTERMEDIÁRIO NEONATAL CONVENCIONAL;2025;5;1,662460567823344;2,2941176470588234
MOV;UNIDADE DE CUIDADO INTERMEDIÁRIO NEONATAL CONVENCIONAL;2025;6;1,1829652996845426;0,4000000000000012
MOV;UNIDADE DE CUIDADO INTERMEDIÁRIO NEONATAL CONVENCIONAL;2025;7;1,4384;6,551724137931033
MOV;UNIDADE DE CUIDADO INTERMEDIÁRIO NEONATAL CONVENCIONAL;2025;8;1,0302114803625377;-0,4090909090909102
MOV;UNIDADE DE CUIDADO INTERMEDIÁRIO NEONATAL CONVENCIONAL;2025;9;0,8896210873146623;3,7222222222222228
MOV;UNIDADE DE CUIDADO INTERMEDIÁRIO NEONATAL CONVENCIONAL;2025;10;1,5171288743882545;2,4333333333333336
MOV;UNIDADE DE CUIDADO INTERMEDIÁRIO NEONATAL CONVENCIONAL;2025;11;0,95;3,7894736842105265
MOV;UNIDADE DE CUIDADO INTERMEDIÁRIO NEONATAL CONVENCIONAL;2025;12;1,0483091787439613;5,2857142857142865
MOV;UNIDADE DE CUIDADO INTERMEDIÁRIO NEONATAL CONVENCIONAL;2026;1;1,0;5,100000000000001
MOV;UNIDADE DE CUIDADO INTERMEDIÁRIO NEONATAL CONVENCIONAL;2026;2;1,0190641247833623;2,5238095238095233
MOV;UNIDADE DE CUIDADO INTERMEDIÁRIO NEONATAL CONVENCIONAL;2026;3;1,4159869494290376;2,0714285714285707
MOV;UNIDADE DE CUIDADO INTERMEDIÁRIO NEONATAL CONVENCIONAL;2026;4;1,381578947368421;3,892857142857144
MOV;UNIDADE DE CUIDADO INTERMEDIÁRIO NEONATAL CONVENCIONAL;2026;5;1,3392;2,925925925925925
MOV;UNIDADE DE EMERGENCIA - ADMISSAO;2019;1;7,75;
MOV;UNIDADE DE EMERGENCIA - ADMISSAO;2019;2;1,12;
MOV;UNIDADE DE EMERGENCIA - ADMISSAO;2019;3;5,166666666666667;
MOV;UNIDADE DE EMERGENCIA - ADMISSAO;2019;4;3,0;
MOV;UNIDADE DE EMERGENCIA - ADMISSAO;2019;5;6,2;
MOV;UNIDADE DE EMERGENCIA - ADMISSAO;2019;6;15,0;
MOV;UNIDADE DE EMERGENCIA - ADMISSAO;2019;7;3,263157894736842;
MOV;UNIDADE DE EMERGENCIA - ADMISSAO;2019;8;3,72;
MOV;UNIDADE DE EMERGENCIA - ADMISSAO;2019;9;3,75;
MOV;UNIDADE DE EMERGENCIA - ADMISSAO;2019;10;5,166666666666667;
MOV;UNIDADE DE EMERGENCIA - ADMISSAO;2019;11;30,0;
MOV;UNIDADE DE EMERGENCIA - ADMISSAO;2019;12;3,1;
MOV;UNIDADE DE EMERGENCIA - ADMISSAO;2020;1;6,888888888888889;
MOV;UNIDADE DE EMERGENCIA - ADMISSAO;2020;2;7,909090909090909;
MOV;UNIDADE DE EMERGENCIA - ADMISSAO;2020;3;3,72;
MOV;UNIDADE DE EMERGENCIA - ADMISSAO;2020;4;4,285714285714286;
MOV;UNIDADE DE EMERGENCIA - ADMISSAO;2020;5;3,0;
MOV;UNIDADE DE EMERGENCIA - ADMISSAO;2020;6;5,625;
MOV;UNIDADE DE EMERGENCIA - ADMISSAO;2020;7;4,894736842105263;
MOV;UNIDADE DE EMERGENCIA - ADMISSAO;2020;8;8,857142857142858;
MOV;UNIDADE DE EMERGENCIA - ADMISSAO;2020;9;3,870967741935484;
MOV;UNIDADE DE EMERGENCIA - ADMISSAO;2020;10;1,1923076923076923;
MOV;UNIDADE DE EMERGENCIA - ADMISSAO;2020;11;10,909090909090908;
MOV;UNIDADE DE EMERGENCIA - ADMISSAO;2021;1;4,2272727272727275;
MOV;UNIDADE DE EMERGENCIA - ADMISSAO;2021;2;3,111111111111111;
MOV;UNIDADE DE EMERGENCIA - ADMISSAO;2021;3;4,5588235294117645;
MOV;UNIDADE DE EMERGENCIA - ADMISSAO;2021;4;6,666666666666667;
MOV;UNIDADE DE EMERGENCIA - ADMISSAO;2021;5;2,8181818181818183;
MOV;UNIDADE INTEMEDIARIA NEONATAL;2019;1;1,2669220945083015;6,374999999999999
MOV;UNIDADE INTEMEDIARIA NEONATAL;2019;2;1,3580599144079886;6,823529411764706
MOV;UNIDADE INTEMEDIARIA NEONATAL;2019;3;1,3224592220828106;2,6176470588235294
MOV;UNIDADE INTEMEDIARIA NEONATAL;2019;4;2,0105124835742445;1,6078431372549025
MOV;UNIDADE INTEMEDIARIA NEONATAL;2019;5;1,6689098250336474;4,5249999999999995
MOV;UNIDADE INTEMEDIARIA NEONATAL;2019;6;1,4168377823408624;2,0434782608695645
MOV;UNIDADE INTEMEDIARIA NEONATAL;2019;7;1,455968688845401;2,9166666666666665
MOV;UNIDADE INTEMEDIARIA NEONATAL;2019;8;1,5048543689320388;3,3200000000000003
MOV;UNIDADE INTEMEDIARIA NEONATAL;2019;9;1,4081632653061225;5,3478260869565215
MOV;UNIDADE INTEMEDIARIA NEONATAL;2019;10;1,6184738955823292;6,307692307692309
MOV;UNIDADE INTEMEDIARIA NEONATAL;2019;11;1,2857142857142858;5,999999999999999
MOV;UNIDADE INTEMEDIARIA NEONATAL;2019;12;1,9105367793240557;2,96774193548387
MOV;UNIDADE INTEMEDIARIA NEONATAL;2020;1;1,5202558635394456;5,434782608695652
MOV;UNIDADE INTEMEDIARIA NEONATAL;2020;2;0,6531531531531531;12,799999999999997
MOV;UNIDADE INTEMEDIARIA NEONATAL;2020;3;1,2832244008714597;1,0526315789473695
MOV;UNIDADE INTEMEDIARIA NEONATAL;2020;4;1,6595744680851063;2,7692307692307687
MOV;UNIDADE INTEMEDIARIA NEONATAL;2020;5;1,6179540709812108;2,3200000000000007
MOV;UNIDADE INTEMEDIARIA NEONATAL;2020;6;1,6411378555798688;5,4399999999999995
MOV;UNIDADE INTEMEDIARIA NEONATAL;2020;7;1,5965665236051503;4,041666666666667
MOV;UNIDADE INTEMEDIARIA NEONATAL;2020;8;1,3025210084033614;3,6500000000000004
MOV;UNIDADE INTEMEDIARIA NEONATAL;2020;9;1,7067833698030634;5,384615384615385
MOV;UNIDADE INTEMEDIARIA NEONATAL;2020;10;1,0311850311850312;2,7499999999999996
MOV;UNIDADE INTEMEDIARIA NEONATAL;2020;11;1,8103448275862069;2,964285714285714
MOV;UNIDADE INTEMEDIARIA NEONATAL;2020;12;1,7658227848101267;2,7777777777777772
MOV;UNIDADE INTEMEDIARIA NEONATAL;2021;1;1,842887473460722;3,6785714285714293
MOV;UNIDADE INTEMEDIARIA NEONATAL;2021;2;1,3966745843230404;5,238095238095237
MOV;UNIDADE INTEMEDIARIA NEONATAL;2021;3;1,5688259109311742;3,44
MOV;UNIDADE INTEMEDIARIA NEONATAL;2021;4;1,6363636363636365;1,7777777777777783
MOV;UNIDADE INTEMEDIARIA NEONATAL;2021;5;1,9181636726546907;3,8709677419354835
MOV;UNIDADE INTEMEDIARIA NEONATAL;2021;6;2,1784232365145226;2,571428571428571
MOV;UNIDADE INTEMEDIARIA NEONATAL;2021;7;1,6673306772908367;5,3703703703703685
MOV;UNIDADE INTEMEDIARIA NEONATAL;2021;8;1,3531746031746033;4,181818181818182
MOV;UNIDADE INTEMEDIARIA NEONATAL;2021;9;1,4090019569471623;1,2499999999999998
MOV;UNIDADE INTEMEDIARIA NEONATAL;2021;10;1,467455621301775;4,458333333333333
MOV;UNIDADE INTEMEDIARIA NEONATAL;2021;11;1,5495867768595042;4,480000000000001
MOV;UNIDADE INTEMEDIARIA NEONATAL;2021;12;1,6706586826347305;2,9999999999999996
MOV;UNIDADE INTEMEDIARIA NEONATAL;2022;1;1,4875239923224568;4,28
MOV;UNIDADE INTEMEDIARIA NEONATAL;2022;2;0,927536231884058;3,5624999999999987
MOV;UNIDADE INTEMEDIARIA NEONATAL;2022;3;1,2690058479532165;3,8095238095238084
MOV;UNIDADE INTEMEDIARIA NEONATAL;2022;4;1,4784394250513346;4,791666666666666
MOV;UNIDADE INTEMEDIARIA NEONATAL;2022;5;1,3115384615384615;5,999999999999998
MOV;UNIDADE INTEMEDIARIA NEONATAL;2022;6;1,175257731958763;2,8947368421052637
MOV;UNIDADE INTEMEDIARIA NEONATAL;2022;7;1,6939890710382515;1,6
MOV;UNIDADE INTEMEDIARIA NEONATAL;2022;8;1,8468085106382979;0,3571428571428568
MOV;UNIDADE INTEMEDIARIA NEONATAL;2022;9;0,9426987060998152;0,11764705882353084
MOV;UNIDADE INTEMEDIARIA NEONATAL;2022;10;1,1176470588235294;7,789473684210526
MOV;UNIDADE INTEMEDIARIA NEONATAL;2022;11;1,5879017013232515;2,964285714285714
MOV;UNIDADE INTEMEDIARIA NEONATAL;2022;12;1,8030018761726079;4,000000000000001
MOV;UNIDADE INTEMEDIARIA NEONATAL;2023;1;0,8330134357005758;11,071428571428573
MOV;UNIDADE INTEMEDIARIA NEONATAL;2023;2;1,3975044563279857;2,7142857142857135
MOV;UNIDADE INTEMEDIARIA NEONATAL;2023;3;1,85;1,9189189189189193
MOV;UNIDADE INTEMEDIARIA NEONATAL;2023;4;3,176470588235294;1,2222222222222223
MOV;UNIDADE INTERNAÇÃO - ALTO RISCO OBSTETRICO;2019;1;6,800807537012113;1,1226993865030672
MOV;UNIDADE INTERNAÇÃO - ALTO RISCO OBSTETRICO;2019;2;4,222222222222222;0,5087719298245614
MOV;UNIDADE INTERNAÇÃO - ALTO RISCO OBSTETRICO;2019;3;5,425;-0,16071428571428573
MOV;UNIDADE INTERNAÇÃO - ALTO RISCO OBSTETRICO;2019;4;5,7534246575342465;1,0000000000000002
MOV;UNIDADE INTERNAÇÃO - ALTO RISCO OBSTETRICO;2019;5;7,2628571428571425;0,8861788617886179
MOV;UNIDADE INTERNAÇÃO - ALTO RISCO OBSTETRICO;2019;6;5,862068965517241;0,05882352941176486
MOV;UNIDADE INTERNAÇÃO - ALTO RISCO OBSTETRICO;2019;7;5,189130434782609;1,6623376623376627
MOV;UNIDADE INTERNAÇÃO - ALTO RISCO OBSTETRICO;2019;8;6,455012853470437;-0,14814814814814808
MOV;UNIDADE INTERNAÇÃO - ALTO RISCO OBSTETRICO;2019;9;6,902050113895217;0,28712871287128716
MOV;UNIDADE INTERNAÇÃO - ALTO RISCO OBSTETRICO;2019;10;7,9830827067669174;0,0583941605839417
MOV;UNIDADE INTERNAÇÃO - ALTO RISCO OBSTETRICO;2019;11;6,470588235294118;0,36363636363636376
MOV;UNIDADE INTERNAÇÃO - ALTO RISCO OBSTETRICO;2019;12;5,56926406926407;0,6506024096385543
MOV;UNIDADE INTERNAÇÃO - ALTO RISCO OBSTETRICO;2020;1;5,982456140350878;0,7272727272727273
MOV;UNIDADE INTERNAÇÃO - ALTO RISCO OBSTETRICO;2020;2;5,773148148148148;0,3604651162790695
MOV;UNIDADE INTERNAÇÃO - ALTO RISCO OBSTETRICO;2020;3;5,299145299145299;0,47499999999999976
MOV;UNIDADE INTERNAÇÃO - ALTO RISCO OBSTETRICO;2020;4;4,935897435897436;0,6753246753246753
MOV;UNIDADE INTERNAÇÃO - ALTO RISCO OBSTETRICO;2020;5;6,837259100642398;0,699029126213592
MOV;UNIDADE INTERNAÇÃO - ALTO RISCO OBSTETRICO;2020;6;6,53932584269663;0,6082474226804121
MOV;UNIDADE INTERNAÇÃO - ALTO RISCO OBSTETRICO;2020;7;6,838235294117647;0,4380952380952381
MOV;UNIDADE INTERNAÇÃO - ALTO RISCO OBSTETRICO;2020;8;7,461706783369803;1,2818181818181815
MOV;UNIDADE INTERNAÇÃO - ALTO RISCO OBSTETRICO;2020;9;5,512820512820513;1,3488372093023258
MOV;UNIDADE INTERNAÇÃO - ALTO RISCO OBSTETRICO;2020;10;4,017408123791102;0,8059701492537314
MOV;UNIDADE INTERNAÇÃO - ALTO RISCO OBSTETRICO;2020;11;5,8441558441558445;0,1222222222222223
MOV;UNIDADE INTERNAÇÃO - ALTO RISCO OBSTETRICO;2020;12;6,238993710691824;1,0000000000000002
MOV;UNIDADE INTERNAÇÃO - ALTO RISCO OBSTETRICO;2021;1;6,108050847457627;0,6989247311827954
MOV;UNIDADE INTERNAÇÃO - ALTO RISCO OBSTETRICO;2021;2;6,754098360655738;0,6213592233009707
MOV;UNIDADE INTERNAÇÃO - ALTO RISCO OBSTETRICO;2021;3;6,409282700421941;0,3673469387755101
MOV;UNIDADE INTERNAÇÃO - ALTO RISCO OBSTETRICO;2021;4;5,935483870967742;0,1956521739130433
MOV;UNIDADE INTERNAÇÃO - ALTO RISCO OBSTETRICO;2021;5;6,845010615711253;0,12500000000000017
MOV;UNIDADE INTERNAÇÃO - ALTO RISCO OBSTETRICO;2021;6;6,492985971943888;0,6018518518518519
MOV;UNIDADE INTERNAÇÃO - ALTO RISCO OBSTETRICO;2021;7;6,526315789473684;0,93
MOV;UNIDADE INTERNAÇÃO - ALTO RISCO OBSTETRICO;2021;8;6,719836400817996;0,33962264150943383
MOV;UNIDADE INTERNAÇÃO - ALTO RISCO OBSTETRICO;2021;9;6,585365853658536;0,47863247863247854
MOV;UNIDADE INTERNAÇÃO - ALTO RISCO OBSTETRICO;2021;10;5,126923076923077;0,697674418604651
MOV;UNIDADE INTERNAÇÃO - ALTO RISCO OBSTETRICO;2021;11;7,096774193548387;0,20000000000000015
MOV;UNIDADE INTERNAÇÃO - ALTO RISCO OBSTETRICO;2021;12;4,758771929824562;0,7571428571428569
MOV;UNIDADE INTERNAÇÃO - ALTO RISCO OBSTETRICO;2022;1;6,047227926078029;0,43157894736842095
MOV;UNIDADE INTERNAÇÃO - ALTO RISCO OBSTETRICO;2022;2;4,801781737193764;0,05194805194805201
MOV;UNIDADE INTERNAÇÃO - ALTO RISCO OBSTETRICO;2022;3;6,224652087475149;-0,09900990099009907
MOV;UNIDADE INTERNAÇÃO - ALTO RISCO OBSTETRICO;2022;4;6,026200873362446;0,4347826086956521
MOV;UNIDADE INTERNAÇÃO - ALTO RISCO OBSTETRICO;2022;5;6,002127659574468;0,6043956043956041
MOV;UNIDADE INTERNAÇÃO - ALTO RISCO OBSTETRICO;2022;6;6,381578947368421;0,2577319587628866
MOV;UNIDADE INTERNAÇÃO - ALTO RISCO OBSTETRICO;2022;7;6,727069351230425;0,5670103092783507
MOV;UNIDADE INTERNAÇÃO - ALTO RISCO OBSTETRICO;2022;8;5,676056338028169;0,43589743589743596
MOV;UNIDADE INTERNAÇÃO - ALTO RISCO OBSTETRICO;2022;9;5,4672897196261685;0,9743589743589742
MOV;UNIDADE INTERNAÇÃO - ALTO RISCO OBSTETRICO;2022;10;5,120781527531084;1,3763440860215048
MOV;UNIDADE INTERNAÇÃO - ALTO RISCO OBSTETRICO;2022;11;4,3949044585987265;1,2499999999999998
MOV;UNIDADE INTERNAÇÃO - ALTO RISCO OBSTETRICO;2022;12;5,348091603053435;1,4336283185840708
MOV;UNIDADE INTERNAÇÃO - ALTO RISCO OBSTETRICO;2023;1;5,627976190476191;0,918032786885246
MOV;UNIDADE INTERNAÇÃO - ALTO RISCO OBSTETRICO;2023;2;5,364705882352941;1,43859649122807
MOV;UNIDADE INTERNAÇÃO - ALTO RISCO OBSTETRICO;2023;3;5,281847133757962;0,3925233644859811
MOV;UNIDADE INTERNAÇÃO - ALTO RISCO OBSTETRICO;2023;4;8,313253012048193;0,6086956521739132
MOV;UNIDADE INTERNAÇÃO - CLINICA CIRURGICA;2021;9;5,454545454545454;3,5
MOV;UNIDADE INTERNAÇÃO - CLINICA CIRURGICA;2021;10;7,324175824175824;1,6744186046511627
MOV;UNIDADE INTERNAÇÃO - CLINICA CIRURGICA;2021;11;11,13314447592068;0,7328244274809161
MOV;UNIDADE INTERNAÇÃO - CLINICA CIRURGICA;2021;12;10,813953488372093;1,1833333333333336
MOV;UNIDADE INTERNAÇÃO - CLINICA CIRURGICA;2022;1;6,964383561643835;1,1585365853658536
MOV;UNIDADE INTERNAÇÃO - CLINICA CIRURGICA;2022;2;9,91304347826087;0,9736842105263157
MOV;UNIDADE INTERNAÇÃO - CLINICA CIRURGICA;2022;3;10,333333333333334;0,8292682926829267
MOV;UNIDADE INTERNAÇÃO - CLINICA CIRURGICA;2022;4;8,022284122562674;1,2916666666666665
MOV;UNIDADE INTERNAÇÃO - CLINICA CIRURGICA;2022;5;10,463476070528968;0,4477611940298506
MOV;UNIDADE INTERNAÇÃO - CLINICA CIRURGICA;2022;6;10,64;0,6541353383458648
MOV;UNIDADE INTERNAÇÃO - CLINICA CIRURGICA;2022;7;11,156593406593407;0,5877862595419845
MOV;UNIDADE INTERNAÇÃO - CLINICA CIRURGICA;2022;8;10,710674157303371;0,8373983739837398
MOV;UNIDADE INTERNAÇÃO - CLINICA CIRURGICA;2022;9;9,585798816568047;0,9722222222222225
MOV;UNIDADE INTERNAÇÃO - CLINICA CIRURGICA;2022;10;8,880636604774535;0,7777777777777779
MOV;UNIDADE INTERNAÇÃO - CLINICA CIRURGICA;2022;11;10,445682451253482;0,7920000000000003
MOV;UNIDADE INTERNAÇÃO - CLINICA CIRURGICA;2022;12;10,162534435261708;0,7647058823529412
MOV;UNIDADE INTERNAÇÃO - CLINICA CIRURGICA;2023;1;8,64343163538874;0,9326923076923077
MOV;UNIDADE INTERNAÇÃO - CLINICA CIRURGICA;2023;2;7,796407185628743;0,9032258064516129
MOV;UNIDADE INTERNAÇÃO - CLINICA CIRURGICA;2023;3;11,121468926553673;0,19685039370078727
MOV;UNIDADE INTERNAÇÃO - CLINICA CIRURGICA;2023;4;15,0;0,4799999999999999
MOV;UNIDADE INTERNAÇÃO - GINECOLOGIA CIRÚRGICA UCC;2019;1;7,321276595744681;0,5585585585585586
MOV;UNIDADE INTERNAÇÃO - GINECOLOGIA CIRÚRGICA UCC;2019;2;10,666666666666666;0,42187500000000006
MOV;UNIDADE INTERNAÇÃO - GINECOLOGIA CIRÚRGICA UCC;2019;3;11,54727793696275;0,42307692307692296
MOV;UNIDADE INTERNAÇÃO - GINECOLOGIA CIRÚRGICA UCC;2019;4;12,325581395348838;0,7264150943396225
MOV;UNIDADE INTERNAÇÃO - GINECOLOGIA CIRÚRGICA UCC;2019;5;11,74736842105263;0,5833333333333335
MOV;UNIDADE INTERNAÇÃO - GINECOLOGIA CIRÚRGICA UCC;2019;6;11,75;0,8297872340425535
MOV;UNIDADE INTERNAÇÃO - GINECOLOGIA CIRÚRGICA UCC;2019;7;12,276353276353277;0,8057553956834533
MOV;UNIDADE INTERNAÇÃO - GINECOLOGIA CIRÚRGICA UCC;2019;8;11,0;0,931818181818182
MOV;UNIDADE INTERNAÇÃO - GINECOLOGIA CIRÚRGICA UCC;2019;9;11,764705882352942;0,6714285714285713
MOV;UNIDADE INTERNAÇÃO - GINECOLOGIA CIRÚRGICA UCC;2019;10;11,119565217391305;0,9242424242424243
MOV;UNIDADE INTERNAÇÃO - GINECOLOGIA CIRÚRGICA UCC;2019;11;12,893982808022923;0,47333333333333344
MOV;UNIDADE INTERNAÇÃO - GINECOLOGIA CIRÚRGICA UCC;2019;12;9,185185185185185;0,9374999999999998
MOV;UNIDADE INTERNAÇÃO - GINECOLOGIA CIRÚRGICA UCC;2020;1;9,825136612021858;0,939655172413793
MOV;UNIDADE INTERNAÇÃO - GINECOLOGIA CIRÚRGICA UCC;2020;2;11,53314121037464;0,4130434782608697
MOV;UNIDADE INTERNAÇÃO - GINECOLOGIA CIRÚRGICA UCC;2020;3;9,991735537190083;0,9829059829059831
MOV;UNIDADE INTERNAÇÃO - GINECOLOGIA CIRÚRGICA UCC;2020;4;8,023255813953488;1,4130434782608694
MOV;UNIDADE INTERNAÇÃO - GINECOLOGIA CIRÚRGICA UCC;2020;5;8,266666666666667;1,5
MOV;UNIDADE INTERNAÇÃO - GINECOLOGIA CIRÚRGICA UCC;2020;6;8,303571428571429;1,4623655913978493
MOV;UNIDADE INTERNAÇÃO - GINECOLOGIA CIRÚRGICA UCC;2020;7;8,12112676056338;1,419354838709677
MOV;UNIDADE INTERNAÇÃO - GINECOLOGIA CIRÚRGICA UCC;2020;8;8,454545454545455;1,6145833333333335
MOV;UNIDADE INTERNAÇÃO - GINECOLOGIA CIRÚRGICA UCC;2020;9;9,43620178041543;1,4150943396226419
MOV;UNIDADE INTERNAÇÃO - GINECOLOGIA CIRÚRGICA UCC;2020;10;8,991712707182321;1,3047619047619046
MOV;UNIDADE INTERNAÇÃO - GINECOLOGIA CIRÚRGICA UCC;2020;11;10,647887323943662;0,8412698412698411
MOV;UNIDADE INTERNAÇÃO - GINECOLOGIA CIRÚRGICA UCC;2020;12;9,220963172804533;1,657142857142857
MOV;UNIDADE INTERNAÇÃO - GINECOLOGIA CIRÚRGICA UCC;2021;1;9,740437158469945;0,8347826086956521
MOV;UNIDADE INTERNAÇÃO - GINECOLOGIA CIRÚRGICA UCC;2021;2;9,595015576323988;0,9636363636363635
MOV;UNIDADE INTERNAÇÃO - GINECOLOGIA CIRÚRGICA UCC;2021;3;10,677777777777777;0,7580645161290321
MOV;UNIDADE INTERNAÇÃO - GINECOLOGIA CIRÚRGICA UCC;2021;4;10,086206896551724;0,7435897435897438
MOV;UNIDADE INTERNAÇÃO - GINECOLOGIA CIRÚRGICA UCC;2021;5;10,333333333333334;0,7333333333333333
MOV;UNIDADE INTERNAÇÃO - GINECOLOGIA CIRÚRGICA UCC;2021;6;10,411764705882353;0,8220338983050848
MOV;UNIDADE INTERNAÇÃO - GINECOLOGIA CIRÚRGICA UCC;2021;7;9,358490566037736;1,2232142857142856
MOV;UNIDADE INTERNAÇÃO - GINECOLOGIA CIRÚRGICA UCC;2021;8;10,854111405835544;0,5303030303030305
MOV;UNIDADE INTERNAÇÃO - GINECOLOGIA CIRÚRGICA UCC;2021;9;11,837349397590362;0,9694656488549617
MOV;UNIDADE INTERNACAO ALTO-RISCO OBSTETRICO;2023;11;25,916230366492147;-2,8484848484848486
MOV;UNIDADE INTERNACAO ALTO-RISCO OBSTETRICO;2023;12;7,166446499339498;0,3257142857142856
MOV;UNIDADE INTERNACAO ALTO-RISCO OBSTETRICO;2024;1;5,221631205673759;0,6210526315789475
MOV;UNIDADE INTERNACAO ALTO-RISCO OBSTETRICO;2024;2;6,497528830313015;0,5367647058823529
MOV;UNIDADE INTERNACAO ALTO-RISCO OBSTETRICO;2024;3;7,583690987124464;0,17543859649122817
MOV;UNIDADE INTERNACAO ALTO-RISCO OBSTETRICO;2024;4;7,147651006711409;0,32394366197183094
MOV;UNIDADE INTERNACAO ALTO-RISCO OBSTETRICO;2024;5;7,258205689277899;-0,2523364485981307
MOV;UNIDADE INTERNACAO ALTO-RISCO OBSTETRICO;2024;6;6,8008474576271185;-0,12149532710280407
MOV;UNIDADE INTERNACAO ALTO-RISCO OBSTETRICO;2024;7;7,766454352441613;0,4237288135593222
MOV;UNIDADE INTERNACAO ALTO-RISCO OBSTETRICO;2024;8;6,099391480730223;0,22680412371134046
MOV;UNIDADE INTERNACAO ALTO-RISCO OBSTETRICO;2024;9;6,978131212723658;0,15384615384615366
MOV;UNIDADE INTERNACAO ALTO-RISCO OBSTETRICO;2024;10;6,062222222222222;0,6136363636363634
MOV;UNIDADE INTERNACAO ALTO-RISCO OBSTETRICO;2024;11;5,560975609756097;0,14473684210526327
MOV;UNIDADE INTERNACAO ALTO-RISCO OBSTETRICO;2024;12;7,619747899159663;0,40170940170940184
MOV;UNIDADE INTERNACAO ALTO-RISCO OBSTETRICO;2025;1;6,345415778251599;0,0729166666666667
MOV;UNIDADE INTERNACAO ALTO-RISCO OBSTETRICO;2025;2;5,103448275862069;-0,2837837837837838
MOV;UNIDADE INTERNACAO ALTO-RISCO OBSTETRICO;2025;3;9,484599589322382;-0,2080536912751677
MOV;UNIDADE INTERNACAO ALTO-RISCO OBSTETRICO;2025;4;6,423982869379015;-0,2000000000000002
MOV;UNIDADE INTERNACAO ALTO-RISCO OBSTETRICO;2025;5;6,867088607594937;0,0
MOV;UNIDADE INTERNACAO ALTO-RISCO OBSTETRICO;2025;6;7,354838709677419;0,28070175438596473
MOV;UNIDADE INTERNACAO ALTO-RISCO OBSTETRICO;2025;7;6,741869918699187;0,04672897196261684
MOV;UNIDADE INTERNACAO ALTO-RISCO OBSTETRICO;2025;8;6,2;0,13978494623655932
MOV;UNIDADE INTERNACAO ALTO-RISCO OBSTETRICO;2025;9;6,903225806451613;0,14953271028037374
MOV;UNIDADE INTERNACAO ALTO-RISCO OBSTETRICO;2025;10;7,0;0,0380952380952381
MOV;UNIDADE INTERNACAO ALTO-RISCO OBSTETRICO;2025;11;5,9038901601830664;0,24418604651162815
MOV;UNIDADE INTERNACAO ALTO-RISCO OBSTETRICO;2025;12;6,427645788336933;0,24999999999999992
MOV;UNIDADE INTERNACAO ALTO-RISCO OBSTETRICO;2026;1;6,174004192872117;0,19999999999999987
MOV;UNIDADE INTERNACAO ALTO-RISCO OBSTETRICO;2026;2;6,730769230769231;0,1600000000000002
MOV;UNIDADE INTERNACAO ALTO-RISCO OBSTETRICO;2026;3;6,512035010940919;0,23958333333333356
MOV;UNIDADE INTERNACAO ALTO-RISCO OBSTETRICO;2026;4;6,428571428571429;0,1874999999999998
MOV;UNIDADE INTERNACAO ALTO-RISCO OBSTETRICO;2026;5;6,567796610169491;0,23999999999999988
MOV;UNIDADE URGENCIA/EMERGENCIA;2021;6;1,0909090909090908;
MOV;UNIDADE URGENCIA/EMERGENCIA;2021;7;0,8378378378378378;
MOV;UNIDADE URGENCIA/EMERGENCIA;2021;8;3,5428571428571427;
MOV;UNIDADE URGENCIA/EMERGENCIA;2021;9;0,7142857142857143;
MOV;UNIDADE URGENCIA/EMERGENCIA;2021;10;1,4761904761904763;
MOV;UNIDADE URGENCIA/EMERGENCIA;2021;11;3,4615384615384617;
MOV;UNIDADE URGENCIA/EMERGENCIA;2021;12;2,0217391304347827;
MOV;UNIDADE URGENCIA/EMERGENCIA;2022;1;7,75;
MOV;UNIDADE URGENCIA/EMERGENCIA;2022;2;5,894736842105263;
MOV;UNIDADE URGENCIA/EMERGENCIA;2022;3;15,5;
MOV;UNIDADE URGENCIA/EMERGENCIA;2022;4;5,806451612903226;
MOV;UNIDADE URGENCIA/EMERGENCIA;2022;5;3,1449275362318843;
MOV;UNIDADE URGENCIA/EMERGENCIA;2022;6;4,0;
MOV;UNIDADE URGENCIA/EMERGENCIA;2022;7;2,4473684210526314;
MOV;UNIDADE URGENCIA/EMERGENCIA;2022;8;0,5;
MOV;UNIDADE URGENCIA/EMERGENCIA;2022;9;9,23076923076923;
MOV;UNIDADE URGENCIA/EMERGENCIA;2022;10;6,340909090909091;
MOV;UNIDADE URGENCIA/EMERGENCIA;2022;11;6,27906976744186;
MOV;UNIDADE URGENCIA/EMERGENCIA;2022;12;3,6470588235294117;
MOV;UNIDADE URGENCIA/EMERGENCIA;2023;1;4,428571428571429;
MOV;UNIDADE URGENCIA/EMERGENCIA;2023;2;2,731707317073171;
MOV;UNIDADE URGENCIA/EMERGENCIA;2023;3;4,158536585365853;
MOV;UNIDADE URGÊNCIA/EMERGÊNCIA - INTERNAÇÃO;2023;11;12,631578947368421;
MOV;UNIDADE URGÊNCIA/EMERGÊNCIA - INTERNAÇÃO;2023;12;3,90990990990991;
MOV;UNIDADE URGÊNCIA/EMERGÊNCIA - INTERNAÇÃO;2024;1;6,366071428571429;
MOV;UNIDADE URGÊNCIA/EMERGÊNCIA - INTERNAÇÃO;2024;2;5,853211009174312;
MOV;UNIDADE URGÊNCIA/EMERGÊNCIA - INTERNAÇÃO;2024;3;5,4036697247706424;
MOV;UNIDADE URGÊNCIA/EMERGÊNCIA - INTERNAÇÃO;2024;4;10,12987012987013;
MOV;UNIDADE URGÊNCIA/EMERGÊNCIA - INTERNAÇÃO;2024;5;4,333333333333333;
MOV;UNIDADE URGÊNCIA/EMERGÊNCIA - INTERNAÇÃO;2024;6;4,5;
MOV;UNIDADE URGÊNCIA/EMERGÊNCIA - INTERNAÇÃO;2024;7;8,423913043478262;
MOV;UNIDADE URGÊNCIA/EMERGÊNCIA - INTERNAÇÃO;2024;8;5,224719101123595;
MOV;UNIDADE URGÊNCIA/EMERGÊNCIA - INTERNAÇÃO;2024;9;3,904109589041096;
MOV;UNIDADE URGÊNCIA/EMERGÊNCIA - INTERNAÇÃO;2024;10;8,857142857142858;
MOV;UNIDADE URGÊNCIA/EMERGÊNCIA - INTERNAÇÃO;2024;11;7,764705882352941;
MOV;UNIDADE URGÊNCIA/EMERGÊNCIA - INTERNAÇÃO;2024;12;7,153846153846154;
MOV;UNIDADE URGÊNCIA/EMERGÊNCIA - INTERNAÇÃO;2025;1;6,4;
MOV;UNIDADE URGÊNCIA/EMERGÊNCIA - INTERNAÇÃO;2025;2;6,6902654867256635;
MOV;UNIDADE URGÊNCIA/EMERGÊNCIA - INTERNAÇÃO;2025;3;6,673611111111111;
MOV;UNIDADE URGÊNCIA/EMERGÊNCIA - INTERNAÇÃO;2025;4;7,222222222222222;
MOV;UNIDADE URGÊNCIA/EMERGÊNCIA - INTERNAÇÃO;2025;5;3,6831683168316833;
MOV;UNIDADE URGÊNCIA/EMERGÊNCIA - INTERNAÇÃO;2025;6;1,2765957446808511;
MOV;UNIDADE URGÊNCIA/EMERGÊNCIA - INTERNAÇÃO;2025;7;1,2329545454545454;
MOV;UNIDADE URGÊNCIA/EMERGÊNCIA - INTERNAÇÃO;2025;8;4,218934911242603;
MOV;UNIDADE URGÊNCIA/EMERGÊNCIA - INTERNAÇÃO;2025;9;6,0;
MOV;UNIDADE URGÊNCIA/EMERGÊNCIA - INTERNAÇÃO;2025;10;10,941176470588236;
MOV;UNIDADE URGÊNCIA/EMERGÊNCIA - INTERNAÇÃO;2025;11;5,2;
MOV;UNIDADE URGÊNCIA/EMERGÊNCIA - INTERNAÇÃO;2025;12;9,42156862745098;
MOV;UNIDADE URGÊNCIA/EMERGÊNCIA - INTERNAÇÃO;2026;1;5,0859375;
MOV;UNIDADE URGÊNCIA/EMERGÊNCIA - INTERNAÇÃO;2026;2;3,6601307189542482;
MOV;UNIDADE URGÊNCIA/EMERGÊNCIA - INTERNAÇÃO;2026;3;3,3045685279187818;
MOV;UNIDADE URGÊNCIA/EMERGÊNCIA - INTERNAÇÃO;2026;4;2,857142857142857;
MOV;UNIDADE URGÊNCIA/EMERGÊNCIA - INTERNAÇÃO;2026;5;5,377551020408164;
MOV;UTI;2019;1;2,325;4,333333333333333
MOV;UTI;2019;2;2,4444444444444446;3,8636363636363638
MOV;UTI;2019;3;1,976510067114094;5,473684210526318
MOV;UTI;2019;4;2,6;5,192307692307692
MOV;UTI;2019;5;1,4;5,571428571428571
MOV;UTI;2019;6;1,6;7,374999999999999
MOV;UTI;2019;7;2,779310344827586;3,807692307692308
MOV;UTI;2019;8;2,8;3,7500000000000004
MOV;UTI;2019;9;1,7;6,352941176470589
MOV;UTI;2019;10;2,375;6,631578947368421
MOV;UTI;2019;11;2,5;4,416666666666667
MOV;UTI;2019;12;2,779310344827586;4,500000000000001
MOV;UTI;2020;1;2,3926174496644297;4,347826086956521
MOV;UTI;2020;2;2,3;3,7826086956521743
MOV;UTI;2020;3;2,8;4,2142857142857135
MOV;UTI;2020;4;1,4;11,357142857142858
MOV;UTI;2020;5;2,221498371335505;4,000000000000001
MOV;UTI;2020;6;2,6;2,538461538461538
MOV;UTI;2020;7;1,7;5,117647058823529
MOV;UTI;2020;8;1,2;10,166666666666666
MOV;UTI;2020;9;0,5;45,39999999999999
MOV;UTI;2020;10;1,1;18,636363636363637
MOV;UTI;2020;11;0,6;31,833333333333336
MOV;UTI;2020;12;0,6;26,33333333333334
MOV;UTI;2021;1;1,5;7,933333333333334
MOV;UTI;2021;2;1,1;17,090909090909093
MOV;UTI;2021;3;0,8;15,125000000000004
MOV;UTI;2021;4;1,7;3,4117647058823533
MOV;UTI;2021;5;0,8;12,124999999999998
MOV;UTI;2021;6;1,1;10,090909090909092
MOV;UTI;2021;7;0,6;28,833333333333332
MOV;UTI;2021;8;1,3;10,307692307692308
MOV;UTI;2021;9;0,4;53,99999999999999
MOV;UTI;2021;10;1,3;15,307692307692303
MOV;UTI;2021;11;1,3;12,076923076923077
MOV;UTI;2021;12;1,1;13,81818181818182
MOV;UTI;2022;1;1,0;19,600000000000005
MOV;UTI;2022;2;1,6;8,062500000000002
MOV;UTI;2022;3;2,1;7,000000000000002
MOV;UTI;2022;4;2,2;7,227272727272728
MOV;UTI;2022;5;1,6;9,625000000000002
MOV;UTI;2022;6;1,6;9,624999999999998
MOV;UTI;2022;7;1,9;6,315789473684211
MOV;UTI;2022;8;1,9;7,3684210526315805
MOV;UTI;2022;9;1,75;6,1428571428571415
MOV;UTI - ADULTO;2022;9;1,0;13,333333333333332
MOV;UTI - ADULTO;2022;10;1,7;9,647058823529411
MOV;UTI - ADULTO;2022;11;2,5;6,199999999999999
MOV;UTI - ADULTO;2022;12;2,6956521739130435;5,230769230769231
MOV;UTI - ADULTO;2023;1;1,6666666666666667;10,799999999999997
MOV;UTI - ADULTO;2023;2;1,8888888888888888;7,8235294117647065
MOV;UTI - ADULTO;2023;3;2,7777777777777777;4,96
MOV;UTI - ADULTO;2023;4;16,5;-4,318181818181818
MOV;UTI - ADULTO;2023;11;10,125;-3,6666666666666665
MOV;UTI - ADULTO;2023;12;2,6;5,576923076923077
MOV;UTI - ADULTO;2024;1;3,8;2,236842105263158
MOV;UTI - ADULTO;2024;2;2,7;2,814814814814814
MOV;UTI - ADULTO;2024;3;1,8;4,277777777777779
MOV;UTI - ADULTO;2024;4;2,0;4,1
MOV;UTI - ADULTO;2024;5;2,4;2,7499999999999996
MOV;UTI - ADULTO;2024;6;3,6241610738255035;2,7777777777777772
MOV;UTI - ADULTO;2024;7;1,989864864864865;5,421052631578949
MOV;UTI - ADULTO;2024;8;2,8;3,0
MOV;UTI - ADULTO;2024;9;2,5;3,7200000000000006
MOV;UTI - ADULTO;2024;10;3,2;2,968749999999999
MOV;UTI - ADULTO;2024;11;3,2;3,0312500000000004
MOV;UTI - ADULTO;2024;12;2,3;4,347826086956522
MOV;UTI - ADULTO;2025;1;3,3;2,818181818181819
MOV;UTI - ADULTO;2025;2;2,8;4,071428571428572
MOV;UTI - ADULTO;2025;3;2,9;3,379310344827587
MOV;UTI - ADULTO;2025;4;2,6;2,7692307692307696
MOV;UTI - ADULTO;2025;5;2,4;3,2083333333333335
MOV;UTI - ADULTO;2025;6;1,6;4,5
MOV;UTI - ADULTO;2025;7;1,7;3,705882352941177
MOV;UTI - ADULTO;2025;8;2,1;3,619047619047618
MOV;UTI - ADULTO;2025;9;2,7;3,259259259259259
MOV;UTI - ADULTO;2025;10;2,3;5,217391304347825
MOV;UTI - ADULTO;2025;11;2,1;5,0
MOV;UTI - ADULTO;2025;12;2,6;4,269230769230769
MOV;UTI - ADULTO;2026;1;2,7;2,814814814814814
MOV;UTI - ADULTO;2026;2;3,0;3,1666666666666674
MOV;UTI - ADULTO;2026;3;1,7;3,5294117647058836
MOV;UTI - ADULTO;2026;4;2,5;2,9199999999999995
MOV;UTI - ADULTO;2026;5;2,6;3,8846153846153846
MOV;UTI - NEONATAL;2021;6;0,15584415584415584;34,00000000000001
MOV;UTI - NEONATAL;2021;7;0,9504716981132075;5,384615384615384
MOV;UTI - NEONATAL;2021;8;0,2043956043956044;-0,33333333333332155
MOV;UTI - NEONATAL;2021;9;0,1405152224824356;1,4999999999999947
MOV;UTI - NEONATAL;2021;10;0,14726840855106887;45,0
MOV;UTI - NEONATAL;2021;11;0,42755344418052255;7,1666666666666705
MOV;UTI - NEONATAL;2021;12;0,4386792452830189;4,833333333333337
MOV;UTI - NEONATAL;2022;1;0,21232876712328766;6,999999999999999
MOV;UTI - NEONATAL;2022;2;0,07088607594936709;-2,9999999999999893
MOV;UTI - NEONATAL;2022;3;0,07398568019093078;29,000000000000004
MOV;UTI - NEONATAL;2022;4;0,22058823529411764;12,0
MOV;UTI - NEONATAL;2022;5;0,4376470588235294;10,83333333333333
MOV;UTI - NEONATAL;2022;6;0,2102803738317757;14,333333333333341
MOV;UTI - NEONATAL;2022;7;0,38193018480492813;18,16666666666666
MOV;UTI - NEONATAL;2022;8;0,11742424242424243;41,49999999999999
MOV;UTI - NEONATAL;2022;9;0,2843601895734597;13,749999999999995
MOV;UTI - NEONATAL;2022;10;0,08683473389355742;23,000000000000007
MOV;UTI - NEONATAL;2022;11;0,345821325648415;3,0000000000000027
MOV;UTI - NEONATAL;2023;1;0,27555555555555555;6,999999999999999
MOV;UTI - NEONATAL;2023;2;0,13333333333333333;6,4999999999999964
MOV;UTI - NEONATAL;2023;3;0,26215644820295986;-13,750000000000007
MOV;UTI - NEONATAL;2023;4;0,9090909090909091;-7,000000000000001
MOV;UTI - NEONATAL;2023;11;0,234375;-14,0
MOV;UTI - NEONATAL;2023;12;0,1203883495145631;76,00000000000001
MOV;UTI - NEONATAL;2024;1;0,060546875;163,0
MOV;UTI - NEONATAL;2024;2;0,11530815109343936;66,0
MOV;UTI - NEONATAL;2024;3;0,16878402903811252;55,333333333333336
MOV;UTI - NEONATAL;2024;4;0,32894736842105265;37,4
MOV;UTI - NEONATAL;2024;5;0,2877030162412993;44,25000000000001
MOV;UTI - NEONATAL;2024;6;0,15151515151515152;21,499999999999996
MOV;UTI - NEONATAL;2024;8;0,056672760511883;170,00000000000003
MOV;UTI - NEONATAL;2024;9;0,15100671140939598;55,333333333333336
MOV;UTI - NEONATAL;2024;10;0,3034257748776509;26,83333333333333
MOV;UTI - NEONATAL;2024;11;0,3;21,33333333333334
MOV;UTI - NEONATAL;2024;12;0,15474209650582363;32,66666666666666
MOV;UTI - NEONATAL;2025;1;0,3569078947368421;10,714285714285708
MOV;UTI - NEONATAL;2025;2;0,5072463768115942;6,000000000000003
MOV;UTI - NEONATAL;2025;3;0,2667814113597246;11,000000000000002
MOV;UTI - NEONATAL;2025;4;0,3710247349823322;7,571428571428572
MOV;UTI - NEONATAL;2025;5;0,21490467937608318;20,250000000000007
MOV;UTI - NEONATAL;2025;6;0,3015075376884422;10,833333333333332
MOV;UTI - NEONATAL;2025;7;0,15;28,666666666666657
MOV;UTI - NEONATAL;2025;8;0,25;17,0
MOV;UTI - NEONATAL;2025;9;0,3;40,666666666666664
MOV;UTI - NEONATAL;2025;10;0,1;108,99999999999997
MOV;UTI - NEONATAL;2025;11;0,15151515151515152;33,333333333333336
MOV;UTI - NEONATAL;2025;12;0,25577557755775576;13,199999999999998
MOV;UTI - NEONATAL;2026;1;0,3014586709886548;10,333333333333337
MOV;UTI - NEONATAL;2026;2;0,4014336917562724;6,000000000000003
MOV;UTI - NEONATAL;2026;3;0,3511326860841424;17,285714285714278
MOV;UTI - NEONATAL;2026;4;0,25;12,999999999999993
MOV;UTI - NEONATAL;2026;5;0,15097402597402598;39,00000000000001
MOV;UTI - NEONATAL E PEDIATRICO;2019;1;0,10472972972972973;11,99999999999999
MOV;UTI - NEONATAL E PEDIATRICO;2019;2;0,15613382899628253;-1,3333333333333288
MOV;UTI - NEONATAL E PEDIATRICO;2019;3;0,25833333333333336;-0,8000000000000076
MOV;UTI - NEONATAL E PEDIATRICO;2019;4;0,050761421319796954;5,000000000000022
MOV;UTI - NEONATAL E PEDIATRICO;2019;5;0,5183946488294314;-0,5000000000000048
MOV;UTI - NEONATAL E PEDIATRICO;2019;6;0,2898550724637681;4,249999999999996
MOV;UTI - NEONATAL E PEDIATRICO;2019;7;0,34831460674157305;-4,400000000000006
MOV;UTI - NEONATAL E PEDIATRICO;2019;8;0,22962962962962963;22,99999999999999
MOV;UTI - NEONATAL E PEDIATRICO;2019;9;0,3053435114503817;15,25
MOV;UTI - NEONATAL E PEDIATRICO;2019;10;0,30617283950617286;30,499999999999993
MOV;UTI - NEONATAL E PEDIATRICO;2019;11;0,1477832512315271;32,999999999999986
MOV;UTI - NEONATAL E PEDIATRICO;2019;12;0,458128078817734;7,833333333333333
MOV;UTI - NEONATAL E PEDIATRICO;2020;1;0,22962962962962963;20,666666666666668
MOV;UTI - NEONATAL E PEDIATRICO;2020;2;0,07360406091370558;42,99999999999998
MOV;UTI - NEONATAL E PEDIATRICO;2020;3;0,21478060046189376;-0,666666666666673
MOV;UTI - NEONATAL E PEDIATRICO;2020;4;0,20785219399538107;8,666666666666664
MOV;UTI - NEONATAL E PEDIATRICO;2020;5;0,26666666666666666;19,499999999999996
MOV;UTI - NEONATAL E PEDIATRICO;2020;6;0,1978021978021978;35,33333333333333
MOV;UTI - NEONATAL E PEDIATRICO;2020;7;0,19456066945606695;28,333333333333325
MOV;UTI - NEONATAL E PEDIATRICO;2020;8;0,13247863247863248;38,99999999999999
MOV;UTI - NEONATAL E PEDIATRICO;2020;9;0,2564102564102564;37,0
MOV;UTI - NEONATAL E PEDIATRICO;2020;10;0,12424849699398798;43,999999999999986
MOV;UTI - NEONATAL E PEDIATRICO;2020;11;0,12345679012345678;37,99999999999999
MOV;UTI - NEONATAL E PEDIATRICO;2020;12;0,496;15,375
MOV;UTI - NEONATAL E PEDIATRICO;2021;2;0,3111111111111111;20,799999999999997
MOV;UTI - NEONATAL E PEDIATRICO;2021;3;0,06873614190687362;16,000000000000018
MOV;UTI - NEONATAL E PEDIATRICO;2021;4;0,0683371298405467;0,9999999999999964
MOV;UTI - NEONATAL E PEDIATRICO;2021;5;0,1393258426966292;32,000000000000014
